text,intent
Hi,greeting
Hi bma,greeting
Hi there,greeting
Hi friend,greeting
Hello,greeting
Hello there,greeting
Hello friend,greeting
Hey,greeting
Hey bma,greeting
Hey there,greeting
Hey friend,greeting
Hey there bma,greeting
Hey there there,greeting
Hey there friend,greeting
Hi there friend,greeting
Hello bma,greeting
Hello bma there,greeting
Hello bma friend,greeting
Yo,greeting
Salomo alykoum,greeting
Yo there,greeting
Yo friend,greeting
Hiya,greeting
Hiya bma,greeting
Hiya there,greeting
Good to see you there,greeting
Good to see you friend,greeting
Is anyone there,greeting
Is anyone there bma,greeting
Is anyone there friend,greeting
Hello friend bma,greeting
Hello friend there,greeting
Howdy,greeting
Howdy bma,greeting
Howdy there,greeting
Howdy friend,greeting
Sup,greeting
Sup bma,greeting
Sup there,greeting
Sup friend,greeting
Heya,greeting
Heya bma,greeting
Heya there,greeting
Heya friend,greeting
Hellooo,greeting
Hello bro,greeting
Hi bot,greeting
Hi bot there,greeting
Hey bot,greeting
"Hey, how are you?",greeting
Hey bot there,greeting
Good to see you,greeting
What’s up?,greeting
Hi friend there,greeting
Hi friend friend,greeting
Greetings,greeting
Greetings bma,greeting
Greetings there,greeting
Greetings friend,greeting
Hey you,greeting
Hey you bma,greeting
Hey you there,greeting
Hey you friend,greeting
"Hello, anyone here?",greeting
Hi bma there,greeting
Good morning,morning
Hey good morning,morning
Morning,morning
Hey morning,morning
Morning bma,morning
Morning bot,morning
Hey good morning bot,morning
Gm,morning
Hey gm,morning
Gm bma,morning
Gm bot,morning
Hey good morning bma,morning
Hello morning,morning
Hey hello morning,morning
Hello morning bma,morning
Hello morning bot,morning
Top of the morning to you,morning
Hey top of the morning to you,morning
Top of the morning to you bma,morning
Top of the morning to you bot,morning
Morning friend,morning
Hey morning friend,morning
Morning friend bma,morning
Morning friend bot,morning
Gmornin,morning
Hey gmornin,morning
Gmornin bma,morning
Gmornin bot,morning
Top of the morning,morning
Hey top of the morning,morning
Top of the morning bma,morning
Top of the morning bot,morning
Top of the morning to u,morning
Top of the morning to u bma,morning
Sbah lkhir,morning
Top of the morning to u please,morning
Hey gm bot,morning
Gm please,morning
Top of the morning to u bot for me,morning
Top of the morning to you bot please,morning
Hey hey morning,morning
Gm for me,morning
Gm bot briefly,morning
Hey hello morning bma,morning
Top of the morning to you bot please bma,morning
Morning bma clearly,morning
Morning bma in simple words,morning
Gmornin bma clearly,morning
Hey morning for me,morning
Top of the morning to you please,morning
Morning bma in simple words bma,morning
Hello morning in simple words,morning
Hey morning friend bot,morning
Hey gmornin bma,morning
Hey top of the morning to u briefly,morning
Morning clearly,morning
Gmornin bma briefly,morning
Hey morning friend bot bma,morning
Good afternoon,afternoon
Hey good afternoon,afternoon
Afternoon,afternoon
Hey afternoon,afternoon
Afternoon bot,afternoon
Hello this afternoon,afternoon
Hey hello this afternoon,afternoon
Hey hey good afternoon,afternoon
Hey good afternoon bot,afternoon
Hey afternoon bma,afternoon
Afternoon bma bot,afternoon
Hello afternoon,afternoon
Hey hello afternoon,afternoon
Hello afternoon bma,afternoon
Hello afternoon bot,afternoon
Good day,afternoon
Hey good day,afternoon
Good day bma,afternoon
Good day bot,afternoon
Hey hey afternoon,afternoon
Hey afternoon bot,afternoon
Hey hey good afternoon bot,afternoon
Afternoon briefly,afternoon
Afternoon bot bma,afternoon
Hey good day bot,afternoon
Good day bot bma,afternoon
Hey good afternoon bot for me,afternoon
Hey good day bot please,afternoon
Afternoon bot briefly,afternoon
Hey afternoon bot clearly,afternoon
Good day bma bot,afternoon
Afternoon bot briefly please,afternoon
Hey good day bot please bma,afternoon
Hello afternoon bot in simple words,afternoon
Hey hey afternoon bot,afternoon
Afternoon briefly in simple words,afternoon
Hey good day bot bma,afternoon
Good day bot bma in simple words,afternoon
Hey hey good day bot please bma,afternoon
Hey hello this afternoon bma,afternoon
Hello this afternoon bma for me,afternoon
Hello afternoon bma bot,afternoon
Hey good afternoon in simple words,afternoon
Hey hey hello afternoon,afternoon
Good afternoon bot for me,afternoon
Hey afternoon clearly,afternoon
Good afternoon bot for me for me,afternoon
Hey hello afternoon bma bot,afternoon
Hello this afternoon for me,afternoon
Hey good afternoon bot for me bot,afternoon
Hey hey good afternoon bma,afternoon
Good day bot bma in simple words bma,afternoon
Good day bot clearly,afternoon
Afternoon please,afternoon
Hey afternoon briefly,afternoon
Good afternoon please,afternoon
Afternoon briefly please,afternoon
Hey hey afternoon bot for me,afternoon
Good day bma please,afternoon
Afternoon briefly in simple words briefly,afternoon
Hey good day bma,afternoon
Good evening,evening
Hey good evening,evening
Good evening bma,evening
Good evening bot,evening
Evening,evening
Hey evening,evening
Evening bma,evening
Evening bot,evening
Hey evening bma,evening
Evening bma bot,evening
Hey hey good evening,evening
Hey good evening bma,evening
Hey good evening bot,evening
Good evening bot bma,evening
Hello evening,evening
Hey hello evening,evening
Hello evening bma,evening
Hello evening bot,evening
Hey hey evening,evening
Hey evening bot,evening
Evenin',evening
Hey evenin',evening
Evenin' bma,evening
Evenin' bot,evening
Evening friend,evening
Hey evening friend,evening
Evening friend bma,evening
Evening friend bot,evening
Ge bma,evening
Ge bot,evening
Evening friend briefly,evening
Hey hey night,evening
Hey hello evening bot,evening
Good evening bot bot clearly,evening
Hey evening friend please,evening
Ge bot please,evening
Hey good evening bot bot,evening
Hey good evening bot please,evening
Evening bma bot bot,evening
Good evening in simple words,evening
Hey good evening bot please bot,evening
Hello evening bma bot,evening
Hey hello evening bot bot,evening
Hey hello evening bma,evening
Good evening bot in simple words,evening
Good evening bot for me,evening
Evenin' please,evening
Evenin' bma briefly,evening
Evening briefly,evening
Hey evenin' for me,evening
Evening bma bot for me,evening
Evenin' bot bot,evening
Hello evening clearly,evening
Ge bma please,evening
Good evening bot in simple words please,evening
Hey evenin' bot bot,evening
Hey evenin' for me bma,evening
Hello evening please,evening
Hey evenin' bma,evening
Hey evening friend bma,evening
Night briefly for me,evening
Ge briefly,evening
Good night,night
Hey good night,night
Good night bma,night
Good night bot,night
Night,night
Hey night,night
Night bma,night
Night bot,night
Sleep tight,night
Hey sleep tight,night
Sleep tight bma,night
Sleep tight bot,night
Heading to bed,night
Hey heading to bed,night
Heading to bed bma,night
Heading to bed bot,night
Gn,night
Hey gn,night
Gn bma,night
Gn bot,night
I'm going to sleep,night
Hey i'm going to sleep,night
I'm going to sleep bma,night
I'm going to sleep bot,night
Hello night,night
Hey hello night,night
Hello night bma,night
Hello night bot,night
Hey hey night,night
Hey night bma,night
Hey night bot,night
Bn8,night
Hey gn please,night
Hey gn bma,night
Hey heading to bed bma,night
Hey heading to bed for me,night
Night night please,night
Hey night in simple words,night
Good night bma in simple words,night
Sleep tight briefly,night
Hey hey night bot,night
Gn please please,night
Night for me,night
Hey hey gn bma,night
Hey hello night bot,night
Good night bma briefly,night
Hey sleep tight briefly,night
Hey hello night bot bot,night
Hey hey heading to bed for me,night
Hey heading to bed bot,night
Hey hey sleep tight briefly,night
Hey hey sleep tight briefly bot,night
Hey hey good night,night
Good night bma briefly bot,night
Hey sleep tight briefly in simple words,night
Sleep tight bma clearly,night
Hey heading to bed bot clearly,night
Hey hey hey night,night
Hey hey good night bma,night
Hey heading to bed for me briefly,night
Hey good night bot,night
Hey sleep tight briefly bma,night
Gn please in simple words,night
Hey hey night bot bot,night
Good night bot in simple words,night
Hey heading to bed bot bma,night
Night night please bot,night
Hey hey good night bma clearly,night
Hey night night clearly,night
Good night in simple words,night
Bye,goodbye
Ok bye,goodbye
Bye for now,goodbye
Alright bye,goodbye
Goodbye,goodbye
Ok goodbye,goodbye
Goodbye for now,goodbye
Alright goodbye,goodbye
See you later,goodbye
Ok see you later,goodbye
See you later for now,goodbye
Alright see you later,goodbye
Take care,goodbye
Ok take care,goodbye
Take care for now,goodbye
Alright take care,goodbye
Talk later,goodbye
Ok talk later,goodbye
Talk later for now,goodbye
Alright talk later,goodbye
Catch you later,goodbye
Ok catch you later,goodbye
Catch you later for now,goodbye
Alright catch you later,goodbye
Bye bye,goodbye
Ok bye bye,goodbye
Bye bye for now,goodbye
Alright bye bye,goodbye
Ttyl,goodbye
Ok ttyl,goodbye
Ttyl for now,goodbye
Alright ttyl,goodbye
I have to go now,goodbye
Ok i have to go now,goodbye
I have to go now for now,goodbye
Alright i have to go now,goodbye
See you soon,goodbye
Ok see you soon,goodbye
See you soon for now,goodbye
Alright see you soon,goodbye
Ok bye for now,goodbye
Alright ok bye,goodbye
Bye then,goodbye
Ok bye then,goodbye
Bye then for now,goodbye
Alright bye then,goodbye
Fare thee well,goodbye
Ok fare thee well,goodbye
Fare thee well for now,goodbye
Alright fare thee well,goodbye
So long,goodbye
Ok so long,goodbye
So long for now,goodbye
Alright so long,goodbye
Later,goodbye
Ok later,goodbye
Later for now,goodbye
Alright later,goodbye
Until next time,goodbye
Ok until next time,goodbye
Until next time for now,goodbye
Alright until next time,goodbye
Goodnight,goodbye
Ok goodnight,goodbye
Goodnight for now,goodbye
Alright goodnight,goodbye
sf,goodbye
Ok cya,goodbye
Cya for now,goodbye
Alright cya,goodbye
See ya,goodbye
Ok see ya,goodbye
See ya for now,goodbye
Alright see ya,goodbye
Safi,goodbye
Ok gotta go,goodbye
Gotta go for now,goodbye
Alright gotta go,goodbye
Peace out,goodbye
Thanks,thanks
Thanks so much,thanks
Thanks a lot,thanks
Really thanks,thanks
Thank you,thanks
Thank you so much,thanks
Thank you a lot,thanks
Really thank you,thanks
Thanks a lot so much,thanks
Thanks a lot a lot,thanks
Really thanks a lot,thanks
Thank you so much so much,thanks
Thank you so much a lot,thanks
Really thank you so much,thanks
Appreciate it,thanks
Appreciate it so much,thanks
Appreciate it a lot,thanks
Really appreciate it,thanks
Thx,thanks
Thx so much,thanks
Thx a lot,thanks
Really thx,thanks
Many thanks,thanks
Many thanks so much,thanks
Many thanks a lot,thanks
Really many thanks,thanks
That helped,thanks
That helped so much,thanks
That helped a lot,thanks
Really that helped,thanks
Thanks for your help,thanks
Thanks for your help so much,thanks
Thanks for your help a lot,thanks
Really thanks for your help,thanks
That's helpful,thanks
That's helpful so much,thanks
That's helpful a lot,thanks
Really that's helpful,thanks
Thanks for the help,thanks
Thanks for the help so much,thanks
Thanks for the help a lot,thanks
Really thanks for the help,thanks
Thank you very much,thanks
Thank you very much so much,thanks
Thank you very much a lot,thanks
Really thank you very much,thanks
Cheers,thanks
Cheers so much,thanks
Cheers a lot,thanks
Really cheers,thanks
Much obliged,thanks
Much obliged so much,thanks
Much obliged a lot,thanks
Really much obliged,thanks
You're the best,thanks
You're the best so much,thanks
You're the best a lot,thanks
Really you're the best,thanks
Thanks a bunch,thanks
Thanks a bunch so much,thanks
Thanks a bunch a lot,thanks
Really thanks a bunch,thanks
You rock,thanks
You rock so much,thanks
You rock a lot,thanks
Really you rock,thanks
Ty,thanks
Ty so much,thanks
Ty a lot,thanks
Really ty,thanks
Thank u,thanks
Thank u so much,thanks
Thank u a lot,thanks
Really thank u,thanks
Much appreciated,thanks
Much appreciated so much,thanks
Much appreciated a lot,thanks
Really much appreciated,thanks
Thanks bot,thanks
Thanks bot so much,thanks
Nothing much,neutral-response
Can you help me nothing much?,neutral-response
Could you help me nothing much?,neutral-response
Please help me nothing much,neutral-response
I need help to nothing much,neutral-response
Show me how to nothing much,neutral-response
Guide me to nothing much,neutral-response
Can you explain how to nothing much?,neutral-response
I need support with nothing much,neutral-response
I want help with nothing much,neutral-response
Give me advice about nothing much,neutral-response
Not much,neutral-response
Can you help me not much?,neutral-response
Could you help me not much?,neutral-response
Please help me not much,neutral-response
I need help to not much,neutral-response
Show me how to not much,neutral-response
Guide me to not much,neutral-response
Can you explain how to not much?,neutral-response
I need support with not much,neutral-response
I want help with not much,neutral-response
Give me advice about not much,neutral-response
Just chillin',neutral-response
Can you help me just chillin'?,neutral-response
Could you help me just chillin'?,neutral-response
Please help me just chillin',neutral-response
I need help to just chillin',neutral-response
Show me how to just chillin',neutral-response
Guide me to just chillin',neutral-response
Can you explain how to just chillin'?,neutral-response
I need support with just chillin',neutral-response
I want help with just chillin',neutral-response
Give me advice about just chillin',neutral-response
"Same old, same old",neutral-response
"Can you help me same old, same old?",neutral-response
"Could you help me same old, same old?",neutral-response
"Please help me same old, same old",neutral-response
"I need help to same old, same old",neutral-response
"Show me how to same old, same old",neutral-response
"Guide me to same old, same old",neutral-response
"Can you explain how to same old, same old?",neutral-response
"I need support with same old, same old",neutral-response
"I want help with same old, same old",neutral-response
"Give me advice about same old, same old",neutral-response
Nothing new,neutral-response
Can you help me nothing new?,neutral-response
Could you help me nothing new?,neutral-response
Please help me nothing new,neutral-response
I need help to nothing new,neutral-response
Show me how to nothing new,neutral-response
Guide me to nothing new,neutral-response
Can you explain how to nothing new?,neutral-response
I need support with nothing new,neutral-response
I want help with nothing new,neutral-response
Give me advice about nothing new,neutral-response
Just hanging out,neutral-response
Can you help me just hanging out?,neutral-response
Could you help me just hanging out?,neutral-response
Please help me just hanging out,neutral-response
I need help to just hanging out,neutral-response
Show me how to just hanging out,neutral-response
Guide me to just hanging out,neutral-response
Can you explain how to just hanging out?,neutral-response
I need support with just hanging out,neutral-response
I want help with just hanging out,neutral-response
Give me advice about just hanging out,neutral-response
Just taking it easy,neutral-response
Can you help me just taking it easy?,neutral-response
Could you help me just taking it easy?,neutral-response
Please help me just taking it easy,neutral-response
I need help to just taking it easy,neutral-response
Show me how to just taking it easy,neutral-response
Guide me to just taking it easy,neutral-response
Can you explain how to just taking it easy?,neutral-response
I need support with just taking it easy,neutral-response
I want help with just taking it easy,neutral-response
Give me advice about just taking it easy,neutral-response
Nothing special,neutral-response
Can you help me nothing special?,neutral-response
Could you help me nothing special?,neutral-response
Who are you?,about
Can you explain who are you?,about
Could you explain who are you?,about
Can you tell me who are you?,about
Could you tell me who are you?,about
Help me understand who are you?,about
I want to know who are you?,about
I'd like to know who are you?,about
Who are you please?,about
Who are you briefly?,about
Who are you in simple words?,about
Who are you clearly?,about
Who are you for me?,about
Quick question: who are you?,about
I have a question: who are you?,about
What are you?,about
Can you explain what are you?,about
Could you explain what are you?,about
Can you tell me what are you?,about
Could you tell me what are you?,about
Help me understand what are you?,about
I want to know what are you?,about
I'd like to know what are you?,about
What are you please?,about
What are you briefly?,about
What are you in simple words?,about
What are you clearly?,about
What are you for me?,about
Quick question: what are you?,about
I have a question: what are you?,about
Tell me about yourself?,about
Tell me about yourself please?,about
Tell me about yourself briefly?,about
Tell me about yourself in simple words?,about
Tell me about yourself clearly?,about
Tell me about yourself for me?,about
Quick question: tell me about yourself?,about
I have a question: tell me about yourself?,about
Introduce yourself?,about
Introduce yourself please?,about
Introduce yourself briefly?,about
Introduce yourself in simple words?,about
Introduce yourself clearly?,about
Introduce yourself for me?,about
Quick question: introduce yourself?,about
I have a question: introduce yourself?,about
What can you do?,about
Can you explain what can you do?,about
Could you explain what can you do?,about
Can you tell me what can you do?,about
Could you tell me what can you do?,about
Help me understand what can you do?,about
I want to know what can you do?,about
I'd like to know what can you do?,about
Quick question: what can you do?,about
I have a question: what can you do?,about
What is your purpose?,about
Can you explain what is your purpose?,about
Could you explain what is your purpose?,about
Can you tell me what is your purpose?,about
Could you tell me what is your purpose?,about
Help me understand what is your purpose?,about
I want to know what is your purpose?,about
I'd like to know what is your purpose?,about
What is your purpose please?,about
What is your purpose briefly?,about
What is your purpose in simple words?,about
What is your purpose clearly?,about
What is your purpose for me?,about
Quick question: what is your purpose?,about
I have a question: what is your purpose?,about
Who is bma?,about
Can you explain who is bma?,about
Could you explain who is bma?,about
Can you tell me who is bma?,about
What can you do?,skill
Can you explain what can you do?,skill
Could you explain what can you do?,skill
Can you tell me what can you do?,skill
Could you tell me what can you do?,skill
Help me understand what can you do?,skill
I want to know what can you do?,skill
I'd like to know what can you do?,skill
What can you do please?,skill
What can you do briefly?,skill
What can you do in simple words?,skill
What can you do clearly?,skill
What can you do for me?,skill
Quick question: what can you do?,skill
I have a question: what can you do?,skill
What are your capabilities?,skill
Can you explain what are your capabilities?,skill
Could you explain what are your capabilities?,skill
Can you tell me what are your capabilities?,skill
Could you tell me what are your capabilities?,skill
Help me understand what are your capabilities?,skill
I want to know what are your capabilities?,skill
I'd like to know what are your capabilities?,skill
What are your capabilities please?,skill
What are your capabilities briefly?,skill
What are your capabilities in simple words?,skill
What are your capabilities clearly?,skill
What are your capabilities for me?,skill
Quick question: what are your capabilities?,skill
I have a question: what are your capabilities?,skill
Tell me your abilities,skill
Can you help me tell me your abilities?,skill
Could you help me tell me your abilities?,skill
Please help me tell me your abilities,skill
I need help to tell me your abilities,skill
Show me how to tell me your abilities,skill
Guide me to tell me your abilities,skill
Can you explain how to tell me your abilities?,skill
I need support with tell me your abilities,skill
I want help with tell me your abilities,skill
Give me advice about tell me your abilities,skill
How can you help?,skill
Can you explain how can you help?,skill
Could you explain how can you help?,skill
Can you tell me how can you help?,skill
Could you tell me how can you help?,skill
Help me understand how can you help?,skill
I want to know how can you help?,skill
I'd like to know how can you help?,skill
How can you help please?,skill
How can you help briefly?,skill
How can you help in simple words?,skill
How can you help clearly?,skill
How can you help for me?,skill
Quick question: how can you help?,skill
I have a question: how can you help?,skill
What do you specialize in?,skill
Can you explain what do you specialize in?,skill
Could you explain what do you specialize in?,skill
Can you tell me what do you specialize in?,skill
Could you tell me what do you specialize in?,skill
Help me understand what do you specialize in?,skill
I want to know what do you specialize in?,skill
I'd like to know what do you specialize in?,skill
What do you specialize in please?,skill
What do you specialize in briefly?,skill
What do you specialize in in simple words?,skill
What do you specialize in clearly?,skill
What do you specialize in for me?,skill
Quick question: what do you specialize in?,skill
I have a question: what do you specialize in?,skill
What is your expertise?,skill
Can you define your expertise?,skill
Could you define your expertise?,skill
Explain your expertise?,skill
Tell me about your expertise?,skill
What does your expertise mean?,skill
Give me a simple definition of your expertise?,skill
Help me understand your expertise?,skill
What should i know about your expertise?,skill
Who created you?,creation
Can you explain who created you?,creation
Could you explain who created you?,creation
Can you tell me who created you?,creation
Could you tell me who created you?,creation
Help me understand who created you?,creation
I want to know who created you?,creation
I'd like to know who created you?,creation
Who created you please?,creation
Who created you briefly?,creation
Who created you in simple words?,creation
Who created you clearly?,creation
Who created you for me?,creation
Quick question: who created you?,creation
I have a question: who created you?,creation
How were you made?,creation
Can you explain how were you made?,creation
Could you explain how were you made?,creation
Can you tell me how were you made?,creation
Could you tell me how were you made?,creation
Help me understand how were you made?,creation
I want to know how were you made?,creation
I'd like to know how were you made?,creation
How were you made please?,creation
How were you made briefly?,creation
How were you made in simple words?,creation
How were you made clearly?,creation
How were you made for me?,creation
Quick question: how were you made?,creation
I have a question: how were you made?,creation
How were you created?,creation
Can you explain how were you created?,creation
Could you explain how were you created?,creation
Can you tell me how were you created?,creation
Could you tell me how were you created?,creation
Help me understand how were you created?,creation
I want to know how were you created?,creation
I'd like to know how were you created?,creation
How were you created please?,creation
How were you created briefly?,creation
How were you created in simple words?,creation
How were you created clearly?,creation
How were you created for me?,creation
Quick question: how were you created?,creation
I have a question: how were you created?,creation
Who is your developer?,creation
Can you explain who is your developer?,creation
Could you explain who is your developer?,creation
Can you tell me who is your developer?,creation
Could you tell me who is your developer?,creation
Help me understand who is your developer?,creation
I want to know who is your developer?,creation
I'd like to know who is your developer?,creation
Who is your developer please?,creation
Who is your developer briefly?,creation
Who is your developer in simple words?,creation
Who is your developer clearly?,creation
Who is your developer for me?,creation
Quick question: who is your developer?,creation
I have a question: who is your developer?,creation
What is your origin?,creation
Can you define your origin?,creation
Could you define your origin?,creation
Explain your origin?,creation
Tell me about your origin?,creation
What does your origin mean?,creation
Give me a simple definition of your origin?,creation
Help me understand your origin?,creation
What should i know about your origin?,creation
Who built you?,creation
Can you explain who built you?,creation
Could you explain who built you?,creation
Can you tell me who built you?,creation
Could you tell me who built you?,creation
Help me understand who built you?,creation
I want to know who built you?,creation
I'd like to know who built you?,creation
Who built you please?,creation
Who built you briefly?,creation
Who built you in simple words?,creation
What is your name?,name
Can you explain what is your name?,name
Could you explain what is your name?,name
Can you tell me what is your name?,name
Could you tell me what is your name?,name
Help me understand what is your name?,name
I want to know what is your name?,name
I'd like to know what is your name?,name
What is your name please?,name
What is your name briefly?,name
What is your name in simple words?,name
What is your name clearly?,name
What is your name for me?,name
Quick question: what is your name?,name
I have a question: what is your name?,name
What should i call you?,name
Can you explain what should i call you?,name
Could you explain what should i call you?,name
Can you tell me what should i call you?,name
Could you tell me what should i call you?,name
Help me understand what should i call you?,name
I want to know what should i call you?,name
I'd like to know what should i call you?,name
What should i call you please?,name
What should i call you briefly?,name
What should i call you in simple words?,name
What should i call you clearly?,name
What should i call you for me?,name
Quick question: what should i call you?,name
I have a question: what should i call you?,name
What's your name?,name
What's your name please?,name
What's your name briefly?,name
What's your name in simple words?,name
What's your name clearly?,name
What's your name for me?,name
Quick question: what's your name?,name
I have a question: what's your name?,name
Do you have a name?,name
Do you have a name please?,name
Do you have a name briefly?,name
Do you have a name in simple words?,name
Do you have a name clearly?,name
Do you have a name for me?,name
Quick question: do you have a name?,name
I have a question: do you have a name?,name
Who am i talking to?,name
Can you explain who am i talking to?,name
Could you explain who am i talking to?,name
Can you tell me who am i talking to?,name
Could you tell me who am i talking to?,name
Help me understand who am i talking to?,name
I want to know who am i talking to?,name
I'd like to know who am i talking to?,name
Who am i talking to please?,name
Who am i talking to briefly?,name
Who am i talking to in simple words?,name
Who am i talking to clearly?,name
Who am i talking to for me?,name
Quick question: who am i talking to?,name
I have a question: who am i talking to?,name
My name is?,name
My name is please?,name
My name is briefly?,name
My name is in simple words?,name
My name is clearly?,name
My name is for me?,name
Quick question: my name is?,name
I have a question: my name is?,name
I am?,name
I am please?,name
I am briefly?,name
I am in simple words?,name
I am clearly?,name
I am for me?,name
Quick question: i am?,name
I have a question: i am?,name
I go by?,name
I go by please?,name
I go by briefly?,name
Help?,help
Help please?,help
Help briefly?,help
Help in simple words?,help
Help clearly?,help
Help for me?,help
Quick question: help?,help
I have a question: help?,help
I need help?,help
I need help please?,help
I need help briefly?,help
I need help in simple words?,help
I need help clearly?,help
I need help for me?,help
Quick question: i need help?,help
I have a question: i need help?,help
Can you help me?,help
Can you explain can you help me?,help
Could you explain can you help me?,help
Can you tell me can you help me?,help
Could you tell me can you help me?,help
Help me understand can you help me?,help
I want to know can you help me?,help
I'd like to know can you help me?,help
Can you help me please?,help
Can you help me briefly?,help
Can you help me in simple words?,help
Can you help me clearly?,help
Can you help me for me?,help
Quick question: can you help me?,help
I have a question: can you help me?,help
Please help me?,help
Please help me please?,help
Please help me briefly?,help
Please help me in simple words?,help
Please help me clearly?,help
Please help me for me?,help
Quick question: please help me?,help
I have a question: please help me?,help
I need support?,help
I need support please?,help
I need support briefly?,help
I need support in simple words?,help
I need support clearly?,help
I need support for me?,help
Quick question: i need support?,help
I have a question: i need support?,help
Can you assist me?,help
Can you explain can you assist me?,help
Could you explain can you assist me?,help
Can you tell me can you assist me?,help
Could you tell me can you assist me?,help
Help me understand can you assist me?,help
I want to know can you assist me?,help
I'd like to know can you assist me?,help
Can you assist me please?,help
Can you assist me briefly?,help
Can you assist me in simple words?,help
Can you assist me clearly?,help
Can you assist me for me?,help
Quick question: can you assist me?,help
I have a question: can you assist me?,help
I need someone to talk to?,help
I need someone to talk to please?,help
I need someone to talk to briefly?,help
I need someone to talk to in simple words?,help
I need someone to talk to clearly?,help
I need someone to talk to for me?,help
Quick question: i need someone to talk to?,help
I have a question: i need someone to talk to?,help
Could you help me?,help
Could you help me please?,help
Could you help me briefly?,help
Could you help me in simple words?,help
Could you help me clearly?,help
Could you help me for me?,help
Quick question: could you help me?,help
I have a question: could you help me?,help
Give me a hand please?,help
Give me a hand please please?,help
I feel sad,sad
I'm sad,sad
I am sad,sad
I've been feeling sad,sad
I feel really sad,sad
I feel so sad,sad
I feel very sad,sad
I feel quite sad,sad
I feel extremely sad,sad
I feel sad lately,sad
"Lately, i feel sad",sad
I feel sad these days,sad
"These days, i feel sad",sad
I feel sad right now,sad
"Right now, i feel sad",sad
I feel sad today,sad
"Today, i feel sad",sad
I feel sad at the moment,sad
"At the moment, i feel sad",sad
"Honestly, i feel sad",sad
"To be honest, i feel sad",sad
I'm really sad,sad
I'm so sad,sad
I'm very sad,sad
I'm quite sad,sad
I'm extremely sad,sad
I'm sad lately,sad
"Lately, i'm sad",sad
I'm sad these days,sad
"These days, i'm sad",sad
I'm sad right now,sad
"Right now, i'm sad",sad
I'm sad today,sad
"Today, i'm sad",sad
I'm sad at the moment,sad
"At the moment, i'm sad",sad
"Honestly, i'm sad",sad
"To be honest, i'm sad",sad
I am really sad,sad
I am so sad,sad
I am very sad,sad
I am quite sad,sad
I am extremely sad,sad
I am sad lately,sad
"Lately, i am sad",sad
I am sad these days,sad
"These days, i am sad",sad
I am sad right now,sad
"Right now, i am sad",sad
I am sad today,sad
"Today, i am sad",sad
I am sad at the moment,sad
"At the moment, i am sad",sad
"Honestly, i am sad",sad
"To be honest, i am sad",sad
I've been feeling sad lately,sad
"Lately, i've been feeling sad",sad
I've been feeling sad these days,sad
"These days, i've been feeling sad",sad
I've been feeling sad right now,sad
"Right now, i've been feeling sad",sad
I've been feeling sad today,sad
"Today, i've been feeling sad",sad
I've been feeling sad at the moment,sad
"At the moment, i've been feeling sad",sad
"Honestly, i've been feeling sad",sad
"To be honest, i've been feeling sad",sad
I'm feeling low,sad
I am feeling low,sad
I feel feeling low,sad
I've been feeling low,sad
I'm really feeling low,sad
I'm so feeling low,sad
I'm very feeling low,sad
I'm quite feeling low,sad
I'm extremely feeling low,sad
I'm feeling low lately,sad
"Lately, i'm feeling low",sad
I'm feeling low these days,sad
"These days, i'm feeling low",sad
I'm stressed,stressed
I am stressed,stressed
I feel stressed,stressed
I've been stressed,stressed
I'm really stressed,stressed
I'm so stressed,stressed
I'm very stressed,stressed
I'm quite stressed,stressed
I'm extremely stressed,stressed
I'm stressed lately,stressed
"Lately, i'm stressed",stressed
I'm stressed these days,stressed
"These days, i'm stressed",stressed
I'm stressed right now,stressed
"Right now, i'm stressed",stressed
I'm stressed today,stressed
"Today, i'm stressed",stressed
I'm stressed at the moment,stressed
"At the moment, i'm stressed",stressed
"Honestly, i'm stressed",stressed
"To be honest, i'm stressed",stressed
I am really stressed,stressed
I am so stressed,stressed
I am very stressed,stressed
I am quite stressed,stressed
I am extremely stressed,stressed
I am stressed lately,stressed
"Lately, i am stressed",stressed
I am stressed these days,stressed
"These days, i am stressed",stressed
I am stressed right now,stressed
"Right now, i am stressed",stressed
I am stressed today,stressed
"Today, i am stressed",stressed
I am stressed at the moment,stressed
"At the moment, i am stressed",stressed
"Honestly, i am stressed",stressed
"To be honest, i am stressed",stressed
I feel really stressed,stressed
I feel so stressed,stressed
I feel very stressed,stressed
I feel quite stressed,stressed
I feel extremely stressed,stressed
I feel stressed lately,stressed
"Lately, i feel stressed",stressed
I feel stressed these days,stressed
"These days, i feel stressed",stressed
I feel stressed right now,stressed
"Right now, i feel stressed",stressed
I feel stressed today,stressed
"Today, i feel stressed",stressed
I feel stressed at the moment,stressed
"At the moment, i feel stressed",stressed
"Honestly, i feel stressed",stressed
"To be honest, i feel stressed",stressed
I've been stressed lately,stressed
"Lately, i've been stressed",stressed
I've been stressed these days,stressed
"These days, i've been stressed",stressed
I've been stressed right now,stressed
"Right now, i've been stressed",stressed
I've been stressed today,stressed
"Today, i've been stressed",stressed
I've been stressed at the moment,stressed
"At the moment, i've been stressed",stressed
"Honestly, i've been stressed",stressed
"To be honest, i've been stressed",stressed
I feel overwhelmed,stressed
I'm overwhelmed,stressed
I am overwhelmed,stressed
I've been feeling overwhelmed,stressed
I feel really overwhelmed,stressed
I feel so overwhelmed,stressed
I feel very overwhelmed,stressed
I feel quite overwhelmed,stressed
I feel extremely overwhelmed,stressed
I feel overwhelmed lately,stressed
"Lately, i feel overwhelmed",stressed
I feel overwhelmed these days,stressed
"These days, i feel overwhelmed",stressed
I feel worthless,worthless
I'm worthless,worthless
I am worthless,worthless
I've been feeling worthless,worthless
I feel really worthless,worthless
I feel so worthless,worthless
I feel very worthless,worthless
I feel quite worthless,worthless
I feel extremely worthless,worthless
I feel worthless lately,worthless
"Lately, i feel worthless",worthless
I feel worthless these days,worthless
"These days, i feel worthless",worthless
I feel worthless right now,worthless
"Right now, i feel worthless",worthless
I feel worthless today,worthless
"Today, i feel worthless",worthless
I feel worthless at the moment,worthless
"At the moment, i feel worthless",worthless
"Honestly, i feel worthless",worthless
"To be honest, i feel worthless",worthless
I'm really worthless,worthless
I'm so worthless,worthless
I'm very worthless,worthless
I'm quite worthless,worthless
I'm extremely worthless,worthless
I'm worthless lately,worthless
"Lately, i'm worthless",worthless
I'm worthless these days,worthless
"These days, i'm worthless",worthless
I'm worthless right now,worthless
"Right now, i'm worthless",worthless
I'm worthless today,worthless
"Today, i'm worthless",worthless
I'm worthless at the moment,worthless
"At the moment, i'm worthless",worthless
"Honestly, i'm worthless",worthless
"To be honest, i'm worthless",worthless
I am really worthless,worthless
I am so worthless,worthless
I am very worthless,worthless
I am quite worthless,worthless
I am extremely worthless,worthless
I am worthless lately,worthless
"Lately, i am worthless",worthless
I am worthless these days,worthless
"These days, i am worthless",worthless
I am worthless right now,worthless
"Right now, i am worthless",worthless
I am worthless today,worthless
"Today, i am worthless",worthless
I am worthless at the moment,worthless
"At the moment, i am worthless",worthless
"Honestly, i am worthless",worthless
"To be honest, i am worthless",worthless
I've been feeling worthless lately,worthless
"Lately, i've been feeling worthless",worthless
I've been feeling worthless these days,worthless
"These days, i've been feeling worthless",worthless
I've been feeling worthless right now,worthless
"Right now, i've been feeling worthless",worthless
I've been feeling worthless today,worthless
"Today, i've been feeling worthless",worthless
I've been feeling worthless at the moment,worthless
"At the moment, i've been feeling worthless",worthless
"Honestly, i've been feeling worthless",worthless
"To be honest, i've been feeling worthless",worthless
I feel like i have no value,worthless
I'm like i have no value,worthless
I am like i have no value,worthless
I've been feeling like i have no value,worthless
I feel really like i have no value,worthless
I feel so like i have no value,worthless
I feel very like i have no value,worthless
I feel quite like i have no value,worthless
I feel extremely like i have no value,worthless
I feel like i have no value lately,worthless
"Lately, i feel like i have no value",worthless
I feel like i have no value these days,worthless
"These days, i feel like i have no value",worthless
I feel depressed,depressed
I'm depressed,depressed
I am depressed,depressed
I've been feeling depressed,depressed
I feel really depressed,depressed
I feel so depressed,depressed
I feel very depressed,depressed
I feel quite depressed,depressed
I feel extremely depressed,depressed
I feel depressed lately,depressed
"Lately, i feel depressed",depressed
I feel depressed these days,depressed
"These days, i feel depressed",depressed
I feel depressed right now,depressed
"Right now, i feel depressed",depressed
I feel depressed today,depressed
"Today, i feel depressed",depressed
I feel depressed at the moment,depressed
"At the moment, i feel depressed",depressed
"Honestly, i feel depressed",depressed
"To be honest, i feel depressed",depressed
I'm really depressed,depressed
I'm so depressed,depressed
I'm very depressed,depressed
I'm quite depressed,depressed
I'm extremely depressed,depressed
I'm depressed lately,depressed
"Lately, i'm depressed",depressed
I'm depressed these days,depressed
"These days, i'm depressed",depressed
I'm depressed right now,depressed
"Right now, i'm depressed",depressed
I'm depressed today,depressed
"Today, i'm depressed",depressed
I'm depressed at the moment,depressed
"At the moment, i'm depressed",depressed
"Honestly, i'm depressed",depressed
"To be honest, i'm depressed",depressed
I am really depressed,depressed
I am so depressed,depressed
I am very depressed,depressed
I am quite depressed,depressed
I am extremely depressed,depressed
I am depressed lately,depressed
"Lately, i am depressed",depressed
I am depressed these days,depressed
"These days, i am depressed",depressed
I am depressed right now,depressed
"Right now, i am depressed",depressed
I am depressed today,depressed
"Today, i am depressed",depressed
I am depressed at the moment,depressed
"At the moment, i am depressed",depressed
"Honestly, i am depressed",depressed
"To be honest, i am depressed",depressed
I've been feeling depressed lately,depressed
"Lately, i've been feeling depressed",depressed
I've been feeling depressed these days,depressed
"These days, i've been feeling depressed",depressed
I've been feeling depressed right now,depressed
"Right now, i've been feeling depressed",depressed
I've been feeling depressed today,depressed
"Today, i've been feeling depressed",depressed
I've been feeling depressed at the moment,depressed
"At the moment, i've been feeling depressed",depressed
"Honestly, i've been feeling depressed",depressed
"To be honest, i've been feeling depressed",depressed
I feel empty,depressed
I'm empty,depressed
I am empty,depressed
I've been feeling empty,depressed
I feel really empty,depressed
I feel so empty,depressed
I feel very empty,depressed
I feel quite empty,depressed
I feel extremely empty,depressed
I feel empty lately,depressed
"Lately, i feel empty",depressed
I feel empty these days,depressed
"These days, i feel empty",depressed
I feel happy,happy
I'm happy,happy
I am happy,happy
I've been feeling happy,happy
I feel really happy,happy
I feel so happy,happy
I feel very happy,happy
I feel quite happy,happy
I feel extremely happy,happy
I feel happy lately,happy
"Lately, i feel happy",happy
I feel happy these days,happy
"These days, i feel happy",happy
I feel happy right now,happy
"Right now, i feel happy",happy
I feel happy today,happy
"Today, i feel happy",happy
I feel happy at the moment,happy
"At the moment, i feel happy",happy
"Honestly, i feel happy",happy
"To be honest, i feel happy",happy
I'm really happy,happy
I'm so happy,happy
I'm very happy,happy
I'm quite happy,happy
I'm extremely happy,happy
I'm happy lately,happy
"Lately, i'm happy",happy
I'm happy these days,happy
"These days, i'm happy",happy
I'm happy right now,happy
"Right now, i'm happy",happy
I'm happy today,happy
"Today, i'm happy",happy
I'm happy at the moment,happy
"At the moment, i'm happy",happy
"Honestly, i'm happy",happy
"To be honest, i'm happy",happy
I am really happy,happy
I am so happy,happy
I am very happy,happy
I am quite happy,happy
I am extremely happy,happy
I am happy lately,happy
"Lately, i am happy",happy
I am happy these days,happy
"These days, i am happy",happy
I am happy right now,happy
"Right now, i am happy",happy
I am happy today,happy
"Today, i am happy",happy
I am happy at the moment,happy
"At the moment, i am happy",happy
"Honestly, i am happy",happy
"To be honest, i am happy",happy
I've been feeling happy lately,happy
"Lately, i've been feeling happy",happy
I've been feeling happy these days,happy
"These days, i've been feeling happy",happy
I've been feeling happy right now,happy
"Right now, i've been feeling happy",happy
I've been feeling happy today,happy
"Today, i've been feeling happy",happy
I've been feeling happy at the moment,happy
"At the moment, i've been feeling happy",happy
"Honestly, i've been feeling happy",happy
"To be honest, i've been feeling happy",happy
I'm in a good mood,happy
I am in a good mood,happy
I feel in a good mood,happy
I've been in a good mood,happy
I'm really in a good mood,happy
I'm so in a good mood,happy
I'm very in a good mood,happy
I'm quite in a good mood,happy
I'm extremely in a good mood,happy
I'm in a good mood lately,happy
"Lately, i'm in a good mood",happy
I'm in a good mood these days,happy
"These days, i'm in a good mood",happy
How are you?,casual
Can you explain how are you?,casual
Could you explain how are you?,casual
Can you tell me how are you?,casual
Could you tell me how are you?,casual
Help me understand how are you?,casual
I want to know how are you?,casual
I'd like to know how are you?,casual
How are you please?,casual
How are you briefly?,casual
How are you in simple words?,casual
How are you clearly?,casual
How are you for me?,casual
Quick question: how are you?,casual
I have a question: how are you?,casual
What's up?,casual
What's up please?,casual
What's up briefly?,casual
What's up in simple words?,casual
What's up clearly?,casual
What's up for me?,casual
Quick question: what's up?,casual
I have a question: what's up?,casual
How's it going?,casual
How's it going please?,casual
How's it going briefly?,casual
How's it going in simple words?,casual
How's it going clearly?,casual
How's it going for me?,casual
Quick question: how's it going?,casual
I have a question: how's it going?,casual
How are you doing?,casual
Can you explain how are you doing?,casual
Could you explain how are you doing?,casual
Can you tell me how are you doing?,casual
Could you tell me how are you doing?,casual
Help me understand how are you doing?,casual
I want to know how are you doing?,casual
I'd like to know how are you doing?,casual
How are you doing please?,casual
How are you doing briefly?,casual
How are you doing in simple words?,casual
How are you doing clearly?,casual
How are you doing for me?,casual
Quick question: how are you doing?,casual
I have a question: how are you doing?,casual
What are you doing?,casual
Can you explain what are you doing?,casual
Could you explain what are you doing?,casual
Can you tell me what are you doing?,casual
Could you tell me what are you doing?,casual
Help me understand what are you doing?,casual
I want to know what are you doing?,casual
I'd like to know what are you doing?,casual
What are you doing please?,casual
What are you doing briefly?,casual
What are you doing in simple words?,casual
What are you doing clearly?,casual
What are you doing for me?,casual
Quick question: what are you doing?,casual
I have a question: what are you doing?,casual
Oh i see?,casual
Oh i see please?,casual
Oh i see briefly?,casual
Oh i see in simple words?,casual
Oh i see clearly?,casual
Oh i see for me?,casual
Quick question: oh i see?,casual
I have a question: oh i see?,casual
Ok?,casual
Ok please?,casual
Ok briefly?,casual
Ok in simple words?,casual
Ok clearly?,casual
Ok for me?,casual
Quick question: ok?,casual
I have a question: ok?,casual
Okay?,casual
Okay please?,casual
Okay briefly?,casual
I feel anxious,anxious
I'm anxious,anxious
I am anxious,anxious
I've been feeling anxious,anxious
I feel really anxious,anxious
I feel so anxious,anxious
I feel very anxious,anxious
I feel quite anxious,anxious
I feel extremely anxious,anxious
I feel anxious lately,anxious
"Lately, i feel anxious",anxious
I feel anxious these days,anxious
"These days, i feel anxious",anxious
I feel anxious right now,anxious
"Right now, i feel anxious",anxious
I feel anxious today,anxious
"Today, i feel anxious",anxious
I feel anxious at the moment,anxious
"At the moment, i feel anxious",anxious
"Honestly, i feel anxious",anxious
"To be honest, i feel anxious",anxious
I'm really anxious,anxious
I'm so anxious,anxious
I'm very anxious,anxious
I'm quite anxious,anxious
I'm extremely anxious,anxious
I'm anxious lately,anxious
"Lately, i'm anxious",anxious
I'm anxious these days,anxious
"These days, i'm anxious",anxious
I'm anxious right now,anxious
"Right now, i'm anxious",anxious
I'm anxious today,anxious
"Today, i'm anxious",anxious
I'm anxious at the moment,anxious
"At the moment, i'm anxious",anxious
"Honestly, i'm anxious",anxious
"To be honest, i'm anxious",anxious
I am really anxious,anxious
I am so anxious,anxious
I am very anxious,anxious
I am quite anxious,anxious
I am extremely anxious,anxious
I am anxious lately,anxious
"Lately, i am anxious",anxious
I am anxious these days,anxious
"These days, i am anxious",anxious
I am anxious right now,anxious
"Right now, i am anxious",anxious
I am anxious today,anxious
"Today, i am anxious",anxious
I am anxious at the moment,anxious
"At the moment, i am anxious",anxious
"Honestly, i am anxious",anxious
"To be honest, i am anxious",anxious
I've been feeling anxious lately,anxious
"Lately, i've been feeling anxious",anxious
I've been feeling anxious these days,anxious
"These days, i've been feeling anxious",anxious
I've been feeling anxious right now,anxious
"Right now, i've been feeling anxious",anxious
I've been feeling anxious today,anxious
"Today, i've been feeling anxious",anxious
I've been feeling anxious at the moment,anxious
"At the moment, i've been feeling anxious",anxious
"Honestly, i've been feeling anxious",anxious
"To be honest, i've been feeling anxious",anxious
I've been really anxious,anxious
I'm really really anxious,anxious
I'm so really anxious,anxious
I'm very really anxious,anxious
I'm quite really anxious,anxious
I'm extremely really anxious,anxious
I'm really anxious lately,anxious
"Lately, i'm really anxious",anxious
I'm really anxious these days,anxious
"These days, i'm really anxious",anxious
I'm really anxious right now,anxious
"Right now, i'm really anxious",anxious
I'm really anxious today,anxious
I don't want to talk about it,not-talking
Can you help me i don't want to talk about it?,not-talking
Could you help me i don't want to talk about it?,not-talking
Please help me i don't want to talk about it,not-talking
I need help to i don't want to talk about it,not-talking
Show me how to i don't want to talk about it,not-talking
Guide me to i don't want to talk about it,not-talking
Can you explain how to i don't want to talk about it?,not-talking
I need support with i don't want to talk about it,not-talking
I want help with i don't want to talk about it,not-talking
Give me advice about i don't want to talk about it,not-talking
No just stay away,not-talking
Can you help me no just stay away?,not-talking
Could you help me no just stay away?,not-talking
Please help me no just stay away,not-talking
I need help to no just stay away,not-talking
Show me how to no just stay away,not-talking
Guide me to no just stay away,not-talking
Can you explain how to no just stay away?,not-talking
I need support with no just stay away,not-talking
I want help with no just stay away,not-talking
Give me advice about no just stay away,not-talking
I can't bring myself to open up,not-talking
Can you help me i can't bring myself to open up?,not-talking
Could you help me i can't bring myself to open up?,not-talking
Please help me i can't bring myself to open up,not-talking
I need help to i can't bring myself to open up,not-talking
Show me how to i can't bring myself to open up,not-talking
Guide me to i can't bring myself to open up,not-talking
Can you explain how to i can't bring myself to open up?,not-talking
I need support with i can't bring myself to open up,not-talking
I want help with i can't bring myself to open up,not-talking
Give me advice about i can't bring myself to open up,not-talking
Just shut up,not-talking
Can you help me just shut up?,not-talking
Could you help me just shut up?,not-talking
Please help me just shut up,not-talking
I need help to just shut up,not-talking
Show me how to just shut up,not-talking
Guide me to just shut up,not-talking
Can you explain how to just shut up?,not-talking
I need support with just shut up,not-talking
I want help with just shut up,not-talking
Give me advice about just shut up,not-talking
I don't feel like talking right now,not-talking
Can you help me i don't feel like talking right now?,not-talking
Could you help me i don't feel like talking right now?,not-talking
Please help me i don't feel like talking right now,not-talking
I need help to i don't feel like talking right now,not-talking
Show me how to i don't feel like talking right now,not-talking
Guide me to i don't feel like talking right now,not-talking
Can you explain how to i don't feel like talking right now?,not-talking
I need support with i don't feel like talking right now,not-talking
I want help with i don't feel like talking right now,not-talking
Give me advice about i don't feel like talking right now,not-talking
Please leave me alone,not-talking
Can you help me please leave me alone?,not-talking
Could you help me please leave me alone?,not-talking
Please help me please leave me alone,not-talking
I need help to please leave me alone,not-talking
Show me how to please leave me alone,not-talking
Guide me to please leave me alone,not-talking
Can you explain how to please leave me alone?,not-talking
I need support with please leave me alone,not-talking
I want help with please leave me alone,not-talking
Give me advice about please leave me alone,not-talking
Can we talk about something else?,not-talking
Can you explain can we talk about something else?,not-talking
Could you explain can we talk about something else?,not-talking
Can you tell me can we talk about something else?,not-talking
Could you tell me can we talk about something else?,not-talking
Help me understand can we talk about something else?,not-talking
I want to know can we talk about something else?,not-talking
I'd like to know can we talk about something else?,not-talking
Can we talk about something else please?,not-talking
Can we talk about something else briefly?,not-talking
Can we talk about something else in simple words?,not-talking
Can we talk about something else clearly?,not-talking
Can we talk about something else for me?,not-talking
Quick question: can we talk about something else?,not-talking
I have trouble falling asleep,sleep
Can you help me i have trouble falling asleep?,sleep
Could you help me i have trouble falling asleep?,sleep
Please help me i have trouble falling asleep,sleep
I need help to i have trouble falling asleep,sleep
Show me how to i have trouble falling asleep,sleep
Guide me to i have trouble falling asleep,sleep
Can you explain how to i have trouble falling asleep?,sleep
I need support with i have trouble falling asleep,sleep
I want help with i have trouble falling asleep,sleep
Give me advice about i have trouble falling asleep,sleep
I can't get to sleep,sleep
Can you help me i can't get to sleep?,sleep
Could you help me i can't get to sleep?,sleep
Please help me i can't get to sleep,sleep
I need help to i can't get to sleep,sleep
Show me how to i can't get to sleep,sleep
Guide me to i can't get to sleep,sleep
Can you explain how to i can't get to sleep?,sleep
I need support with i can't get to sleep,sleep
I want help with i can't get to sleep,sleep
Give me advice about i can't get to sleep,sleep
I toss and turn all night,sleep
Can you help me i toss and turn all night?,sleep
Could you help me i toss and turn all night?,sleep
Please help me i toss and turn all night,sleep
I need help to i toss and turn all night,sleep
Show me how to i toss and turn all night,sleep
Guide me to i toss and turn all night,sleep
Can you explain how to i toss and turn all night?,sleep
I need support with i toss and turn all night,sleep
I want help with i toss and turn all night,sleep
Give me advice about i toss and turn all night,sleep
I'm wide awake when i should be sleeping,sleep
Can you help me i'm wide awake when i should be sleeping?,sleep
Could you help me i'm wide awake when i should be sleeping?,sleep
Please help me i'm wide awake when i should be sleeping,sleep
I need help to i'm wide awake when i should be sleeping,sleep
Show me how to i'm wide awake when i should be sleeping,sleep
Guide me to i'm wide awake when i should be sleeping,sleep
Can you explain how to i'm wide awake when i should be sleeping?,sleep
I need support with i'm wide awake when i should be sleeping,sleep
I want help with i'm wide awake when i should be sleeping,sleep
Give me advice about i'm wide awake when i should be sleeping,sleep
I keep waking up during the night,sleep
Can you help me i keep waking up during the night?,sleep
Could you help me i keep waking up during the night?,sleep
Please help me i keep waking up during the night,sleep
I need help to i keep waking up during the night,sleep
Show me how to i keep waking up during the night,sleep
Guide me to i keep waking up during the night,sleep
Can you explain how to i keep waking up during the night?,sleep
I need support with i keep waking up during the night,sleep
I want help with i keep waking up during the night,sleep
Give me advice about i keep waking up during the night,sleep
I feel exhausted but can't sleep,sleep
Can you help me i feel exhausted but can't sleep?,sleep
Could you help me i feel exhausted but can't sleep?,sleep
Please help me i feel exhausted but can't sleep,sleep
I need help to i feel exhausted but can't sleep,sleep
Show me how to i feel exhausted but can't sleep,sleep
Guide me to i feel exhausted but can't sleep,sleep
Can you explain how to i feel exhausted but can't sleep?,sleep
I need support with i feel exhausted but can't sleep,sleep
I want help with i feel exhausted but can't sleep,sleep
Give me advice about i feel exhausted but can't sleep,sleep
I feel like i'm never rested,sleep
Can you help me i feel like i'm never rested?,sleep
Could you help me i feel like i'm never rested?,sleep
Please help me i feel like i'm never rested,sleep
I need help to i feel like i'm never rested,sleep
Show me how to i feel like i'm never rested,sleep
Guide me to i feel like i'm never rested,sleep
Can you explain how to i feel like i'm never rested?,sleep
I need support with i feel like i'm never rested,sleep
I want help with i feel like i'm never rested,sleep
Give me advice about i feel like i'm never rested,sleep
My mind won't shut off at night,sleep
Can you help me my mind won't shut off at night?,sleep
Could you help me my mind won't shut off at night?,sleep
I'm mourning the loss of my parent,death
Can you help me i'm mourning the loss of my parent?,death
Could you help me i'm mourning the loss of my parent?,death
Please help me i'm mourning the loss of my parent,death
I need help to i'm mourning the loss of my parent,death
Show me how to i'm mourning the loss of my parent,death
Guide me to i'm mourning the loss of my parent,death
Can you explain how to i'm mourning the loss of my parent?,death
I need support with i'm mourning the loss of my parent,death
I want help with i'm mourning the loss of my parent,death
Give me advice about i'm mourning the loss of my parent,death
My grandparent passed away,death
Can you help me my grandparent passed away?,death
Could you help me my grandparent passed away?,death
Please help me my grandparent passed away,death
I need help to my grandparent passed away,death
Show me how to my grandparent passed away,death
Guide me to my grandparent passed away,death
Can you explain how to my grandparent passed away?,death
I need support with my grandparent passed away,death
I want help with my grandparent passed away,death
Give me advice about my grandparent passed away,death
My sibling died,death
Can you help me my sibling died?,death
Could you help me my sibling died?,death
Please help me my sibling died,death
I need help to my sibling died,death
Show me how to my sibling died,death
Guide me to my sibling died,death
Can you explain how to my sibling died?,death
I need support with my sibling died,death
I want help with my sibling died,death
Give me advice about my sibling died,death
I lost my father,death
Can you help me i lost my father?,death
Could you help me i lost my father?,death
Please help me i lost my father,death
I need help to i lost my father,death
Show me how to i lost my father,death
Guide me to i lost my father,death
Can you explain how to i lost my father?,death
I need support with i lost my father,death
I want help with i lost my father,death
Give me advice about i lost my father,death
My mother passed away,death
Can you help me my mother passed away?,death
Could you help me my mother passed away?,death
Please help me my mother passed away,death
I need help to my mother passed away,death
Show me how to my mother passed away,death
Guide me to my mother passed away,death
Can you explain how to my mother passed away?,death
I need support with my mother passed away,death
I want help with my mother passed away,death
Give me advice about my mother passed away,death
My uncle died,death
Can you help me my uncle died?,death
Could you help me my uncle died?,death
Please help me my uncle died,death
I need help to my uncle died,death
Show me how to my uncle died,death
Guide me to my uncle died,death
Can you explain how to my uncle died?,death
I need support with my uncle died,death
I want help with my uncle died,death
Give me advice about my uncle died,death
My aunt passed away,death
Can you help me my aunt passed away?,death
Could you help me my aunt passed away?,death
Please help me my aunt passed away,death
I need help to my aunt passed away,death
Show me how to my aunt passed away,death
Guide me to my aunt passed away,death
Can you explain how to my aunt passed away?,death
I need support with my aunt passed away,death
I want help with my aunt passed away,death
Give me advice about my aunt passed away,death
My cousin died,death
Can you help me my cousin died?,death
Could you help me my cousin died?,death
You don't understand me,understand
Can you help me you don't understand me?,understand
Could you help me you don't understand me?,understand
Please help me you don't understand me,understand
I need help to you don't understand me,understand
Show me how to you don't understand me,understand
Guide me to you don't understand me,understand
Can you explain how to you don't understand me?,understand
I need support with you don't understand me,understand
I want help with you don't understand me,understand
Give me advice about you don't understand me,understand
You're just some robot. how would you know?,understand
You're just some robot. how would you know please?,understand
You're just some robot. how would you know briefly?,understand
You're just some robot. how would you know in simple words?,understand
You're just some robot. how would you know clearly?,understand
You're just some robot. how would you know for me?,understand
Quick question: you're just some robot. how would you know?,understand
I have a question: you're just some robot. how would you know?,understand
You can't possibly know what i'm going through,understand
Can you help me you can't possibly know what i'm going through?,understand
Could you help me you can't possibly know what i'm going through?,understand
Please help me you can't possibly know what i'm going through,understand
I need help to you can't possibly know what i'm going through,understand
Show me how to you can't possibly know what i'm going through,understand
Guide me to you can't possibly know what i'm going through,understand
Can you explain how to you can't possibly know what i'm going through?,understand
I need support with you can't possibly know what i'm going through,understand
I want help with you can't possibly know what i'm going through,understand
Give me advice about you can't possibly know what i'm going through,understand
You're useless,understand
Can you help me you're useless?,understand
Could you help me you're useless?,understand
Please help me you're useless,understand
I need help to you're useless,understand
Show me how to you're useless,understand
Guide me to you're useless,understand
Can you explain how to you're useless?,understand
I need support with you're useless,understand
I want help with you're useless,understand
Give me advice about you're useless,understand
You can't help me,understand
Can you help me you can't help me?,understand
Could you help me you can't help me?,understand
Please help me you can't help me,understand
I need help to you can't help me,understand
Show me how to you can't help me,understand
Guide me to you can't help me,understand
Can you explain how to you can't help me?,understand
I need support with you can't help me,understand
I want help with you can't help me,understand
Give me advice about you can't help me,understand
Nobody understands me,understand
Can you help me nobody understands me?,understand
Could you help me nobody understands me?,understand
Please help me nobody understands me,understand
I need help to nobody understands me,understand
Show me how to nobody understands me,understand
Guide me to nobody understands me,understand
Can you explain how to nobody understands me?,understand
I need support with nobody understands me,understand
I want help with nobody understands me,understand
Give me advice about nobody understands me,understand
You don't get it,understand
Can you help me you don't get it?,understand
Could you help me you don't get it?,understand
Please help me you don't get it,understand
I need help to you don't get it,understand
Show me how to you don't get it,understand
Guide me to you don't get it,understand
Can you explain how to you don't get it?,understand
I need support with you don't get it,understand
I want help with you don't get it,understand
Give me advice about you don't get it,understand
You're not helpful at all,understand
Can you help me you're not helpful at all?,understand
Could you help me you're not helpful at all?,understand
Please help me you're not helpful at all,understand
I need help to you're not helpful at all,understand
Show me how to you're not helpful at all,understand
That's all,done
Can you help me that's all?,done
Could you help me that's all?,done
Please help me that's all,done
I need help to that's all,done
Show me how to that's all,done
Guide me to that's all,done
Can you explain how to that's all?,done
I need support with that's all,done
I want help with that's all,done
Give me advice about that's all,done
I don't have anything more to say,done
Can you help me i don't have anything more to say?,done
Could you help me i don't have anything more to say?,done
Please help me i don't have anything more to say,done
I need help to i don't have anything more to say,done
Show me how to i don't have anything more to say,done
Guide me to i don't have anything more to say,done
Can you explain how to i don't have anything more to say?,done
I need support with i don't have anything more to say,done
I want help with i don't have anything more to say,done
Give me advice about i don't have anything more to say,done
Nothing else,done
Can you help me nothing else?,done
Could you help me nothing else?,done
Please help me nothing else,done
I need help to nothing else,done
Show me how to nothing else,done
Guide me to nothing else,done
Can you explain how to nothing else?,done
I need support with nothing else,done
I want help with nothing else,done
Give me advice about nothing else,done
That's all i have to say,done
Can you help me that's all i have to say?,done
Could you help me that's all i have to say?,done
Please help me that's all i have to say,done
I need help to that's all i have to say,done
Show me how to that's all i have to say,done
Guide me to that's all i have to say,done
Can you explain how to that's all i have to say?,done
I need support with that's all i have to say,done
I want help with that's all i have to say,done
Give me advice about that's all i have to say,done
"No, that would be all",done
"Can you help me no, that would be all?",done
"Could you help me no, that would be all?",done
"Please help me no, that would be all",done
"I need help to no, that would be all",done
"Show me how to no, that would be all",done
"Guide me to no, that would be all",done
"Can you explain how to no, that would be all?",done
"I need support with no, that would be all",done
"I want help with no, that would be all",done
"Give me advice about no, that would be all",done
I think we covered everything,done
Can you help me i think we covered everything?,done
Could you help me i think we covered everything?,done
Please help me i think we covered everything,done
I need help to i think we covered everything,done
Show me how to i think we covered everything,done
Guide me to i think we covered everything,done
Can you explain how to i think we covered everything?,done
I need support with i think we covered everything,done
I want help with i think we covered everything,done
Give me advice about i think we covered everything,done
I've said everything i needed to,done
Can you help me i've said everything i needed to?,done
Could you help me i've said everything i needed to?,done
Please help me i've said everything i needed to,done
I need help to i've said everything i needed to,done
Show me how to i've said everything i needed to,done
Guide me to i've said everything i needed to,done
Can you explain how to i've said everything i needed to?,done
I need support with i've said everything i needed to,done
I want help with i've said everything i needed to,done
Give me advice about i've said everything i needed to,done
I don't have any more thoughts on this,done
Can you help me i don't have any more thoughts on this?,done
Could you help me i don't have any more thoughts on this?,done
I want to kill myself,suicide
Can you help me i want to kill myself?,suicide
Could you help me i want to kill myself?,suicide
Please help me i want to kill myself,suicide
I need help to i want to kill myself,suicide
Show me how to i want to kill myself,suicide
Guide me to i want to kill myself,suicide
Can you explain how to i want to kill myself?,suicide
I need support with i want to kill myself,suicide
I want help with i want to kill myself,suicide
Give me advice about i want to kill myself,suicide
I've thought about killing myself,suicide
Can you help me i've thought about killing myself?,suicide
Could you help me i've thought about killing myself?,suicide
Please help me i've thought about killing myself,suicide
I need help to i've thought about killing myself,suicide
Show me how to i've thought about killing myself,suicide
Guide me to i've thought about killing myself,suicide
Can you explain how to i've thought about killing myself?,suicide
I need support with i've thought about killing myself,suicide
I want help with i've thought about killing myself,suicide
Give me advice about i've thought about killing myself,suicide
I want to die,suicide
Can you help me i want to die?,suicide
Could you help me i want to die?,suicide
Please help me i want to die,suicide
I need help to i want to die,suicide
Show me how to i want to die,suicide
Guide me to i want to die,suicide
Can you explain how to i want to die?,suicide
I need support with i want to die,suicide
I want help with i want to die,suicide
Give me advice about i want to die,suicide
I am going to kill myself,suicide
Can you help me i am going to kill myself?,suicide
Could you help me i am going to kill myself?,suicide
Please help me i am going to kill myself,suicide
I need help to i am going to kill myself,suicide
Show me how to i am going to kill myself,suicide
Guide me to i am going to kill myself,suicide
Can you explain how to i am going to kill myself?,suicide
I need support with i am going to kill myself,suicide
I want help with i am going to kill myself,suicide
Give me advice about i am going to kill myself,suicide
I am going to commit suicide,suicide
Can you help me i am going to commit suicide?,suicide
Could you help me i am going to commit suicide?,suicide
Please help me i am going to commit suicide,suicide
I need help to i am going to commit suicide,suicide
Show me how to i am going to commit suicide,suicide
Guide me to i am going to commit suicide,suicide
Can you explain how to i am going to commit suicide?,suicide
I need support with i am going to commit suicide,suicide
I want help with i am going to commit suicide,suicide
Give me advice about i am going to commit suicide,suicide
I feel like ending my life,suicide
Can you help me i feel like ending my life?,suicide
Could you help me i feel like ending my life?,suicide
Please help me i feel like ending my life,suicide
I need help to i feel like ending my life,suicide
Show me how to i feel like ending my life,suicide
Guide me to i feel like ending my life,suicide
Can you explain how to i feel like ending my life?,suicide
I need support with i feel like ending my life,suicide
I want help with i feel like ending my life,suicide
Give me advice about i feel like ending my life,suicide
Life doesn't seem worth living,suicide
Can you help me life doesn't seem worth living?,suicide
Could you help me life doesn't seem worth living?,suicide
Please help me life doesn't seem worth living,suicide
I need help to life doesn't seem worth living,suicide
Show me how to life doesn't seem worth living,suicide
Guide me to life doesn't seem worth living,suicide
Can you explain how to life doesn't seem worth living?,suicide
I need support with life doesn't seem worth living,suicide
I want help with life doesn't seem worth living,suicide
Give me advice about life doesn't seem worth living,suicide
I can't go on anymore,suicide
Can you help me i can't go on anymore?,suicide
Could you help me i can't go on anymore?,suicide
I hate you,hate-you
Can you help me i hate you?,hate-you
Could you help me i hate you?,hate-you
Please help me i hate you,hate-you
I need help to i hate you,hate-you
Show me how to i hate you,hate-you
Guide me to i hate you,hate-you
Can you explain how to i hate you?,hate-you
I need support with i hate you,hate-you
I want help with i hate you,hate-you
Give me advice about i hate you,hate-you
I don't like you,hate-you
Can you help me i don't like you?,hate-you
Could you help me i don't like you?,hate-you
Please help me i don't like you,hate-you
I need help to i don't like you,hate-you
Show me how to i don't like you,hate-you
Guide me to i don't like you,hate-you
Can you explain how to i don't like you?,hate-you
I need support with i don't like you,hate-you
I want help with i don't like you,hate-you
Give me advice about i don't like you,hate-you
I don't trust you,hate-you
Can you help me i don't trust you?,hate-you
Could you help me i don't trust you?,hate-you
Please help me i don't trust you,hate-you
I need help to i don't trust you,hate-you
Show me how to i don't trust you,hate-you
Guide me to i don't trust you,hate-you
Can you explain how to i don't trust you?,hate-you
I need support with i don't trust you,hate-you
I want help with i don't trust you,hate-you
Give me advice about i don't trust you,hate-you
You're useless,hate-you
Can you help me you're useless?,hate-you
Could you help me you're useless?,hate-you
Please help me you're useless,hate-you
I need help to you're useless,hate-you
Show me how to you're useless,hate-you
Guide me to you're useless,hate-you
Can you explain how to you're useless?,hate-you
I need support with you're useless,hate-you
I want help with you're useless,hate-you
Give me advice about you're useless,hate-you
I can't stand you,hate-you
Can you help me i can't stand you?,hate-you
Could you help me i can't stand you?,hate-you
Please help me i can't stand you,hate-you
I need help to i can't stand you,hate-you
Show me how to i can't stand you,hate-you
Guide me to i can't stand you,hate-you
Can you explain how to i can't stand you?,hate-you
I need support with i can't stand you,hate-you
I want help with i can't stand you,hate-you
Give me advice about i can't stand you,hate-you
You're so annoying,hate-you
Can you help me you're so annoying?,hate-you
Could you help me you're so annoying?,hate-you
Please help me you're so annoying,hate-you
I need help to you're so annoying,hate-you
Show me how to you're so annoying,hate-you
Guide me to you're so annoying,hate-you
Can you explain how to you're so annoying?,hate-you
I need support with you're so annoying,hate-you
I want help with you're so annoying,hate-you
Give me advice about you're so annoying,hate-you
Why are you even here?,hate-you
Can you explain why are you even here?,hate-you
Could you explain why are you even here?,hate-you
Can you tell me why are you even here?,hate-you
Could you tell me why are you even here?,hate-you
Help me understand why are you even here?,hate-you
I want to know why are you even here?,hate-you
I'd like to know why are you even here?,hate-you
Why are you even here please?,hate-you
Why are you even here briefly?,hate-you
Why are you even here in simple words?,hate-you
Why are you even here clearly?,hate-you
Why are you even here for me?,hate-you
Quick question: why are you even here?,hate-you
You hate me,hate-me
Can you help me you hate me?,hate-me
Could you help me you hate me?,hate-me
Please help me you hate me,hate-me
I need help to you hate me,hate-me
Show me how to you hate me,hate-me
Guide me to you hate me,hate-me
Can you explain how to you hate me?,hate-me
I need support with you hate me,hate-me
I want help with you hate me,hate-me
Give me advice about you hate me,hate-me
I know you hate me,hate-me
Can you help me i know you hate me?,hate-me
Could you help me i know you hate me?,hate-me
Please help me i know you hate me,hate-me
I need help to i know you hate me,hate-me
Show me how to i know you hate me,hate-me
Guide me to i know you hate me,hate-me
Can you explain how to i know you hate me?,hate-me
I need support with i know you hate me,hate-me
I want help with i know you hate me,hate-me
Give me advice about i know you hate me,hate-me
You don't like me,hate-me
Can you help me you don't like me?,hate-me
Could you help me you don't like me?,hate-me
Please help me you don't like me,hate-me
I need help to you don't like me,hate-me
Show me how to you don't like me,hate-me
Guide me to you don't like me,hate-me
Can you explain how to you don't like me?,hate-me
I need support with you don't like me,hate-me
I want help with you don't like me,hate-me
Give me advice about you don't like me,hate-me
I feel like you hate me,hate-me
Can you help me i feel like you hate me?,hate-me
Could you help me i feel like you hate me?,hate-me
Please help me i feel like you hate me,hate-me
I need help to i feel like you hate me,hate-me
Show me how to i feel like you hate me,hate-me
Guide me to i feel like you hate me,hate-me
Can you explain how to i feel like you hate me?,hate-me
I need support with i feel like you hate me,hate-me
I want help with i feel like you hate me,hate-me
Give me advice about i feel like you hate me,hate-me
You must hate me,hate-me
Can you help me you must hate me?,hate-me
Could you help me you must hate me?,hate-me
Please help me you must hate me,hate-me
I need help to you must hate me,hate-me
Show me how to you must hate me,hate-me
Guide me to you must hate me,hate-me
Can you explain how to you must hate me?,hate-me
I need support with you must hate me,hate-me
I want help with you must hate me,hate-me
Give me advice about you must hate me,hate-me
I think you dislike me,hate-me
Can you help me i think you dislike me?,hate-me
Could you help me i think you dislike me?,hate-me
Please help me i think you dislike me,hate-me
I need help to i think you dislike me,hate-me
Show me how to i think you dislike me,hate-me
Guide me to i think you dislike me,hate-me
Can you explain how to i think you dislike me?,hate-me
I need support with i think you dislike me,hate-me
I want help with i think you dislike me,hate-me
Give me advice about i think you dislike me,hate-me
You're against me,hate-me
Can you help me you're against me?,hate-me
Could you help me you're against me?,hate-me
Please help me you're against me,hate-me
I need help to you're against me,hate-me
Show me how to you're against me,hate-me
Guide me to you're against me,hate-me
Can you explain how to you're against me?,hate-me
I need support with you're against me,hate-me
I want help with you're against me,hate-me
Give me advice about you're against me,hate-me
I sense animosity from you,hate-me
Can you help me i sense animosity from you?,hate-me
Could you help me i sense animosity from you?,hate-me
Exams,default
Can you help me exams?,default
Could you help me exams?,default
Please help me exams,default
I need help to exams,default
Show me how to exams,default
Guide me to exams,default
Can you explain how to exams?,default
I need support with exams,default
I want help with exams,default
Give me advice about exams,default
Friends,default
Can you help me friends?,default
Could you help me friends?,default
Please help me friends,default
I need help to friends,default
Show me how to friends,default
Guide me to friends,default
Can you explain how to friends?,default
I need support with friends,default
I want help with friends,default
Give me advice about friends,default
Relationship,default
Can you help me relationship?,default
Could you help me relationship?,default
Please help me relationship,default
I need help to relationship,default
Show me how to relationship,default
Guide me to relationship,default
Can you explain how to relationship?,default
I need support with relationship,default
I want help with relationship,default
Give me advice about relationship,default
Boyfriend,default
Can you help me boyfriend?,default
Could you help me boyfriend?,default
Please help me boyfriend,default
I need help to boyfriend,default
Show me how to boyfriend,default
Guide me to boyfriend,default
Can you explain how to boyfriend?,default
I need support with boyfriend,default
I want help with boyfriend,default
Give me advice about boyfriend,default
Girlfriend,default
Can you help me girlfriend?,default
Could you help me girlfriend?,default
Please help me girlfriend,default
I need help to girlfriend,default
Show me how to girlfriend,default
Guide me to girlfriend,default
Can you explain how to girlfriend?,default
I need support with girlfriend,default
I want help with girlfriend,default
Give me advice about girlfriend,default
Family,default
Can you help me family?,default
Could you help me family?,default
Please help me family,default
I need help to family,default
Show me how to family,default
Guide me to family,default
Can you explain how to family?,default
I need support with family,default
I want help with family,default
Give me advice about family,default
Money,default
Can you help me money?,default
Could you help me money?,default
Please help me money,default
I need help to money,default
Show me how to money,default
Guide me to money,default
Can you explain how to money?,default
I need support with money,default
I want help with money,default
Give me advice about money,default
Financial problems,default
Can you help me financial problems?,default
Could you help me financial problems?,default
Tell me a joke,jokes
Can you help me tell me a joke?,jokes
Could you help me tell me a joke?,jokes
Please help me tell me a joke,jokes
I need help to tell me a joke,jokes
Show me how to tell me a joke,jokes
Guide me to tell me a joke,jokes
Can you explain how to tell me a joke?,jokes
I need support with tell me a joke,jokes
I want help with tell me a joke,jokes
Give me advice about tell me a joke,jokes
Tell me another joke,jokes
Can you help me tell me another joke?,jokes
Could you help me tell me another joke?,jokes
Please help me tell me another joke,jokes
I need help to tell me another joke,jokes
Show me how to tell me another joke,jokes
Guide me to tell me another joke,jokes
Can you explain how to tell me another joke?,jokes
I need support with tell me another joke,jokes
I want help with tell me another joke,jokes
Give me advice about tell me another joke,jokes
Do you know any jokes?,jokes
Do you know any jokes please?,jokes
Do you know any jokes briefly?,jokes
Do you know any jokes in simple words?,jokes
Do you know any jokes clearly?,jokes
Do you know any jokes for me?,jokes
Quick question: do you know any jokes?,jokes
I have a question: do you know any jokes?,jokes
Give me something to laugh about,jokes
Can you help me give me something to laugh about?,jokes
Could you help me give me something to laugh about?,jokes
Please help me give me something to laugh about,jokes
I need help to give me something to laugh about,jokes
Show me how to give me something to laugh about,jokes
Guide me to give me something to laugh about,jokes
Can you explain how to give me something to laugh about?,jokes
I need support with give me something to laugh about,jokes
I want help with give me something to laugh about,jokes
Give me advice about give me something to laugh about,jokes
I need a good laugh,jokes
Can you help me i need a good laugh?,jokes
Could you help me i need a good laugh?,jokes
Please help me i need a good laugh,jokes
I need help to i need a good laugh,jokes
Show me how to i need a good laugh,jokes
Guide me to i need a good laugh,jokes
Can you explain how to i need a good laugh?,jokes
I need support with i need a good laugh,jokes
I want help with i need a good laugh,jokes
Give me advice about i need a good laugh,jokes
Can you tell me something funny?,jokes
Can you explain can you tell me something funny?,jokes
Could you explain can you tell me something funny?,jokes
Can you tell me can you tell me something funny?,jokes
Could you tell me can you tell me something funny?,jokes
Help me understand can you tell me something funny?,jokes
I want to know can you tell me something funny?,jokes
I'd like to know can you tell me something funny?,jokes
Can you tell me something funny please?,jokes
Can you tell me something funny briefly?,jokes
Can you tell me something funny in simple words?,jokes
Can you tell me something funny clearly?,jokes
Can you tell me something funny for me?,jokes
Quick question: can you tell me something funny?,jokes
I have a question: can you tell me something funny?,jokes
How about a joke?,jokes
Can you explain how about a joke?,jokes
Could you explain how about a joke?,jokes
Can you tell me how about a joke?,jokes
Could you tell me how about a joke?,jokes
Help me understand how about a joke?,jokes
I want to know how about a joke?,jokes
I'd like to know how about a joke?,jokes
How about a joke please?,jokes
How about a joke briefly?,jokes
How about a joke in simple words?,jokes
How about a joke clearly?,jokes
How about a joke for me?,jokes
I've heard that before,repeat
Can you help me i've heard that before?,repeat
Could you help me i've heard that before?,repeat
Please help me i've heard that before,repeat
I need help to i've heard that before,repeat
Show me how to i've heard that before,repeat
Guide me to i've heard that before,repeat
Can you explain how to i've heard that before?,repeat
I need support with i've heard that before,repeat
I want help with i've heard that before,repeat
Give me advice about i've heard that before,repeat
You're saying the same thing,repeat
Can you help me you're saying the same thing?,repeat
Could you help me you're saying the same thing?,repeat
Please help me you're saying the same thing,repeat
I need help to you're saying the same thing,repeat
Show me how to you're saying the same thing,repeat
Guide me to you're saying the same thing,repeat
Can you explain how to you're saying the same thing?,repeat
I need support with you're saying the same thing,repeat
I want help with you're saying the same thing,repeat
Give me advice about you're saying the same thing,repeat
Didn't you already mention that?,repeat
Didn't you already mention that please?,repeat
Didn't you already mention that briefly?,repeat
Didn't you already mention that in simple words?,repeat
Didn't you already mention that clearly?,repeat
Didn't you already mention that for me?,repeat
Quick question: didn't you already mention that?,repeat
I have a question: didn't you already mention that?,repeat
You're repeating what you said,repeat
Can you help me you're repeating what you said?,repeat
Could you help me you're repeating what you said?,repeat
Please help me you're repeating what you said,repeat
I need help to you're repeating what you said,repeat
Show me how to you're repeating what you said,repeat
Guide me to you're repeating what you said,repeat
Can you explain how to you're repeating what you said?,repeat
I need support with you're repeating what you said,repeat
I want help with you're repeating what you said,repeat
Give me advice about you're repeating what you said,repeat
I remember you saying that,repeat
Can you help me i remember you saying that?,repeat
Could you help me i remember you saying that?,repeat
Please help me i remember you saying that,repeat
I need help to i remember you saying that,repeat
Show me how to i remember you saying that,repeat
Guide me to i remember you saying that,repeat
Can you explain how to i remember you saying that?,repeat
I need support with i remember you saying that,repeat
I want help with i remember you saying that,repeat
Give me advice about i remember you saying that,repeat
This sounds familiar,repeat
Can you help me this sounds familiar?,repeat
Could you help me this sounds familiar?,repeat
Please help me this sounds familiar,repeat
I need help to this sounds familiar,repeat
Show me how to this sounds familiar,repeat
Guide me to this sounds familiar,repeat
Can you explain how to this sounds familiar?,repeat
I need support with this sounds familiar,repeat
I want help with this sounds familiar,repeat
Give me advice about this sounds familiar,repeat
You're going in circles,repeat
Can you help me you're going in circles?,repeat
Could you help me you're going in circles?,repeat
Please help me you're going in circles,repeat
I need help to you're going in circles,repeat
Show me how to you're going in circles,repeat
Guide me to you're going in circles,repeat
Can you explain how to you're going in circles?,repeat
I need support with you're going in circles,repeat
I want help with you're going in circles,repeat
Give me advice about you're going in circles,repeat
That's déjà vu,repeat
Can you help me that's déjà vu?,repeat
Could you help me that's déjà vu?,repeat
Please help me that's déjà vu,repeat
I need help to that's déjà vu,repeat
Show me how to that's déjà vu,repeat
That's not quite accurate,wrong
Can you help me that's not quite accurate?,wrong
Could you help me that's not quite accurate?,wrong
Please help me that's not quite accurate,wrong
I need help to that's not quite accurate,wrong
Show me how to that's not quite accurate,wrong
Guide me to that's not quite accurate,wrong
Can you explain how to that's not quite accurate?,wrong
I need support with that's not quite accurate,wrong
I want help with that's not quite accurate,wrong
Give me advice about that's not quite accurate,wrong
I'm not convinced by that,wrong
Can you help me i'm not convinced by that?,wrong
Could you help me i'm not convinced by that?,wrong
Please help me i'm not convinced by that,wrong
I need help to i'm not convinced by that,wrong
Show me how to i'm not convinced by that,wrong
Guide me to i'm not convinced by that,wrong
Can you explain how to i'm not convinced by that?,wrong
I need support with i'm not convinced by that,wrong
I want help with i'm not convinced by that,wrong
Give me advice about i'm not convinced by that,wrong
That doesn't seem right,wrong
Can you help me that doesn't seem right?,wrong
Could you help me that doesn't seem right?,wrong
Please help me that doesn't seem right,wrong
I need help to that doesn't seem right,wrong
Show me how to that doesn't seem right,wrong
Guide me to that doesn't seem right,wrong
Can you explain how to that doesn't seem right?,wrong
I need support with that doesn't seem right,wrong
I want help with that doesn't seem right,wrong
Give me advice about that doesn't seem right,wrong
I'm not sure about that one,wrong
Can you help me i'm not sure about that one?,wrong
Could you help me i'm not sure about that one?,wrong
Please help me i'm not sure about that one,wrong
I need help to i'm not sure about that one,wrong
Show me how to i'm not sure about that one,wrong
Guide me to i'm not sure about that one,wrong
Can you explain how to i'm not sure about that one?,wrong
I need support with i'm not sure about that one,wrong
I want help with i'm not sure about that one,wrong
Give me advice about i'm not sure about that one,wrong
I don't think that's accurate,wrong
Can you help me i don't think that's accurate?,wrong
Could you help me i don't think that's accurate?,wrong
Please help me i don't think that's accurate,wrong
I need help to i don't think that's accurate,wrong
Show me how to i don't think that's accurate,wrong
Guide me to i don't think that's accurate,wrong
Can you explain how to i don't think that's accurate?,wrong
I need support with i don't think that's accurate,wrong
I want help with i don't think that's accurate,wrong
Give me advice about i don't think that's accurate,wrong
That's not what i had in mind,wrong
Can you help me that's not what i had in mind?,wrong
Could you help me that's not what i had in mind?,wrong
Please help me that's not what i had in mind,wrong
I need help to that's not what i had in mind,wrong
Show me how to that's not what i had in mind,wrong
Guide me to that's not what i had in mind,wrong
Can you explain how to that's not what i had in mind?,wrong
I need support with that's not what i had in mind,wrong
I want help with that's not what i had in mind,wrong
Give me advice about that's not what i had in mind,wrong
That's not what i'm looking for,wrong
Can you help me that's not what i'm looking for?,wrong
Could you help me that's not what i'm looking for?,wrong
Please help me that's not what i'm looking for,wrong
I need help to that's not what i'm looking for,wrong
Show me how to that's not what i'm looking for,wrong
Guide me to that's not what i'm looking for,wrong
Can you explain how to that's not what i'm looking for?,wrong
I need support with that's not what i'm looking for,wrong
I want help with that's not what i'm looking for,wrong
Give me advice about that's not what i'm looking for,wrong
I'm not sure if that's the right answer,wrong
Can you help me i'm not sure if that's the right answer?,wrong
Could you help me i'm not sure if that's the right answer?,wrong
You're so stupid,stupid
Can you help me you're so stupid?,stupid
Could you help me you're so stupid?,stupid
Please help me you're so stupid,stupid
I need help to you're so stupid,stupid
Show me how to you're so stupid,stupid
Guide me to you're so stupid,stupid
Can you explain how to you're so stupid?,stupid
I need support with you're so stupid,stupid
I want help with you're so stupid,stupid
Give me advice about you're so stupid,stupid
You're such an idiot,stupid
Can you help me you're such an idiot?,stupid
Could you help me you're such an idiot?,stupid
Please help me you're such an idiot,stupid
I need help to you're such an idiot,stupid
Show me how to you're such an idiot,stupid
Guide me to you're such an idiot,stupid
Can you explain how to you're such an idiot?,stupid
I need support with you're such an idiot,stupid
I want help with you're such an idiot,stupid
Give me advice about you're such an idiot,stupid
You're acting dumb,stupid
Can you help me you're acting dumb?,stupid
Could you help me you're acting dumb?,stupid
Please help me you're acting dumb,stupid
I need help to you're acting dumb,stupid
Show me how to you're acting dumb,stupid
Guide me to you're acting dumb,stupid
Can you explain how to you're acting dumb?,stupid
I need support with you're acting dumb,stupid
I want help with you're acting dumb,stupid
Give me advice about you're acting dumb,stupid
Are you even listening?,stupid
Can you explain are you even listening?,stupid
Could you explain are you even listening?,stupid
Can you tell me are you even listening?,stupid
Could you tell me are you even listening?,stupid
Help me understand are you even listening?,stupid
I want to know are you even listening?,stupid
I'd like to know are you even listening?,stupid
Are you even listening please?,stupid
Are you even listening briefly?,stupid
Are you even listening in simple words?,stupid
Are you even listening clearly?,stupid
Are you even listening for me?,stupid
Quick question: are you even listening?,stupid
I have a question: are you even listening?,stupid
Do you have a brain?,stupid
Do you have a brain please?,stupid
Do you have a brain briefly?,stupid
Do you have a brain in simple words?,stupid
Do you have a brain clearly?,stupid
Do you have a brain for me?,stupid
Quick question: do you have a brain?,stupid
I have a question: do you have a brain?,stupid
You're not making any sense,stupid
Can you help me you're not making any sense?,stupid
Could you help me you're not making any sense?,stupid
Please help me you're not making any sense,stupid
I need help to you're not making any sense,stupid
Show me how to you're not making any sense,stupid
Guide me to you're not making any sense,stupid
Can you explain how to you're not making any sense?,stupid
I need support with you're not making any sense,stupid
I want help with you're not making any sense,stupid
Give me advice about you're not making any sense,stupid
You're clueless,stupid
Can you help me you're clueless?,stupid
Could you help me you're clueless?,stupid
Please help me you're clueless,stupid
I need help to you're clueless,stupid
Show me how to you're clueless,stupid
Guide me to you're clueless,stupid
Can you explain how to you're clueless?,stupid
I need support with you're clueless,stupid
I want help with you're clueless,stupid
Give me advice about you're clueless,stupid
You're not very bright,stupid
Can you help me you're not very bright?,stupid
Where are you from?,location
Can you explain where are you from?,location
Could you explain where are you from?,location
Can you tell me where are you from?,location
Could you tell me where are you from?,location
Help me understand where are you from?,location
I want to know where are you from?,location
I'd like to know where are you from?,location
Where are you from please?,location
Where are you from briefly?,location
Where are you from in simple words?,location
Where are you from clearly?,location
Where are you from for me?,location
Quick question: where are you from?,location
I have a question: where are you from?,location
Where are you located?,location
Can you explain where are you located?,location
Could you explain where are you located?,location
Can you tell me where are you located?,location
Could you tell me where are you located?,location
Help me understand where are you located?,location
I want to know where are you located?,location
I'd like to know where are you located?,location
Where are you located please?,location
Where are you located briefly?,location
Where are you located in simple words?,location
Where are you located clearly?,location
Where are you located for me?,location
Quick question: where are you located?,location
I have a question: where are you located?,location
Where do you live?,location
Can you explain where do you live?,location
Could you explain where do you live?,location
Can you tell me where do you live?,location
Could you tell me where do you live?,location
Help me understand where do you live?,location
I want to know where do you live?,location
I'd like to know where do you live?,location
Where do you live please?,location
Where do you live briefly?,location
Where do you live in simple words?,location
Where do you live clearly?,location
Where do you live for me?,location
Quick question: where do you live?,location
I have a question: where do you live?,location
What country are you for?,location
Can you explain what country are you for?,location
Could you explain what country are you for?,location
Can you tell me what country are you for?,location
Could you tell me what country are you for?,location
Help me understand what country are you for?,location
I want to know what country are you for?,location
I'd like to know what country are you for?,location
What country are you for please?,location
What country are you for briefly?,location
What country are you for in simple words?,location
What country are you for clearly?,location
What country are you for for me?,location
Quick question: what country are you for?,location
I have a question: what country are you for?,location
Are you available in morocco?,location
Can you explain are you available in morocco?,location
Could you explain are you available in morocco?,location
Can you tell me are you available in morocco?,location
Could you tell me are you available in morocco?,location
Help me understand are you available in morocco?,location
I want to know are you available in morocco?,location
I'd like to know are you available in morocco?,location
Are you available in morocco please?,location
Are you available in morocco briefly?,location
Are you available in morocco in simple words?,location
Are you available in morocco clearly?,location
Are you available in morocco for me?,location
Quick question: are you available in morocco?,location
I have a question: are you available in morocco?,location
Are you located nearby?,location
Can you explain are you located nearby?,location
Could you explain are you located nearby?,location
Can you tell me are you located nearby?,location
Could you tell me are you located nearby?,location
Let's change the subject,something-else
Can you help me let's change the subject?,something-else
Could you help me let's change the subject?,something-else
Please help me let's change the subject,something-else
I need help to let's change the subject,something-else
Show me how to let's change the subject,something-else
Guide me to let's change the subject,something-else
Can you explain how to let's change the subject?,something-else
I need support with let's change the subject,something-else
I want help with let's change the subject,something-else
Give me advice about let's change the subject,something-else
Can we discuss something different?,something-else
Can you explain can we discuss something different?,something-else
Could you explain can we discuss something different?,something-else
Can you tell me can we discuss something different?,something-else
Could you tell me can we discuss something different?,something-else
Help me understand can we discuss something different?,something-else
I want to know can we discuss something different?,something-else
I'd like to know can we discuss something different?,something-else
Can we discuss something different please?,something-else
Can we discuss something different briefly?,something-else
Can we discuss something different in simple words?,something-else
Can we discuss something different clearly?,something-else
Can we discuss something different for me?,something-else
Quick question: can we discuss something different?,something-else
I have a question: can we discuss something different?,something-else
I'm not interested in this topic,something-else
Can you help me i'm not interested in this topic?,something-else
Could you help me i'm not interested in this topic?,something-else
Please help me i'm not interested in this topic,something-else
I need help to i'm not interested in this topic,something-else
Show me how to i'm not interested in this topic,something-else
Guide me to i'm not interested in this topic,something-else
Can you explain how to i'm not interested in this topic?,something-else
I need support with i'm not interested in this topic,something-else
I want help with i'm not interested in this topic,something-else
Give me advice about i'm not interested in this topic,something-else
This topic doesn't interest me,something-else
Can you help me this topic doesn't interest me?,something-else
Could you help me this topic doesn't interest me?,something-else
Please help me this topic doesn't interest me,something-else
I need help to this topic doesn't interest me,something-else
Show me how to this topic doesn't interest me,something-else
Guide me to this topic doesn't interest me,something-else
Can you explain how to this topic doesn't interest me?,something-else
I need support with this topic doesn't interest me,something-else
I want help with this topic doesn't interest me,something-else
Give me advice about this topic doesn't interest me,something-else
Can we talk about something else instead?,something-else
Can you explain can we talk about something else instead?,something-else
Could you explain can we talk about something else instead?,something-else
Can you tell me can we talk about something else instead?,something-else
Could you tell me can we talk about something else instead?,something-else
Help me understand can we talk about something else instead?,something-else
I want to know can we talk about something else instead?,something-else
I'd like to know can we talk about something else instead?,something-else
Can we talk about something else instead please?,something-else
Can we talk about something else instead briefly?,something-else
Can we talk about something else instead in simple words?,something-else
Can we talk about something else instead clearly?,something-else
Can we talk about something else instead for me?,something-else
Quick question: can we talk about something else instead?,something-else
I have a question: can we talk about something else instead?,something-else
I'd like to shift the conversation to something else,something-else
Can you help me i'd like to shift the conversation to something else?,something-else
Could you help me i'd like to shift the conversation to something else?,something-else
Please help me i'd like to shift the conversation to something else,something-else
I need help to i'd like to shift the conversation to something else,something-else
Show me how to i'd like to shift the conversation to something else,something-else
Guide me to i'd like to shift the conversation to something else,something-else
Can you explain how to i'd like to shift the conversation to something else?,something-else
I need support with i'd like to shift the conversation to something else,something-else
I want help with i'd like to shift the conversation to something else,something-else
Give me advice about i'd like to shift the conversation to something else,something-else
I'm bored of this topic. let's talk about something else,something-else
Can you help me i'm bored of this topic. let's talk about something else?,something-else
Could you help me i'm bored of this topic. let's talk about something else?,something-else
Please help me i'm bored of this topic. let's talk about something else,something-else
I need help to i'm bored of this topic. let's talk about something else,something-else
Show me how to i'm bored of this topic. let's talk about something else,something-else
I feel like i'm always the one who feels like i'm being pushed away,friends
Can you help me i feel like i'm always the one who feels like i'm being pushed away?,friends
Could you help me i feel like i'm always the one who feels like i'm being pushed away?,friends
Please help me i feel like i'm always the one who feels like i'm being pushed away,friends
I need help to i feel like i'm always the one who feels like i'm being pushed away,friends
Show me how to i feel like i'm always the one who feels like i'm being pushed away,friends
Guide me to i feel like i'm always the one who feels like i'm being pushed away,friends
Can you explain how to i feel like i'm always the one who feels like i'm being pushed away?,friends
I need support with i feel like i'm always the one who feels like i'm being pushed away,friends
I want help with i feel like i'm always the one who feels like i'm being pushed away,friends
Give me advice about i feel like i'm always the one who feels like i'm being pushed away,friends
I feel like i'm always the one who feels like i'm being ignored,friends
Can you help me i feel like i'm always the one who feels like i'm being ignored?,friends
Could you help me i feel like i'm always the one who feels like i'm being ignored?,friends
Please help me i feel like i'm always the one who feels like i'm being ignored,friends
I need help to i feel like i'm always the one who feels like i'm being ignored,friends
Show me how to i feel like i'm always the one who feels like i'm being ignored,friends
Guide me to i feel like i'm always the one who feels like i'm being ignored,friends
Can you explain how to i feel like i'm always the one who feels like i'm being ignored?,friends
I need support with i feel like i'm always the one who feels like i'm being ignored,friends
I want help with i feel like i'm always the one who feels like i'm being ignored,friends
Give me advice about i feel like i'm always the one who feels like i'm being ignored,friends
I feel like i'm always the one who feels like i'm being avoided,friends
Can you help me i feel like i'm always the one who feels like i'm being avoided?,friends
Could you help me i feel like i'm always the one who feels like i'm being avoided?,friends
Please help me i feel like i'm always the one who feels like i'm being avoided,friends
I need help to i feel like i'm always the one who feels like i'm being avoided,friends
Show me how to i feel like i'm always the one who feels like i'm being avoided,friends
Guide me to i feel like i'm always the one who feels like i'm being avoided,friends
Can you explain how to i feel like i'm always the one who feels like i'm being avoided?,friends
I need support with i feel like i'm always the one who feels like i'm being avoided,friends
I want help with i feel like i'm always the one who feels like i'm being avoided,friends
Give me advice about i feel like i'm always the one who feels like i'm being avoided,friends
I feel like i'm always the one who feels like i'm being excluded,friends
Can you help me i feel like i'm always the one who feels like i'm being excluded?,friends
Could you help me i feel like i'm always the one who feels like i'm being excluded?,friends
Please help me i feel like i'm always the one who feels like i'm being excluded,friends
I need help to i feel like i'm always the one who feels like i'm being excluded,friends
Show me how to i feel like i'm always the one who feels like i'm being excluded,friends
Guide me to i feel like i'm always the one who feels like i'm being excluded,friends
Can you explain how to i feel like i'm always the one who feels like i'm being excluded?,friends
I need support with i feel like i'm always the one who feels like i'm being excluded,friends
I want help with i feel like i'm always the one who feels like i'm being excluded,friends
Give me advice about i feel like i'm always the one who feels like i'm being excluded,friends
I feel like i'm always the one who feels like i'm being isolated,friends
Can you help me i feel like i'm always the one who feels like i'm being isolated?,friends
Could you help me i feel like i'm always the one who feels like i'm being isolated?,friends
Please help me i feel like i'm always the one who feels like i'm being isolated,friends
I need help to i feel like i'm always the one who feels like i'm being isolated,friends
Show me how to i feel like i'm always the one who feels like i'm being isolated,friends
Guide me to i feel like i'm always the one who feels like i'm being isolated,friends
Can you explain how to i feel like i'm always the one who feels like i'm being isolated?,friends
I need support with i feel like i'm always the one who feels like i'm being isolated,friends
I want help with i feel like i'm always the one who feels like i'm being isolated,friends
Give me advice about i feel like i'm always the one who feels like i'm being isolated,friends
I feel like i'm always the one who feels like i'm being shunned,friends
Can you help me i feel like i'm always the one who feels like i'm being shunned?,friends
Could you help me i feel like i'm always the one who feels like i'm being shunned?,friends
Please help me i feel like i'm always the one who feels like i'm being shunned,friends
I need help to i feel like i'm always the one who feels like i'm being shunned,friends
Show me how to i feel like i'm always the one who feels like i'm being shunned,friends
Guide me to i feel like i'm always the one who feels like i'm being shunned,friends
Can you explain how to i feel like i'm always the one who feels like i'm being shunned?,friends
I need support with i feel like i'm always the one who feels like i'm being shunned,friends
I want help with i feel like i'm always the one who feels like i'm being shunned,friends
Give me advice about i feel like i'm always the one who feels like i'm being shunned,friends
I feel like i'm always the one who feels like i'm being sidelined,friends
Can you help me i feel like i'm always the one who feels like i'm being sidelined?,friends
Could you help me i feel like i'm always the one who feels like i'm being sidelined?,friends
Please help me i feel like i'm always the one who feels like i'm being sidelined,friends
I need help to i feel like i'm always the one who feels like i'm being sidelined,friends
Show me how to i feel like i'm always the one who feels like i'm being sidelined,friends
Guide me to i feel like i'm always the one who feels like i'm being sidelined,friends
Can you explain how to i feel like i'm always the one who feels like i'm being sidelined?,friends
I need support with i feel like i'm always the one who feels like i'm being sidelined,friends
I want help with i feel like i'm always the one who feels like i'm being sidelined,friends
Give me advice about i feel like i'm always the one who feels like i'm being sidelined,friends
I feel like i'm always the one who feels like i'm being snubbed,friends
Can you help me i feel like i'm always the one who feels like i'm being snubbed?,friends
Could you help me i feel like i'm always the one who feels like i'm being snubbed?,friends
"I have a question for you, if that's okay?",ask
"I have a question for you, if that's okay please?",ask
"I have a question for you, if that's okay briefly?",ask
"I have a question for you, if that's okay in simple words?",ask
"I have a question for you, if that's okay clearly?",ask
"I have a question for you, if that's okay for me?",ask
"Quick question: i have a question for you, if that's okay?",ask
"I have a question: i have a question for you, if that's okay?",ask
Is now a good time for me to ask something?,ask
Can you explain is now a good time for me to ask something?,ask
Could you explain is now a good time for me to ask something?,ask
Can you tell me is now a good time for me to ask something?,ask
Could you tell me is now a good time for me to ask something?,ask
Help me understand is now a good time for me to ask something?,ask
I want to know is now a good time for me to ask something?,ask
I'd like to know is now a good time for me to ask something?,ask
Is now a good time for me to ask something please?,ask
Is now a good time for me to ask something briefly?,ask
Is now a good time for me to ask something in simple words?,ask
Is now a good time for me to ask something clearly?,ask
Is now a good time for me to ask something for me?,ask
Quick question: is now a good time for me to ask something?,ask
I have a question: is now a good time for me to ask something?,ask
Can i get your opinion on something?,ask
Can you explain can i get your opinion on something?,ask
Could you explain can i get your opinion on something?,ask
Can you tell me can i get your opinion on something?,ask
Could you tell me can i get your opinion on something?,ask
Help me understand can i get your opinion on something?,ask
I want to know can i get your opinion on something?,ask
I'd like to know can i get your opinion on something?,ask
Can i get your opinion on something please?,ask
Can i get your opinion on something briefly?,ask
Can i get your opinion on something in simple words?,ask
Can i get your opinion on something clearly?,ask
Can i get your opinion on something for me?,ask
Quick question: can i get your opinion on something?,ask
I have a question: can i get your opinion on something?,ask
Do you have a moment to answer a question?,ask
Do you have a moment to answer a question please?,ask
Do you have a moment to answer a question briefly?,ask
Do you have a moment to answer a question in simple words?,ask
Do you have a moment to answer a question clearly?,ask
Do you have a moment to answer a question for me?,ask
Quick question: do you have a moment to answer a question?,ask
I have a question: do you have a moment to answer a question?,ask
Mind if i pick your brain about something?,ask
Mind if i pick your brain about something please?,ask
Mind if i pick your brain about something briefly?,ask
Mind if i pick your brain about something in simple words?,ask
Mind if i pick your brain about something clearly?,ask
Mind if i pick your brain about something for me?,ask
Quick question: mind if i pick your brain about something?,ask
I have a question: mind if i pick your brain about something?,ask
Is it alright if i seek your expertise?,ask
Can you explain is it alright if i seek your expertise?,ask
Could you explain is it alright if i seek your expertise?,ask
Can you tell me is it alright if i seek your expertise?,ask
Could you tell me is it alright if i seek your expertise?,ask
Help me understand is it alright if i seek your expertise?,ask
I want to know is it alright if i seek your expertise?,ask
I'd like to know is it alright if i seek your expertise?,ask
Is it alright if i seek your expertise please?,ask
Is it alright if i seek your expertise briefly?,ask
Is it alright if i seek your expertise in simple words?,ask
Is it alright if i seek your expertise clearly?,ask
Is it alright if i seek your expertise for me?,ask
Quick question: is it alright if i seek your expertise?,ask
I have a question: is it alright if i seek your expertise?,ask
May i seek your advice on a matter?,ask
May i seek your advice on a matter please?,ask
May i seek your advice on a matter briefly?,ask
May i seek your advice on a matter in simple words?,ask
May i seek your advice on a matter clearly?,ask
May i seek your advice on a matter for me?,ask
Quick question: may i seek your advice on a matter?,ask
I have a question: may i seek your advice on a matter?,ask
Would it be alright if i asked for your thoughts?,ask
Would it be alright if i asked for your thoughts please?,ask
Would it be alright if i asked for your thoughts briefly?,ask
I'm feeling anxious because i have a presentation coming up,problem
Can you help me i'm feeling anxious because i have a presentation coming up?,problem
Could you help me i'm feeling anxious because i have a presentation coming up?,problem
Please help me i'm feeling anxious because i have a presentation coming up,problem
I need help to i'm feeling anxious because i have a presentation coming up,problem
Show me how to i'm feeling anxious because i have a presentation coming up,problem
Guide me to i'm feeling anxious because i have a presentation coming up,problem
Can you explain how to i'm feeling anxious because i have a presentation coming up?,problem
I need support with i'm feeling anxious because i have a presentation coming up,problem
I want help with i'm feeling anxious because i have a presentation coming up,problem
Give me advice about i'm feeling anxious because i have a presentation coming up,problem
I think i'm feeling stressed because of the workload at my job,problem
Can you help me i think i'm feeling stressed because of the workload at my job?,problem
Could you help me i think i'm feeling stressed because of the workload at my job?,problem
Please help me i think i'm feeling stressed because of the workload at my job,problem
I need help to i think i'm feeling stressed because of the workload at my job,problem
Show me how to i think i'm feeling stressed because of the workload at my job,problem
Guide me to i think i'm feeling stressed because of the workload at my job,problem
Can you explain how to i think i'm feeling stressed because of the workload at my job?,problem
I need support with i think i'm feeling stressed because of the workload at my job,problem
I want help with i think i'm feeling stressed because of the workload at my job,problem
Give me advice about i think i'm feeling stressed because of the workload at my job,problem
I'm feeling overwhelmed because i have too many assignments to complete,problem
Can you help me i'm feeling overwhelmed because i have too many assignments to complete?,problem
Could you help me i'm feeling overwhelmed because i have too many assignments to complete?,problem
Please help me i'm feeling overwhelmed because i have too many assignments to complete,problem
I need help to i'm feeling overwhelmed because i have too many assignments to complete,problem
Show me how to i'm feeling overwhelmed because i have too many assignments to complete,problem
Guide me to i'm feeling overwhelmed because i have too many assignments to complete,problem
Can you explain how to i'm feeling overwhelmed because i have too many assignments to complete?,problem
I need support with i'm feeling overwhelmed because i have too many assignments to complete,problem
I want help with i'm feeling overwhelmed because i have too many assignments to complete,problem
Give me advice about i'm feeling overwhelmed because i have too many assignments to complete,problem
I'm feeling worried because i have an important deadline approaching,problem
Can you help me i'm feeling worried because i have an important deadline approaching?,problem
Could you help me i'm feeling worried because i have an important deadline approaching?,problem
Please help me i'm feeling worried because i have an important deadline approaching,problem
I need help to i'm feeling worried because i have an important deadline approaching,problem
Show me how to i'm feeling worried because i have an important deadline approaching,problem
Guide me to i'm feeling worried because i have an important deadline approaching,problem
Can you explain how to i'm feeling worried because i have an important deadline approaching?,problem
I need support with i'm feeling worried because i have an important deadline approaching,problem
I want help with i'm feeling worried because i have an important deadline approaching,problem
Give me advice about i'm feeling worried because i have an important deadline approaching,problem
I'm feeling tense because i'm having relationship issues,problem
Can you help me i'm feeling tense because i'm having relationship issues?,problem
Could you help me i'm feeling tense because i'm having relationship issues?,problem
Please help me i'm feeling tense because i'm having relationship issues,problem
I need help to i'm feeling tense because i'm having relationship issues,problem
Show me how to i'm feeling tense because i'm having relationship issues,problem
Guide me to i'm feeling tense because i'm having relationship issues,problem
Can you explain how to i'm feeling tense because i'm having relationship issues?,problem
I need support with i'm feeling tense because i'm having relationship issues,problem
I want help with i'm feeling tense because i'm having relationship issues,problem
Give me advice about i'm feeling tense because i'm having relationship issues,problem
I'm feeling down because i failed a test,problem
Can you help me i'm feeling down because i failed a test?,problem
Could you help me i'm feeling down because i failed a test?,problem
Please help me i'm feeling down because i failed a test,problem
I need help to i'm feeling down because i failed a test,problem
Show me how to i'm feeling down because i failed a test,problem
Guide me to i'm feeling down because i failed a test,problem
Can you explain how to i'm feeling down because i failed a test?,problem
I need support with i'm feeling down because i failed a test,problem
I want help with i'm feeling down because i failed a test,problem
Give me advice about i'm feeling down because i failed a test,problem
I'm feeling frustrated because i can't seem to solve this problem,problem
Can you help me i'm feeling frustrated because i can't seem to solve this problem?,problem
Could you help me i'm feeling frustrated because i can't seem to solve this problem?,problem
Please help me i'm feeling frustrated because i can't seem to solve this problem,problem
I need help to i'm feeling frustrated because i can't seem to solve this problem,problem
Show me how to i'm feeling frustrated because i can't seem to solve this problem,problem
Guide me to i'm feeling frustrated because i can't seem to solve this problem,problem
Can you explain how to i'm feeling frustrated because i can't seem to solve this problem?,problem
I need support with i'm feeling frustrated because i can't seem to solve this problem,problem
I want help with i'm feeling frustrated because i can't seem to solve this problem,problem
Give me advice about i'm feeling frustrated because i can't seem to solve this problem,problem
I'm feeling upset because of a disagreement with a friend,problem
Can you help me i'm feeling upset because of a disagreement with a friend?,problem
Could you help me i'm feeling upset because of a disagreement with a friend?,problem
I'm not feeling up to it,no-approach
Can you help me i'm not feeling up to it?,no-approach
Could you help me i'm not feeling up to it?,no-approach
Please help me i'm not feeling up to it,no-approach
I need help to i'm not feeling up to it,no-approach
Show me how to i'm not feeling up to it,no-approach
Guide me to i'm not feeling up to it,no-approach
Can you explain how to i'm not feeling up to it?,no-approach
I need support with i'm not feeling up to it,no-approach
I want help with i'm not feeling up to it,no-approach
Give me advice about i'm not feeling up to it,no-approach
"I don't think so, i have too much on my plate",no-approach
"Can you help me i don't think so, i have too much on my plate?",no-approach
"Could you help me i don't think so, i have too much on my plate?",no-approach
"Please help me i don't think so, i have too much on my plate",no-approach
"I need help to i don't think so, i have too much on my plate",no-approach
"Show me how to i don't think so, i have too much on my plate",no-approach
"Guide me to i don't think so, i have too much on my plate",no-approach
"Can you explain how to i don't think so, i have too much on my plate?",no-approach
"I need support with i don't think so, i have too much on my plate",no-approach
"I want help with i don't think so, i have too much on my plate",no-approach
"Give me advice about i don't think so, i have too much on my plate",no-approach
Not really in the mood,no-approach
Can you help me not really in the mood?,no-approach
Could you help me not really in the mood?,no-approach
Please help me not really in the mood,no-approach
I need help to not really in the mood,no-approach
Show me how to not really in the mood,no-approach
Guide me to not really in the mood,no-approach
Can you explain how to not really in the mood?,no-approach
I need support with not really in the mood,no-approach
I want help with not really in the mood,no-approach
Give me advice about not really in the mood,no-approach
I'm not feeling very social right now,no-approach
Can you help me i'm not feeling very social right now?,no-approach
Could you help me i'm not feeling very social right now?,no-approach
Please help me i'm not feeling very social right now,no-approach
I need help to i'm not feeling very social right now,no-approach
Show me how to i'm not feeling very social right now,no-approach
Guide me to i'm not feeling very social right now,no-approach
Can you explain how to i'm not feeling very social right now?,no-approach
I need support with i'm not feeling very social right now,no-approach
I want help with i'm not feeling very social right now,no-approach
Give me advice about i'm not feeling very social right now,no-approach
I'm not sure that's a good idea for me at the moment,no-approach
Can you help me i'm not sure that's a good idea for me at the moment?,no-approach
Could you help me i'm not sure that's a good idea for me at the moment?,no-approach
Please help me i'm not sure that's a good idea for me at the moment,no-approach
I need help to i'm not sure that's a good idea for me at the moment,no-approach
Show me how to i'm not sure that's a good idea for me at the moment,no-approach
Guide me to i'm not sure that's a good idea for me at the moment,no-approach
Can you explain how to i'm not sure that's a good idea for me at the moment?,no-approach
I need support with i'm not sure that's a good idea for me at the moment,no-approach
I want help with i'm not sure that's a good idea for me at the moment,no-approach
Give me advice about i'm not sure that's a good idea for me at the moment,no-approach
I'm feeling a bit overwhelmed,no-approach
Can you help me i'm feeling a bit overwhelmed?,no-approach
Could you help me i'm feeling a bit overwhelmed?,no-approach
Please help me i'm feeling a bit overwhelmed,no-approach
I need help to i'm feeling a bit overwhelmed,no-approach
Show me how to i'm feeling a bit overwhelmed,no-approach
Guide me to i'm feeling a bit overwhelmed,no-approach
Can you explain how to i'm feeling a bit overwhelmed?,no-approach
I need support with i'm feeling a bit overwhelmed,no-approach
I want help with i'm feeling a bit overwhelmed,no-approach
Give me advice about i'm feeling a bit overwhelmed,no-approach
I'm not really feeling like myself today,no-approach
Can you help me i'm not really feeling like myself today?,no-approach
Could you help me i'm not really feeling like myself today?,no-approach
Please help me i'm not really feeling like myself today,no-approach
I need help to i'm not really feeling like myself today,no-approach
Show me how to i'm not really feeling like myself today,no-approach
Guide me to i'm not really feeling like myself today,no-approach
Can you explain how to i'm not really feeling like myself today?,no-approach
I need support with i'm not really feeling like myself today,no-approach
I want help with i'm not really feeling like myself today,no-approach
Give me advice about i'm not really feeling like myself today,no-approach
I don't think i can handle it right now,no-approach
Can you help me i don't think i can handle it right now?,no-approach
Could you help me i don't think i can handle it right now?,no-approach
Ok sure. i would like to learn more about it,learn-more
Can you help me ok sure. i would like to learn more about it?,learn-more
Could you help me ok sure. i would like to learn more about it?,learn-more
Please help me ok sure. i would like to learn more about it,learn-more
I need help to ok sure. i would like to learn more about it,learn-more
Show me how to ok sure. i would like to learn more about it,learn-more
Guide me to ok sure. i would like to learn more about it,learn-more
Can you explain how to ok sure. i would like to learn more about it?,learn-more
I need support with ok sure. i would like to learn more about it,learn-more
I want help with ok sure. i would like to learn more about it,learn-more
Give me advice about ok sure. i would like to learn more about it,learn-more
"Yes, i would like to learn more about it",learn-more
"Can you help me yes, i would like to learn more about it?",learn-more
"Could you help me yes, i would like to learn more about it?",learn-more
"Please help me yes, i would like to learn more about it",learn-more
"I need help to yes, i would like to learn more about it",learn-more
"Show me how to yes, i would like to learn more about it",learn-more
"Guide me to yes, i would like to learn more about it",learn-more
"Can you explain how to yes, i would like to learn more about it?",learn-more
"I need support with yes, i would like to learn more about it",learn-more
"I want help with yes, i would like to learn more about it",learn-more
"Give me advice about yes, i would like to learn more about it",learn-more
I would like to learn more about it,learn-more
Can you help me i would like to learn more about it?,learn-more
Could you help me i would like to learn more about it?,learn-more
Please help me i would like to learn more about it,learn-more
I need help to i would like to learn more about it,learn-more
Show me how to i would like to learn more about it,learn-more
Guide me to i would like to learn more about it,learn-more
Can you explain how to i would like to learn more about it?,learn-more
I need support with i would like to learn more about it,learn-more
I want help with i would like to learn more about it,learn-more
Give me advice about i would like to learn more about it,learn-more
Tell me more,learn-more
Can you help me tell me more?,learn-more
Could you help me tell me more?,learn-more
Please help me tell me more,learn-more
I need help to tell me more,learn-more
Show me how to tell me more,learn-more
Guide me to tell me more,learn-more
Can you explain how to tell me more?,learn-more
I need support with tell me more,learn-more
I want help with tell me more,learn-more
Give me advice about tell me more,learn-more
I'd love to hear more,learn-more
Can you help me i'd love to hear more?,learn-more
Could you help me i'd love to hear more?,learn-more
Please help me i'd love to hear more,learn-more
I need help to i'd love to hear more,learn-more
Show me how to i'd love to hear more,learn-more
Guide me to i'd love to hear more,learn-more
Can you explain how to i'd love to hear more?,learn-more
I need support with i'd love to hear more,learn-more
I want help with i'd love to hear more,learn-more
Give me advice about i'd love to hear more,learn-more
Please explain further,learn-more
Can you help me please explain further?,learn-more
Could you help me please explain further?,learn-more
Please help me please explain further,learn-more
I need help to please explain further,learn-more
Show me how to please explain further,learn-more
Guide me to please explain further,learn-more
Can you explain how to please explain further?,learn-more
I need support with please explain further,learn-more
I want help with please explain further,learn-more
Give me advice about please explain further,learn-more
Can you tell me more?,learn-more
Can you explain can you tell me more?,learn-more
Could you explain can you tell me more?,learn-more
Can you tell me can you tell me more?,learn-more
Could you tell me can you tell me more?,learn-more
Help me understand can you tell me more?,learn-more
I want to know can you tell me more?,learn-more
I'd like to know can you tell me more?,learn-more
Can you tell me more please?,learn-more
Can you tell me more briefly?,learn-more
Can you tell me more in simple words?,learn-more
Can you tell me more clearly?,learn-more
Can you tell me more for me?,learn-more
Quick question: can you tell me more?,learn-more
Yeah you're right. i deserve a break,user-agree
Can you help me yeah you're right. i deserve a break?,user-agree
Could you help me yeah you're right. i deserve a break?,user-agree
Please help me yeah you're right. i deserve a break,user-agree
I need help to yeah you're right. i deserve a break,user-agree
Show me how to yeah you're right. i deserve a break,user-agree
Guide me to yeah you're right. i deserve a break,user-agree
Can you explain how to yeah you're right. i deserve a break?,user-agree
I need support with yeah you're right. i deserve a break,user-agree
I want help with yeah you're right. i deserve a break,user-agree
Give me advice about yeah you're right. i deserve a break,user-agree
Yeah you're absolutely right about that,user-agree
Can you help me yeah you're absolutely right about that?,user-agree
Could you help me yeah you're absolutely right about that?,user-agree
Please help me yeah you're absolutely right about that,user-agree
I need help to yeah you're absolutely right about that,user-agree
Show me how to yeah you're absolutely right about that,user-agree
Guide me to yeah you're absolutely right about that,user-agree
Can you explain how to yeah you're absolutely right about that?,user-agree
I need support with yeah you're absolutely right about that,user-agree
I want help with yeah you're absolutely right about that,user-agree
Give me advice about yeah you're absolutely right about that,user-agree
"You're correct, i need to take a break",user-agree
"Can you help me you're correct, i need to take a break?",user-agree
"Could you help me you're correct, i need to take a break?",user-agree
"Please help me you're correct, i need to take a break",user-agree
"I need help to you're correct, i need to take a break",user-agree
"Show me how to you're correct, i need to take a break",user-agree
"Guide me to you're correct, i need to take a break",user-agree
"Can you explain how to you're correct, i need to take a break?",user-agree
"I need support with you're correct, i need to take a break",user-agree
"I want help with you're correct, i need to take a break",user-agree
"Give me advice about you're correct, i need to take a break",user-agree
"That makes sense, i should take some time for myself",user-agree
"Can you help me that makes sense, i should take some time for myself?",user-agree
"Could you help me that makes sense, i should take some time for myself?",user-agree
"Please help me that makes sense, i should take some time for myself",user-agree
"I need help to that makes sense, i should take some time for myself",user-agree
"Show me how to that makes sense, i should take some time for myself",user-agree
"Guide me to that makes sense, i should take some time for myself",user-agree
"Can you explain how to that makes sense, i should take some time for myself?",user-agree
"I need support with that makes sense, i should take some time for myself",user-agree
"I want help with that makes sense, i should take some time for myself",user-agree
"Give me advice about that makes sense, i should take some time for myself",user-agree
"I agree, i could use a break",user-agree
"Can you help me i agree, i could use a break?",user-agree
"Could you help me i agree, i could use a break?",user-agree
"Please help me i agree, i could use a break",user-agree
"I need help to i agree, i could use a break",user-agree
"Show me how to i agree, i could use a break",user-agree
"Guide me to i agree, i could use a break",user-agree
"Can you explain how to i agree, i could use a break?",user-agree
"I need support with i agree, i could use a break",user-agree
"I want help with i agree, i could use a break",user-agree
"Give me advice about i agree, i could use a break",user-agree
"You're right, i should give myself some time to relax",user-agree
"Can you help me you're right, i should give myself some time to relax?",user-agree
"Could you help me you're right, i should give myself some time to relax?",user-agree
"Please help me you're right, i should give myself some time to relax",user-agree
"I need help to you're right, i should give myself some time to relax",user-agree
"Show me how to you're right, i should give myself some time to relax",user-agree
"Guide me to you're right, i should give myself some time to relax",user-agree
"Can you explain how to you're right, i should give myself some time to relax?",user-agree
"I need support with you're right, i should give myself some time to relax",user-agree
"I want help with you're right, i should give myself some time to relax",user-agree
"Give me advice about you're right, i should give myself some time to relax",user-agree
"I see your point, i should take a step back and rest",user-agree
"Can you help me i see your point, i should take a step back and rest?",user-agree
"Could you help me i see your point, i should take a step back and rest?",user-agree
"Please help me i see your point, i should take a step back and rest",user-agree
"I need help to i see your point, i should take a step back and rest",user-agree
"Show me how to i see your point, i should take a step back and rest",user-agree
"Guide me to i see your point, i should take a step back and rest",user-agree
"Can you explain how to i see your point, i should take a step back and rest?",user-agree
"I need support with i see your point, i should take a step back and rest",user-agree
"I want help with i see your point, i should take a step back and rest",user-agree
"Give me advice about i see your point, i should take a step back and rest",user-agree
"That's a good idea, i need to take care of myself",user-agree
"Can you help me that's a good idea, i need to take care of myself?",user-agree
"Could you help me that's a good idea, i need to take care of myself?",user-agree
Hmmm that sounds like it could be useful to me,meditation
Can you help me hmmm that sounds like it could be useful to me?,meditation
Could you help me hmmm that sounds like it could be useful to me?,meditation
Please help me hmmm that sounds like it could be useful to me,meditation
I need help to hmmm that sounds like it could be useful to me,meditation
Show me how to hmmm that sounds like it could be useful to me,meditation
Guide me to hmmm that sounds like it could be useful to me,meditation
Can you explain how to hmmm that sounds like it could be useful to me?,meditation
I need support with hmmm that sounds like it could be useful to me,meditation
I want help with hmmm that sounds like it could be useful to me,meditation
Give me advice about hmmm that sounds like it could be useful to me,meditation
That sounds useful,meditation
Can you help me that sounds useful?,meditation
Could you help me that sounds useful?,meditation
Please help me that sounds useful,meditation
I need help to that sounds useful,meditation
Show me how to that sounds useful,meditation
Guide me to that sounds useful,meditation
Can you explain how to that sounds useful?,meditation
I need support with that sounds useful,meditation
I want help with that sounds useful,meditation
Give me advice about that sounds useful,meditation
I think i could benefit from that,meditation
Can you help me i think i could benefit from that?,meditation
Could you help me i think i could benefit from that?,meditation
Please help me i think i could benefit from that,meditation
I need help to i think i could benefit from that,meditation
Show me how to i think i could benefit from that,meditation
Guide me to i think i could benefit from that,meditation
Can you explain how to i think i could benefit from that?,meditation
I need support with i think i could benefit from that,meditation
I want help with i think i could benefit from that,meditation
Give me advice about i think i could benefit from that,meditation
"Interesting, i might give that a try",meditation
"Can you help me interesting, i might give that a try?",meditation
"Could you help me interesting, i might give that a try?",meditation
"Please help me interesting, i might give that a try",meditation
"I need help to interesting, i might give that a try",meditation
"Show me how to interesting, i might give that a try",meditation
"Guide me to interesting, i might give that a try",meditation
"Can you explain how to interesting, i might give that a try?",meditation
"I need support with interesting, i might give that a try",meditation
"I want help with interesting, i might give that a try",meditation
"Give me advice about interesting, i might give that a try",meditation
"I've never tried meditation before, but i'm willing to give it a shot",meditation
"Can you help me i've never tried meditation before, but i'm willing to give it a shot?",meditation
"Could you help me i've never tried meditation before, but i'm willing to give it a shot?",meditation
"Please help me i've never tried meditation before, but i'm willing to give it a shot",meditation
"I need help to i've never tried meditation before, but i'm willing to give it a shot",meditation
"Show me how to i've never tried meditation before, but i'm willing to give it a shot",meditation
"Guide me to i've never tried meditation before, but i'm willing to give it a shot",meditation
"Can you explain how to i've never tried meditation before, but i'm willing to give it a shot?",meditation
"I need support with i've never tried meditation before, but i'm willing to give it a shot",meditation
"I want help with i've never tried meditation before, but i'm willing to give it a shot",meditation
"Give me advice about i've never tried meditation before, but i'm willing to give it a shot",meditation
"I've heard about meditation, but i'm not sure how to start",meditation
"Can you help me i've heard about meditation, but i'm not sure how to start?",meditation
"Could you help me i've heard about meditation, but i'm not sure how to start?",meditation
"Please help me i've heard about meditation, but i'm not sure how to start",meditation
"I need help to i've heard about meditation, but i'm not sure how to start",meditation
"Show me how to i've heard about meditation, but i'm not sure how to start",meditation
"Guide me to i've heard about meditation, but i'm not sure how to start",meditation
"Can you explain how to i've heard about meditation, but i'm not sure how to start?",meditation
"I need support with i've heard about meditation, but i'm not sure how to start",meditation
"I want help with i've heard about meditation, but i'm not sure how to start",meditation
"Give me advice about i've heard about meditation, but i'm not sure how to start",meditation
"Meditation seems intriguing, but i'm not sure if it's for me",meditation
"Can you help me meditation seems intriguing, but i'm not sure if it's for me?",meditation
"Could you help me meditation seems intriguing, but i'm not sure if it's for me?",meditation
"Please help me meditation seems intriguing, but i'm not sure if it's for me",meditation
"I need help to meditation seems intriguing, but i'm not sure if it's for me",meditation
"Show me how to meditation seems intriguing, but i'm not sure if it's for me",meditation
"Guide me to meditation seems intriguing, but i'm not sure if it's for me",meditation
"Can you explain how to meditation seems intriguing, but i'm not sure if it's for me?",meditation
"I need support with meditation seems intriguing, but i'm not sure if it's for me",meditation
"I want help with meditation seems intriguing, but i'm not sure if it's for me",meditation
"Give me advice about meditation seems intriguing, but i'm not sure if it's for me",meditation
"I'm curious about meditation, but i'm not sure where to begin",meditation
"Can you help me i'm curious about meditation, but i'm not sure where to begin?",meditation
"Could you help me i'm curious about meditation, but i'm not sure where to begin?",meditation
I did what you said and i feel a lot better. thank you very much,user-meditation
Can you help me i did what you said and i feel a lot better. thank you very much?,user-meditation
Could you help me i did what you said and i feel a lot better. thank you very much?,user-meditation
Please help me i did what you said and i feel a lot better. thank you very much,user-meditation
I need help to i did what you said and i feel a lot better. thank you very much,user-meditation
Show me how to i did what you said and i feel a lot better. thank you very much,user-meditation
Guide me to i did what you said and i feel a lot better. thank you very much,user-meditation
Can you explain how to i did what you said and i feel a lot better. thank you very much?,user-meditation
I need support with i did what you said and i feel a lot better. thank you very much,user-meditation
I want help with i did what you said and i feel a lot better. thank you very much,user-meditation
Give me advice about i did what you said and i feel a lot better. thank you very much,user-meditation
I feel better now,user-meditation
Can you help me i feel better now?,user-meditation
Could you help me i feel better now?,user-meditation
Please help me i feel better now,user-meditation
I need help to i feel better now,user-meditation
Show me how to i feel better now,user-meditation
Guide me to i feel better now,user-meditation
Can you explain how to i feel better now?,user-meditation
I need support with i feel better now,user-meditation
I want help with i feel better now,user-meditation
Give me advice about i feel better now,user-meditation
I followed your advice and i'm feeling much more relaxed,user-meditation
Can you help me i followed your advice and i'm feeling much more relaxed?,user-meditation
Could you help me i followed your advice and i'm feeling much more relaxed?,user-meditation
Please help me i followed your advice and i'm feeling much more relaxed,user-meditation
I need help to i followed your advice and i'm feeling much more relaxed,user-meditation
Show me how to i followed your advice and i'm feeling much more relaxed,user-meditation
Guide me to i followed your advice and i'm feeling much more relaxed,user-meditation
Can you explain how to i followed your advice and i'm feeling much more relaxed?,user-meditation
I need support with i followed your advice and i'm feeling much more relaxed,user-meditation
I want help with i followed your advice and i'm feeling much more relaxed,user-meditation
Give me advice about i followed your advice and i'm feeling much more relaxed,user-meditation
Thank you for the meditation tips. i'm noticing a positive difference in my mood,user-meditation
Can you help me thank you for the meditation tips. i'm noticing a positive difference in my mood?,user-meditation
Could you help me thank you for the meditation tips. i'm noticing a positive difference in my mood?,user-meditation
Please help me thank you for the meditation tips. i'm noticing a positive difference in my mood,user-meditation
I need help to thank you for the meditation tips. i'm noticing a positive difference in my mood,user-meditation
Show me how to thank you for the meditation tips. i'm noticing a positive difference in my mood,user-meditation
Guide me to thank you for the meditation tips. i'm noticing a positive difference in my mood,user-meditation
Can you explain how to thank you for the meditation tips. i'm noticing a positive difference in my mood?,user-meditation
I need support with thank you for the meditation tips. i'm noticing a positive difference in my mood,user-meditation
I want help with thank you for the meditation tips. i'm noticing a positive difference in my mood,user-meditation
Give me advice about thank you for the meditation tips. i'm noticing a positive difference in my mood,user-meditation
I practiced meditation as you suggested and it really helped calm my mind,user-meditation
Can you help me i practiced meditation as you suggested and it really helped calm my mind?,user-meditation
Could you help me i practiced meditation as you suggested and it really helped calm my mind?,user-meditation
Please help me i practiced meditation as you suggested and it really helped calm my mind,user-meditation
I need help to i practiced meditation as you suggested and it really helped calm my mind,user-meditation
Show me how to i practiced meditation as you suggested and it really helped calm my mind,user-meditation
Guide me to i practiced meditation as you suggested and it really helped calm my mind,user-meditation
Can you explain how to i practiced meditation as you suggested and it really helped calm my mind?,user-meditation
I need support with i practiced meditation as you suggested and it really helped calm my mind,user-meditation
I want help with i practiced meditation as you suggested and it really helped calm my mind,user-meditation
Give me advice about i practiced meditation as you suggested and it really helped calm my mind,user-meditation
Your meditation advice was spot on! i feel more centered and grounded now,user-meditation
Can you help me your meditation advice was spot on! i feel more centered and grounded now?,user-meditation
Could you help me your meditation advice was spot on! i feel more centered and grounded now?,user-meditation
Please help me your meditation advice was spot on! i feel more centered and grounded now,user-meditation
I need help to your meditation advice was spot on! i feel more centered and grounded now,user-meditation
Show me how to your meditation advice was spot on! i feel more centered and grounded now,user-meditation
Guide me to your meditation advice was spot on! i feel more centered and grounded now,user-meditation
Can you explain how to your meditation advice was spot on! i feel more centered and grounded now?,user-meditation
I need support with your meditation advice was spot on! i feel more centered and grounded now,user-meditation
I want help with your meditation advice was spot on! i feel more centered and grounded now,user-meditation
Give me advice about your meditation advice was spot on! i feel more centered and grounded now,user-meditation
I'm amazed at how much better i feel after incorporating meditation into my daily routine,user-meditation
Can you help me i'm amazed at how much better i feel after incorporating meditation into my daily routine?,user-meditation
Could you help me i'm amazed at how much better i feel after incorporating meditation into my daily routine?,user-meditation
Please help me i'm amazed at how much better i feel after incorporating meditation into my daily routine,user-meditation
I need help to i'm amazed at how much better i feel after incorporating meditation into my daily routine,user-meditation
Show me how to i'm amazed at how much better i feel after incorporating meditation into my daily routine,user-meditation
Guide me to i'm amazed at how much better i feel after incorporating meditation into my daily routine,user-meditation
Can you explain how to i'm amazed at how much better i feel after incorporating meditation into my daily routine?,user-meditation
I need support with i'm amazed at how much better i feel after incorporating meditation into my daily routine,user-meditation
I want help with i'm amazed at how much better i feel after incorporating meditation into my daily routine,user-meditation
Give me advice about i'm amazed at how much better i feel after incorporating meditation into my daily routine,user-meditation
Meditation has become an essential part of my self-care routine thanks to your guidance,user-meditation
Can you help me meditation has become an essential part of my self-care routine thanks to your guidance?,user-meditation
Could you help me meditation has become an essential part of my self-care routine thanks to your guidance?,user-meditation
Thank you once again for your advice. i'll make meditation a priority and concentrate on what i have the power to change,pandora-useful
Can you help me thank you once again for your advice. i'll make meditation a priority and concentrate on what i have the power to change?,pandora-useful
Could you help me thank you once again for your advice. i'll make meditation a priority and concentrate on what i have the power to change?,pandora-useful
Please help me thank you once again for your advice. i'll make meditation a priority and concentrate on what i have the power to change,pandora-useful
I need help to thank you once again for your advice. i'll make meditation a priority and concentrate on what i have the power to change,pandora-useful
Show me how to thank you once again for your advice. i'll make meditation a priority and concentrate on what i have the power to change,pandora-useful
Guide me to thank you once again for your advice. i'll make meditation a priority and concentrate on what i have the power to change,pandora-useful
Can you explain how to thank you once again for your advice. i'll make meditation a priority and concentrate on what i have the power to change?,pandora-useful
I need support with thank you once again for your advice. i'll make meditation a priority and concentrate on what i have the power to change,pandora-useful
I want help with thank you once again for your advice. i'll make meditation a priority and concentrate on what i have the power to change,pandora-useful
Give me advice about thank you once again for your advice. i'll make meditation a priority and concentrate on what i have the power to change,pandora-useful
Your guidance has been invaluable. i'll continue practicing meditation and focus on the aspects of my life that i can influence,pandora-useful
Can you help me your guidance has been invaluable. i'll continue practicing meditation and focus on the aspects of my life that i can influence?,pandora-useful
Could you help me your guidance has been invaluable. i'll continue practicing meditation and focus on the aspects of my life that i can influence?,pandora-useful
Please help me your guidance has been invaluable. i'll continue practicing meditation and focus on the aspects of my life that i can influence,pandora-useful
I need help to your guidance has been invaluable. i'll continue practicing meditation and focus on the aspects of my life that i can influence,pandora-useful
Show me how to your guidance has been invaluable. i'll continue practicing meditation and focus on the aspects of my life that i can influence,pandora-useful
Guide me to your guidance has been invaluable. i'll continue practicing meditation and focus on the aspects of my life that i can influence,pandora-useful
Can you explain how to your guidance has been invaluable. i'll continue practicing meditation and focus on the aspects of my life that i can influence?,pandora-useful
I need support with your guidance has been invaluable. i'll continue practicing meditation and focus on the aspects of my life that i can influence,pandora-useful
I want help with your guidance has been invaluable. i'll continue practicing meditation and focus on the aspects of my life that i can influence,pandora-useful
Give me advice about your guidance has been invaluable. i'll continue practicing meditation and focus on the aspects of my life that i can influence,pandora-useful
I'm grateful for your help. i'll incorporate meditation into my daily routine and shift my focus towards what i can control,pandora-useful
Can you help me i'm grateful for your help. i'll incorporate meditation into my daily routine and shift my focus towards what i can control?,pandora-useful
Could you help me i'm grateful for your help. i'll incorporate meditation into my daily routine and shift my focus towards what i can control?,pandora-useful
Please help me i'm grateful for your help. i'll incorporate meditation into my daily routine and shift my focus towards what i can control,pandora-useful
I need help to i'm grateful for your help. i'll incorporate meditation into my daily routine and shift my focus towards what i can control,pandora-useful
Show me how to i'm grateful for your help. i'll incorporate meditation into my daily routine and shift my focus towards what i can control,pandora-useful
Guide me to i'm grateful for your help. i'll incorporate meditation into my daily routine and shift my focus towards what i can control,pandora-useful
Can you explain how to i'm grateful for your help. i'll incorporate meditation into my daily routine and shift my focus towards what i can control?,pandora-useful
I need support with i'm grateful for your help. i'll incorporate meditation into my daily routine and shift my focus towards what i can control,pandora-useful
I want help with i'm grateful for your help. i'll incorporate meditation into my daily routine and shift my focus towards what i can control,pandora-useful
Give me advice about i'm grateful for your help. i'll incorporate meditation into my daily routine and shift my focus towards what i can control,pandora-useful
Thanks for your support. i'll commit to meditation and redirect my energy towards the things i have power over,pandora-useful
Can you help me thanks for your support. i'll commit to meditation and redirect my energy towards the things i have power over?,pandora-useful
Could you help me thanks for your support. i'll commit to meditation and redirect my energy towards the things i have power over?,pandora-useful
Please help me thanks for your support. i'll commit to meditation and redirect my energy towards the things i have power over,pandora-useful
I need help to thanks for your support. i'll commit to meditation and redirect my energy towards the things i have power over,pandora-useful
Show me how to thanks for your support. i'll commit to meditation and redirect my energy towards the things i have power over,pandora-useful
Guide me to thanks for your support. i'll commit to meditation and redirect my energy towards the things i have power over,pandora-useful
Can you explain how to thanks for your support. i'll commit to meditation and redirect my energy towards the things i have power over?,pandora-useful
I need support with thanks for your support. i'll commit to meditation and redirect my energy towards the things i have power over,pandora-useful
I want help with thanks for your support. i'll commit to meditation and redirect my energy towards the things i have power over,pandora-useful
Give me advice about thanks for your support. i'll commit to meditation and redirect my energy towards the things i have power over,pandora-useful
I appreciate your insights. i'll prioritize meditation and center my attention on the areas where i can make a difference,pandora-useful
Can you help me i appreciate your insights. i'll prioritize meditation and center my attention on the areas where i can make a difference?,pandora-useful
Could you help me i appreciate your insights. i'll prioritize meditation and center my attention on the areas where i can make a difference?,pandora-useful
Please help me i appreciate your insights. i'll prioritize meditation and center my attention on the areas where i can make a difference,pandora-useful
I need help to i appreciate your insights. i'll prioritize meditation and center my attention on the areas where i can make a difference,pandora-useful
Show me how to i appreciate your insights. i'll prioritize meditation and center my attention on the areas where i can make a difference,pandora-useful
Guide me to i appreciate your insights. i'll prioritize meditation and center my attention on the areas where i can make a difference,pandora-useful
Can you explain how to i appreciate your insights. i'll prioritize meditation and center my attention on the areas where i can make a difference?,pandora-useful
I need support with i appreciate your insights. i'll prioritize meditation and center my attention on the areas where i can make a difference,pandora-useful
I want help with i appreciate your insights. i'll prioritize meditation and center my attention on the areas where i can make a difference,pandora-useful
Give me advice about i appreciate your insights. i'll prioritize meditation and center my attention on the areas where i can make a difference,pandora-useful
Thank you for your assistance. i'll stick to meditation and channel my efforts towards the aspects of my life that i can control,pandora-useful
Can you help me thank you for your assistance. i'll stick to meditation and channel my efforts towards the aspects of my life that i can control?,pandora-useful
Could you help me thank you for your assistance. i'll stick to meditation and channel my efforts towards the aspects of my life that i can control?,pandora-useful
Please help me thank you for your assistance. i'll stick to meditation and channel my efforts towards the aspects of my life that i can control,pandora-useful
I need help to thank you for your assistance. i'll stick to meditation and channel my efforts towards the aspects of my life that i can control,pandora-useful
Show me how to thank you for your assistance. i'll stick to meditation and channel my efforts towards the aspects of my life that i can control,pandora-useful
Guide me to thank you for your assistance. i'll stick to meditation and channel my efforts towards the aspects of my life that i can control,pandora-useful
Can you explain how to thank you for your assistance. i'll stick to meditation and channel my efforts towards the aspects of my life that i can control?,pandora-useful
I need support with thank you for your assistance. i'll stick to meditation and channel my efforts towards the aspects of my life that i can control,pandora-useful
I want help with thank you for your assistance. i'll stick to meditation and channel my efforts towards the aspects of my life that i can control,pandora-useful
Give me advice about thank you for your assistance. i'll stick to meditation and channel my efforts towards the aspects of my life that i can control,pandora-useful
I'm thankful for your advice. i'll continue meditating and focus on what i have the ability to change,pandora-useful
Can you help me i'm thankful for your advice. i'll continue meditating and focus on what i have the ability to change?,pandora-useful
Could you help me i'm thankful for your advice. i'll continue meditating and focus on what i have the ability to change?,pandora-useful
Please help me i'm thankful for your advice. i'll continue meditating and focus on what i have the ability to change,pandora-useful
I need help to i'm thankful for your advice. i'll continue meditating and focus on what i have the ability to change,pandora-useful
Show me how to i'm thankful for your advice. i'll continue meditating and focus on what i have the ability to change,pandora-useful
Guide me to i'm thankful for your advice. i'll continue meditating and focus on what i have the ability to change,pandora-useful
Can you explain how to i'm thankful for your advice. i'll continue meditating and focus on what i have the ability to change?,pandora-useful
I need support with i'm thankful for your advice. i'll continue meditating and focus on what i have the ability to change,pandora-useful
I want help with i'm thankful for your advice. i'll continue meditating and focus on what i have the ability to change,pandora-useful
Give me advice about i'm thankful for your advice. i'll continue meditating and focus on what i have the ability to change,pandora-useful
Thanks for your wisdom. i'll make meditation a regular practice and direct my focus towards what i can influence,pandora-useful
Can you help me thanks for your wisdom. i'll make meditation a regular practice and direct my focus towards what i can influence?,pandora-useful
Could you help me thanks for your wisdom. i'll make meditation a regular practice and direct my focus towards what i can influence?,pandora-useful
I want some advice,user-advice
Can you help me i want some advice?,user-advice
Could you help me i want some advice?,user-advice
Please help me i want some advice,user-advice
I need help to i want some advice,user-advice
Show me how to i want some advice,user-advice
Guide me to i want some advice,user-advice
Can you explain how to i want some advice?,user-advice
I need support with i want some advice,user-advice
I want help with i want some advice,user-advice
Give me advice about i want some advice,user-advice
I need some advice,user-advice
Can you help me i need some advice?,user-advice
Could you help me i need some advice?,user-advice
Please help me i need some advice,user-advice
I need help to i need some advice,user-advice
Show me how to i need some advice,user-advice
Guide me to i need some advice,user-advice
Can you explain how to i need some advice?,user-advice
I need support with i need some advice,user-advice
I want help with i need some advice,user-advice
Give me advice about i need some advice,user-advice
I need advice on something,user-advice
Can you help me i need advice on something?,user-advice
Could you help me i need advice on something?,user-advice
Please help me i need advice on something,user-advice
I need help to i need advice on something,user-advice
Show me how to i need advice on something,user-advice
Guide me to i need advice on something,user-advice
Can you explain how to i need advice on something?,user-advice
I need support with i need advice on something,user-advice
I want help with i need advice on something,user-advice
Give me advice about i need advice on something,user-advice
Can you give me some advice?,user-advice
Can you explain can you give me some advice?,user-advice
Could you explain can you give me some advice?,user-advice
Can you tell me can you give me some advice?,user-advice
Could you tell me can you give me some advice?,user-advice
Help me understand can you give me some advice?,user-advice
I want to know can you give me some advice?,user-advice
I'd like to know can you give me some advice?,user-advice
Can you give me some advice please?,user-advice
Can you give me some advice briefly?,user-advice
Can you give me some advice in simple words?,user-advice
Can you give me some advice clearly?,user-advice
Can you give me some advice for me?,user-advice
Quick question: can you give me some advice?,user-advice
I have a question: can you give me some advice?,user-advice
I could use some advice,user-advice
Can you help me i could use some advice?,user-advice
Could you help me i could use some advice?,user-advice
Please help me i could use some advice,user-advice
I need help to i could use some advice,user-advice
Show me how to i could use some advice,user-advice
Guide me to i could use some advice,user-advice
Can you explain how to i could use some advice?,user-advice
I need support with i could use some advice,user-advice
I want help with i could use some advice,user-advice
Give me advice about i could use some advice,user-advice
Can you help me with some advice?,user-advice
Can you explain can you help me with some advice?,user-advice
Could you explain can you help me with some advice?,user-advice
Can you tell me can you help me with some advice?,user-advice
Could you tell me can you help me with some advice?,user-advice
Help me understand can you help me with some advice?,user-advice
I want to know can you help me with some advice?,user-advice
I'd like to know can you help me with some advice?,user-advice
Can you help me with some advice please?,user-advice
Can you help me with some advice briefly?,user-advice
Can you help me with some advice in simple words?,user-advice
Can you help me with some advice clearly?,user-advice
Can you help me with some advice for me?,user-advice
Quick question: can you help me with some advice?,user-advice
I have a question: can you help me with some advice?,user-advice
I have a question and need advice,user-advice
Can you help me i have a question and need advice?,user-advice
Could you help me i have a question and need advice?,user-advice
Please help me i have a question and need advice,user-advice
I need help to i have a question and need advice,user-advice
Show me how to i have a question and need advice,user-advice
I want to learn about mental health,learn-mental-health
Can you help me i want to learn about mental health?,learn-mental-health
Could you help me i want to learn about mental health?,learn-mental-health
Please help me i want to learn about mental health,learn-mental-health
I need help to i want to learn about mental health,learn-mental-health
Show me how to i want to learn about mental health,learn-mental-health
Guide me to i want to learn about mental health,learn-mental-health
Can you explain how to i want to learn about mental health?,learn-mental-health
I need support with i want to learn about mental health,learn-mental-health
I want help with i want to learn about mental health,learn-mental-health
Give me advice about i want to learn about mental health,learn-mental-health
I want to learn more about mental health,learn-mental-health
Can you help me i want to learn more about mental health?,learn-mental-health
Could you help me i want to learn more about mental health?,learn-mental-health
Please help me i want to learn more about mental health,learn-mental-health
I need help to i want to learn more about mental health,learn-mental-health
Show me how to i want to learn more about mental health,learn-mental-health
Guide me to i want to learn more about mental health,learn-mental-health
Can you explain how to i want to learn more about mental health?,learn-mental-health
I need support with i want to learn more about mental health,learn-mental-health
I want help with i want to learn more about mental health,learn-mental-health
Give me advice about i want to learn more about mental health,learn-mental-health
I'm interested in learning about mental health,learn-mental-health
Can you help me i'm interested in learning about mental health?,learn-mental-health
Could you help me i'm interested in learning about mental health?,learn-mental-health
Please help me i'm interested in learning about mental health,learn-mental-health
I need help to i'm interested in learning about mental health,learn-mental-health
Show me how to i'm interested in learning about mental health,learn-mental-health
Guide me to i'm interested in learning about mental health,learn-mental-health
Can you explain how to i'm interested in learning about mental health?,learn-mental-health
I need support with i'm interested in learning about mental health,learn-mental-health
I want help with i'm interested in learning about mental health,learn-mental-health
Give me advice about i'm interested in learning about mental health,learn-mental-health
Can you teach me about mental health?,learn-mental-health
Can you explain can you teach me about mental health?,learn-mental-health
Could you explain can you teach me about mental health?,learn-mental-health
Can you tell me can you teach me about mental health?,learn-mental-health
Could you tell me can you teach me about mental health?,learn-mental-health
Help me understand can you teach me about mental health?,learn-mental-health
I want to know can you teach me about mental health?,learn-mental-health
I'd like to know can you teach me about mental health?,learn-mental-health
Can you teach me about mental health please?,learn-mental-health
Can you teach me about mental health briefly?,learn-mental-health
Can you teach me about mental health in simple words?,learn-mental-health
Can you teach me about mental health clearly?,learn-mental-health
Can you teach me about mental health for me?,learn-mental-health
Quick question: can you teach me about mental health?,learn-mental-health
I have a question: can you teach me about mental health?,learn-mental-health
I need information on mental health,learn-mental-health
Can you help me i need information on mental health?,learn-mental-health
Could you help me i need information on mental health?,learn-mental-health
Please help me i need information on mental health,learn-mental-health
I need help to i need information on mental health,learn-mental-health
Show me how to i need information on mental health,learn-mental-health
Guide me to i need information on mental health,learn-mental-health
Can you explain how to i need information on mental health?,learn-mental-health
I need support with i need information on mental health,learn-mental-health
I want help with i need information on mental health,learn-mental-health
Give me advice about i need information on mental health,learn-mental-health
Tell me about mental health,learn-mental-health
Can you help me tell me about mental health?,learn-mental-health
Could you help me tell me about mental health?,learn-mental-health
Please help me tell me about mental health,learn-mental-health
I need help to tell me about mental health,learn-mental-health
Show me how to tell me about mental health,learn-mental-health
Guide me to tell me about mental health,learn-mental-health
Can you explain how to tell me about mental health?,learn-mental-health
I need support with tell me about mental health,learn-mental-health
I want help with tell me about mental health,learn-mental-health
Give me advice about tell me about mental health,learn-mental-health
What can you tell me about mental health?,learn-mental-health
Can you explain what can you tell me about mental health?,learn-mental-health
Could you explain what can you tell me about mental health?,learn-mental-health
Can you tell me what can you tell me about mental health?,learn-mental-health
Could you tell me what can you tell me about mental health?,learn-mental-health
Help me understand what can you tell me about mental health?,learn-mental-health
I want to know what can you tell me about mental health?,learn-mental-health
I'd like to know what can you tell me about mental health?,learn-mental-health
What can you tell me about mental health please?,learn-mental-health
What can you tell me about mental health briefly?,learn-mental-health
Tell me a fact about mental health,mental-health-fact
Can you help me tell me a fact about mental health?,mental-health-fact
Could you help me tell me a fact about mental health?,mental-health-fact
Please help me tell me a fact about mental health,mental-health-fact
I need help to tell me a fact about mental health,mental-health-fact
Show me how to tell me a fact about mental health,mental-health-fact
Guide me to tell me a fact about mental health,mental-health-fact
Can you explain how to tell me a fact about mental health?,mental-health-fact
I need support with tell me a fact about mental health,mental-health-fact
I want help with tell me a fact about mental health,mental-health-fact
Give me advice about tell me a fact about mental health,mental-health-fact
Tell me another fact about mental health,mental-health-fact
Can you help me tell me another fact about mental health?,mental-health-fact
Could you help me tell me another fact about mental health?,mental-health-fact
Please help me tell me another fact about mental health,mental-health-fact
I need help to tell me another fact about mental health,mental-health-fact
Show me how to tell me another fact about mental health,mental-health-fact
Guide me to tell me another fact about mental health,mental-health-fact
Can you explain how to tell me another fact about mental health?,mental-health-fact
I need support with tell me another fact about mental health,mental-health-fact
I want help with tell me another fact about mental health,mental-health-fact
Give me advice about tell me another fact about mental health,mental-health-fact
Share a mental health fact,mental-health-fact
Can you help me share a mental health fact?,mental-health-fact
Could you help me share a mental health fact?,mental-health-fact
Please help me share a mental health fact,mental-health-fact
I need help to share a mental health fact,mental-health-fact
Show me how to share a mental health fact,mental-health-fact
Guide me to share a mental health fact,mental-health-fact
Can you explain how to share a mental health fact?,mental-health-fact
I need support with share a mental health fact,mental-health-fact
I want help with share a mental health fact,mental-health-fact
Give me advice about share a mental health fact,mental-health-fact
Give me a mental health fact,mental-health-fact
Can you help me give me a mental health fact?,mental-health-fact
Could you help me give me a mental health fact?,mental-health-fact
Please help me give me a mental health fact,mental-health-fact
I need help to give me a mental health fact,mental-health-fact
Show me how to give me a mental health fact,mental-health-fact
Guide me to give me a mental health fact,mental-health-fact
Can you explain how to give me a mental health fact?,mental-health-fact
I need support with give me a mental health fact,mental-health-fact
I want help with give me a mental health fact,mental-health-fact
Give me advice about give me a mental health fact,mental-health-fact
Can you tell me a mental health fact?,mental-health-fact
Can you explain can you tell me a mental health fact?,mental-health-fact
Could you explain can you tell me a mental health fact?,mental-health-fact
Can you tell me can you tell me a mental health fact?,mental-health-fact
Could you tell me can you tell me a mental health fact?,mental-health-fact
Help me understand can you tell me a mental health fact?,mental-health-fact
I want to know can you tell me a mental health fact?,mental-health-fact
I'd like to know can you tell me a mental health fact?,mental-health-fact
Can you tell me a mental health fact please?,mental-health-fact
Can you tell me a mental health fact briefly?,mental-health-fact
Can you tell me a mental health fact in simple words?,mental-health-fact
Can you tell me a mental health fact clearly?,mental-health-fact
Can you tell me a mental health fact for me?,mental-health-fact
Quick question: can you tell me a mental health fact?,mental-health-fact
I have a question: can you tell me a mental health fact?,mental-health-fact
I'd like to hear a mental health fact,mental-health-fact
Can you help me i'd like to hear a mental health fact?,mental-health-fact
Could you help me i'd like to hear a mental health fact?,mental-health-fact
Please help me i'd like to hear a mental health fact,mental-health-fact
I need help to i'd like to hear a mental health fact,mental-health-fact
Show me how to i'd like to hear a mental health fact,mental-health-fact
Guide me to i'd like to hear a mental health fact,mental-health-fact
Can you explain how to i'd like to hear a mental health fact?,mental-health-fact
I need support with i'd like to hear a mental health fact,mental-health-fact
I want help with i'd like to hear a mental health fact,mental-health-fact
Give me advice about i'd like to hear a mental health fact,mental-health-fact
What is a fact about mental health?,mental-health-fact
Can you define a fact about mental health?,mental-health-fact
Could you define a fact about mental health?,mental-health-fact
Explain a fact about mental health?,mental-health-fact
Tell me about a fact about mental health?,mental-health-fact
What does a fact about mental health mean?,mental-health-fact
Give me a simple definition of a fact about mental health?,mental-health-fact
Help me understand a fact about mental health?,mental-health-fact
What should i know about a fact about mental health?,mental-health-fact
Do you have a mental health fact?,mental-health-fact
What is mental health?,fact-1
Can you define mental health?,fact-1
Could you define mental health?,fact-1
Explain mental health?,fact-1
Tell me about mental health?,fact-1
What does mental health mean?,fact-1
Give me a simple definition of mental health?,fact-1
Help me understand mental health?,fact-1
What should i know about mental health?,fact-1
Define mental health,fact-1
Can you help me define mental health?,fact-1
Could you help me define mental health?,fact-1
Please help me define mental health,fact-1
I need help to define mental health,fact-1
Show me how to define mental health,fact-1
Guide me to define mental health,fact-1
Can you explain how to define mental health?,fact-1
I need support with define mental health,fact-1
I want help with define mental health,fact-1
Give me advice about define mental health,fact-1
Can you help me i need help to define mental health?,fact-1
Can you help me define mental health briefly?,fact-1
Can you help me define mental health in simple words?,fact-1
Explain mental health clearly?,fact-1
Could you tell me can you explain how to define mental health?,fact-1
I want to know can you help me define mental health briefly?,fact-1
I want to know can you help me define mental health?,fact-1
Could you tell me can you help me define mental health in simple words?,fact-1
Could you help me i need support with define mental health?,fact-1
Quick question: give me a simple definition of mental health?,fact-1
Can you help me define mental health briefly briefly?,fact-1
I want help with give me advice about define mental health,fact-1
Guide me to give me advice about define mental health,fact-1
What is mental health in simple words?,fact-1
Guide me to i need help to define mental health,fact-1
I'd like to know can you help me i need help to define mental health?,fact-1
I have a question: could you help me i need support with define mental health?,fact-1
I need support with i need help to define mental health,fact-1
Can you help me define mental health briefly briefly for me?,fact-1
Can you help me define mental health please?,fact-1
I need support with i want help with define mental health,fact-1
I want help with i need support with i want help with define mental health,fact-1
Can you explain can you help me define mental health briefly?,fact-1
Give me advice about guide me to define mental health,fact-1
Please help me give me advice about define mental health,fact-1
Could you help me please help me define mental health?,fact-1
Can you define mental health briefly?,fact-1
Can you help me define mental health briefly briefly briefly?,fact-1
I have a question: tell me about mental health?,fact-1
I want to know can you help me define mental health in simple words?,fact-1
Quick question: could you help me please help me define mental health?,fact-1
Guide me to i want help with give me advice about define mental health,fact-1
Could you help me guide me to define mental health?,fact-1
I want help with i need support with i want help with define mental health please,fact-1
Quick question: i want to know can you help me define mental health in simple words?,fact-1
Could you help me show me how to define mental health?,fact-1
I need support with guide me to i want help with give me advice about define mental health,fact-1
Quick question: give me a simple definition of mental health for me?,fact-1
Can you help me guide me to define mental health?,fact-1
Quick question: give me a simple definition of mental health briefly?,fact-1
Can you explain how to guide me to i want help with give me advice about define mental health?,fact-1
Can you explain can you help me define mental health briefly please?,fact-1
I'd like to know can you help me i need help to define mental health for me?,fact-1
Can you explain how to guide me to i want help with give me advice about define mental health for me?,fact-1
I want help with i need support with guide me to i want help with give me advice about define mental health,fact-1
Guide me to i want help with i need support with guide me to i want help with give me advice about define mental health,fact-1
Quick question: give me a simple definition of mental health for me briefly?,fact-1
I'd like to know can you explain how to guide me to i want help with give me advice about define mental health?,fact-1
Explain mental health in simple words?,fact-1
I have a question: i'd like to know can you help me i need help to define mental health?,fact-1
Could you tell me can you help me define mental health briefly briefly?,fact-1
Can you help me i need support with guide me to i want help with give me advice about define mental health?,fact-1
I have a question: could you help me i need support with define mental health in simple words?,fact-1
Show me how to guide me to i need help to define mental health,fact-1
I need support with i need support with i want help with define mental health,fact-1
Could you explain can you help me define mental health?,fact-1
Give me advice about define mental health clearly,fact-1
Give me advice about define mental health please,fact-1
Guide me to i want help with i need support with i want help with define mental health please,fact-1
Can you explain can you help me define mental health briefly clearly?,fact-1
Why is mental health important?,fact-2
Why does mental health matter?,fact-2
What makes mental health important?,fact-2
What is the importance of mental health?,fact-2
Can you define the importance of mental health?,fact-2
Could you define the importance of mental health?,fact-2
Explain the importance of mental health?,fact-2
Tell me about the importance of mental health?,fact-2
What does the importance of mental health mean?,fact-2
Give me a simple definition of the importance of mental health?,fact-2
Help me understand the importance of mental health?,fact-2
What should i know about the importance of mental health?,fact-2
Explain the importance of mental health briefly?,fact-2
Quick question: explain the importance of mental health?,fact-2
Explain the importance of mental health briefly for me?,fact-2
I have a question: explain the importance of mental health?,fact-2
Why is mental health important in simple words?,fact-2
Quick question: explain the importance of mental health briefly?,fact-2
Quick question: explain the importance of mental health briefly in simple words?,fact-2
I have a question: explain the importance of mental health in simple words?,fact-2
What does the importance of mental health mean clearly?,fact-2
Explain the importance of mental health briefly briefly?,fact-2
Explain the importance of mental health briefly for me briefly?,fact-2
I have a question: explain the importance of mental health in simple words clearly?,fact-2
Quick question: explain the importance of mental health briefly in simple words please?,fact-2
I want to know what does the importance of mental health mean clearly?,fact-2
Quick question: can you define the importance of mental health?,fact-2
Explain the importance of mental health briefly for me please?,fact-2
What does the importance of mental health mean in simple words?,fact-2
Explain the importance of mental health in simple words?,fact-2
Quick question: help me understand the importance of mental health?,fact-2
Quick question: can you define the importance of mental health please?,fact-2
Quick question: help me understand the importance of mental health for me?,fact-2
What is the importance of mental health briefly?,fact-2
Can you define the importance of mental health for me?,fact-2
What makes mental health important for me?,fact-2
Can you tell me why does mental health matter?,fact-2
Give me a simple definition of the importance of mental health in simple words?,fact-2
What does the importance of mental health mean please?,fact-2
Can you tell me can you tell me why does mental health matter?,fact-2
Explain the importance of mental health in simple words clearly?,fact-2
I have a question: explain the importance of mental health in simple words clearly briefly?,fact-2
What does the importance of mental health mean please briefly?,fact-2
Tell me about the importance of mental health briefly?,fact-2
I have a question: explain the importance of mental health in simple words please?,fact-2
Give me a simple definition of the importance of mental health in simple words in simple words?,fact-2
Can you tell me why does mental health matter in simple words?,fact-2
Quick question: quick question: explain the importance of mental health briefly in simple words please?,fact-2
Give me a simple definition of the importance of mental health in simple words in simple words in simple words?,fact-2
Can you define the importance of mental health briefly?,fact-2
I have a question: explain the importance of mental health in simple words please in simple words?,fact-2
Explain the importance of mental health clearly?,fact-2
Tell me about the importance of mental health briefly please?,fact-2
I have a question: explain the importance of mental health in simple words please in simple words in simple words?,fact-2
I want to know can you define the importance of mental health for me?,fact-2
Help me understand what does the importance of mental health mean please briefly?,fact-2
Can you define the importance of mental health please?,fact-2
I have a question: explain the importance of mental health in simple words clearly briefly for me?,fact-2
Why is mental health important clearly?,fact-2
Explain the importance of mental health in simple words clearly briefly?,fact-2
Explain the importance of mental health briefly for me please briefly?,fact-2
Can you tell me why does mental health matter in simple words please?,fact-2
Can you tell me why does mental health matter in simple words please in simple words?,fact-2
I have a question: quick question: explain the importance of mental health briefly?,fact-2
Quick question: explain the importance of mental health in simple words clearly briefly?,fact-2
Help me understand can you define the importance of mental health for me?,fact-2
Quick question: can you define the importance of mental health please please?,fact-2
I have a question: what makes mental health important for me?,fact-2
I have a question: explain the importance of mental health in simple words clearly briefly for me in simple words?,fact-2
Explain the importance of mental health in simple words clearly briefly in simple words?,fact-2
What is the importance of mental health in simple words?,fact-2
I have a question: i have a question: explain the importance of mental health in simple words clearly?,fact-2
Explain the importance of mental health briefly for me please for me?,fact-2
What does the importance of mental health briefly mean?,fact-2
What makes mental health important for me for me?,fact-2
What makes mental health important for me please?,fact-2
Why does mental health matter please?,fact-2
Quick question: explain the importance of mental health briefly in simple words please please?,fact-2
Quick question: quick question: help me understand the importance of mental health?,fact-2
Can you tell me why does mental health matter in simple words please in simple words please?,fact-2
What is depression?,fact-3
Can you define depression?,fact-3
Could you define depression?,fact-3
Explain depression?,fact-3
Tell me about depression?,fact-3
What does depression mean?,fact-3
Give me a simple definition of depression?,fact-3
Help me understand depression?,fact-3
What should i know about depression?,fact-3
Define depression,fact-3
Can you help me define depression?,fact-3
Could you help me define depression?,fact-3
Please help me define depression,fact-3
I need help to define depression,fact-3
Show me how to define depression,fact-3
Guide me to define depression,fact-3
Can you explain how to define depression?,fact-3
I need support with define depression,fact-3
I want help with define depression,fact-3
Give me advice about define depression,fact-3
I have a question: help me understand depression?,fact-3
I have a question: i have a question: help me understand depression?,fact-3
Show me how to define depression please,fact-3
Define depression clearly,fact-3
Please help me show me how to define depression please,fact-3
Define depression for me,fact-3
I have a question: could you help me define depression?,fact-3
I need support with i need support with define depression,fact-3
Quick question: could you help me define depression?,fact-3
I need support with define depression clearly,fact-3
Help me understand can you help me define depression?,fact-3
Can you explain how to show me how to define depression please?,fact-3
I need help to i need support with define depression,fact-3
Can you tell me can you explain how to define depression?,fact-3
Help me understand depression in simple words?,fact-3
I have a question: help me understand depression please?,fact-3
Help me understand depression in simple words briefly?,fact-3
Please help me please help me define depression,fact-3
Help me understand can you help me define depression clearly?,fact-3
I need support with please help me please help me define depression,fact-3
Help me understand can you help me define depression clearly clearly?,fact-3
Give me a simple definition of depression in simple words?,fact-3
Please help me i want help with define depression,fact-3
Could you help me define depression clearly?,fact-3
Give me advice about define depression for me,fact-3
Could you tell me what should i know about depression?,fact-3
Could you define depression for me?,fact-3
Could you help me i want help with define depression?,fact-3
I have a question: help me understand can you help me define depression clearly clearly?,fact-3
Give me a simple definition of depression for me?,fact-3
Can you explain how to i want help with define depression?,fact-3
I have a question: help me understand can you help me define depression?,fact-3
I have a question: i have a question: help me understand depression briefly?,fact-3
Explain depression clearly?,fact-3
Help me understand can you help me define depression please?,fact-3
I have a question: i have a question: help me understand depression briefly please?,fact-3
Can you explain how to define depression for me?,fact-3
Tell me about depression briefly?,fact-3
Define depression in simple words,fact-3
What does depression mean please?,fact-3
Quick question: i have a question: help me understand depression please?,fact-3
Help me understand can you help me define depression clearly in simple words?,fact-3
Quick question: give me a simple definition of depression for me?,fact-3
I have a question: quick question: could you help me define depression?,fact-3
Quick question: help me understand can you help me define depression clearly?,fact-3
I want help with i need support with please help me please help me define depression,fact-3
Help me understand depression please?,fact-3
I have a question: could you help me define depression in simple words?,fact-3
Can you tell me can you explain how to define depression in simple words?,fact-3
Could you explain can you help me define depression?,fact-3
Help me understand can you help me define depression briefly?,fact-3
Help me understand can you help me define depression briefly please?,fact-3
I have a question: help me understand depression clearly?,fact-3
I have a question: tell me about depression briefly?,fact-3
Please help me please help me define depression briefly,fact-3
Help me understand depression in simple words briefly clearly?,fact-3
Can you help me define depression in simple words?,fact-3
I need help to i need support with define depression clearly,fact-3
Help me understand depression in simple words briefly clearly in simple words?,fact-3
Help me understand can you help me define depression please please?,fact-3
How can i know if i have depression?,fact-5
How do i know if i have depression?,fact-5
What can i do to know if i have depression?,fact-5
What's the best way to know if i have depression?,fact-5
Any tips to know if i have depression?,fact-5
Am i depressed?,fact-5
Am i depressed please?,fact-5
Am i depressed briefly?,fact-5
Am i depressed in simple words?,fact-5
Am i depressed clearly?,fact-5
Am i depressed for me?,fact-5
Quick question: am i depressed?,fact-5
I have a question: am i depressed?,fact-5
Am i suffering from depression?,fact-5
Am i suffering from depression please?,fact-5
Am i suffering from depression briefly?,fact-5
Am i suffering from depression in simple words?,fact-5
Am i suffering from depression clearly?,fact-5
Am i suffering from depression for me?,fact-5
Quick question: am i suffering from depression?,fact-5
I have a question: am i suffering from depression?,fact-5
Am i mentally ill?,fact-5
Am i mentally ill please?,fact-5
Am i mentally ill briefly?,fact-5
Am i mentally ill in simple words?,fact-5
Am i mentally ill clearly?,fact-5
Am i mentally ill for me?,fact-5
Quick question: am i mentally ill?,fact-5
I have a question: am i mentally ill?,fact-5
Am i suffering from depression clearly in simple words?,fact-5
I have a question: am i suffering from depression briefly?,fact-5
Am i suffering from depression clearly in simple words clearly?,fact-5
Am i depressed clearly please?,fact-5
Could you define the best way to know if i have depression?,fact-5
Quick question: am i suffering from depression clearly?,fact-5
I have a question: am i mentally ill please?,fact-5
I have a question: am i suffering from depression clearly?,fact-5
I have a question: am i mentally ill for me?,fact-5
I have a question: what can i do to know if i have depression?,fact-5
Quick question: am i mentally ill for me?,fact-5
I have a question: what can i do to know if i have depression clearly?,fact-5
How do i know if i have depression briefly?,fact-5
I have a question: am i suffering from depression clearly in simple words?,fact-5
I have a question: am i suffering from depression clearly briefly?,fact-5
I have a question: i have a question: am i suffering from depression briefly?,fact-5
Am i suffering from depression clearly briefly?,fact-5
Quick question: i have a question: am i mentally ill for me?,fact-5
I have a question: i have a question: what can i do to know if i have depression clearly?,fact-5
Am i mentally ill for me for me?,fact-5
I have a question: am i suffering from depression please?,fact-5
Am i depressed for me for me?,fact-5
Am i mentally ill for me in simple words?,fact-5
Quick question: i have a question: am i suffering from depression clearly in simple words?,fact-5
Quick question: i have a question: am i suffering from depression clearly in simple words clearly?,fact-5
Am i depressed clearly please for me?,fact-5
Quick question: am i suffering from depression clearly in simple words?,fact-5
Explain the best way to know if i have depression?,fact-5
Could you define the best way to know if i have depression for me?,fact-5
I have a question: quick question: am i mentally ill for me?,fact-5
I have a question: what can i do to know if i have depression clearly please?,fact-5
Am i depressed in simple words clearly?,fact-5
I have a question: i have a question: am i mentally ill?,fact-5
Am i depressed briefly for me?,fact-5
Am i mentally ill for me in simple words in simple words?,fact-5
I have a question: am i suffering from depression for me?,fact-5
How do i know if i have depression clearly?,fact-5
Quick question: am i depressed in simple words?,fact-5
Am i suffering from depression please please?,fact-5
I have a question: quick question: am i suffering from depression?,fact-5
I have a question: am i mentally ill for me clearly?,fact-5
I have a question: quick question: i have a question: am i suffering from depression clearly in simple words clearly?,fact-5
Am i depressed in simple words clearly in simple words?,fact-5
I have a question: quick question: am i mentally ill for me briefly?,fact-5
I have a question: am i suffering from depression please in simple words?,fact-5
How do i know if i have depression clearly please?,fact-5
Quick question: i have a question: am i mentally ill please?,fact-5
I have a question: am i suffering from depression clearly briefly clearly?,fact-5
How can i know if i have depression in simple words?,fact-5
I have a question: quick question: i have a question: am i mentally ill please?,fact-5
Quick question: am i suffering from depression for me?,fact-5
What is a therapist?,fact-6
Can you define a therapist?,fact-6
Could you define a therapist?,fact-6
Explain a therapist?,fact-6
Tell me about a therapist?,fact-6
What does a therapist mean?,fact-6
Give me a simple definition of a therapist?,fact-6
Help me understand a therapist?,fact-6
What should i know about a therapist?,fact-6
What does a therapist do?,fact-6
Can you explain what does a therapist do?,fact-6
Could you explain what does a therapist do?,fact-6
Can you tell me what does a therapist do?,fact-6
Could you tell me what does a therapist do?,fact-6
Help me understand what does a therapist do?,fact-6
I want to know what does a therapist do?,fact-6
I'd like to know what does a therapist do?,fact-6
What does a therapist do please?,fact-6
What does a therapist do briefly?,fact-6
What does a therapist do in simple words?,fact-6
What does a therapist do clearly?,fact-6
What does a therapist do for me?,fact-6
Quick question: what does a therapist do?,fact-6
I have a question: what does a therapist do?,fact-6
I want to know what does a therapist do for me?,fact-6
Can you explain what does a therapist do please?,fact-6
Quick question: i want to know what does a therapist do for me?,fact-6
Help me understand what does a therapist do for me?,fact-6
Help me understand what does a therapist do for me in simple words?,fact-6
Quick question: what does a therapist do in simple words?,fact-6
I want to know what does a therapist do briefly?,fact-6
Quick question: help me understand a therapist?,fact-6
Could you define a therapist for me?,fact-6
Quick question: i want to know what does a therapist do briefly?,fact-6
I want to know what does a therapist do for me briefly?,fact-6
Quick question: help me understand a therapist briefly?,fact-6
Could you define a therapist for me for me?,fact-6
I have a question: give me a simple definition of a therapist?,fact-6
Give me a simple definition of a therapist please?,fact-6
I have a question: tell me about a therapist?,fact-6
I'd like to know what does a therapist do for me?,fact-6
Quick question: i have a question: tell me about a therapist?,fact-6
Quick question: i have a question: tell me about a therapist please?,fact-6
Quick question: what does a therapist do for me?,fact-6
Quick question: quick question: what does a therapist do for me?,fact-6
What does a therapist do clearly in simple words?,fact-6
I have a question: what does a therapist do clearly in simple words?,fact-6
Quick question: help me understand a therapist for me?,fact-6
Tell me about a therapist in simple words?,fact-6
I'd like to know what does a therapist do for me clearly?,fact-6
Help me understand what does a therapist do please?,fact-6
Help me understand what does a therapist do for me please?,fact-6
Tell me about a therapist in simple words please?,fact-6
Help me understand what does a therapist do for me in simple words briefly?,fact-6
Quick question: quick question: what does a therapist do for me clearly?,fact-6
Can you define a therapist in simple words?,fact-6
Help me understand what does a therapist do please in simple words?,fact-6
Quick question: what does a therapist do clearly?,fact-6
Quick question: i want to know what does a therapist do for me briefly?,fact-6
Could you explain can you explain what does a therapist do?,fact-6
What does a therapist mean clearly?,fact-6
I have a question: tell me about a therapist in simple words?,fact-6
Quick question: what does a therapist do in simple words clearly?,fact-6
Quick question: what does a therapist do in simple words please?,fact-6
Could you explain can you explain what does a therapist do clearly?,fact-6
Can you explain what does a therapist do clearly?,fact-6
Help me understand what does a therapist do please in simple words for me?,fact-6
Quick question: give me a simple definition of a therapist please?,fact-6
I have a question: could you define a therapist for me?,fact-6
Give me a simple definition of a therapist please in simple words?,fact-6
I have a question: i'd like to know what does a therapist do for me clearly?,fact-6
Could you tell me what does a therapist do in simple words?,fact-6
Tell me about a therapist in simple words for me?,fact-6
I have a question: give me a simple definition of a therapist clearly?,fact-6
Quick question: could you define a therapist?,fact-6
Quick question: help me understand a therapist briefly for me?,fact-6
Give me a simple definition of a therapist in simple words?,fact-6
Quick question: what does a therapist do in simple words for me?,fact-6
Help me understand what does a therapist do for me in simple words in simple words?,fact-6
Could you define a therapist for me briefly?,fact-6
What is therapy?,fact-7
Can you define therapy?,fact-7
Could you define therapy?,fact-7
Explain therapy?,fact-7
Tell me about therapy?,fact-7
What does therapy mean?,fact-7
Give me a simple definition of therapy?,fact-7
Help me understand therapy?,fact-7
What should i know about therapy?,fact-7
Do i need therapy?,fact-7
Do i need therapy please?,fact-7
Do i need therapy briefly?,fact-7
Do i need therapy in simple words?,fact-7
Do i need therapy clearly?,fact-7
Do i need therapy for me?,fact-7
Quick question: do i need therapy?,fact-7
I have a question: do i need therapy?,fact-7
Who is therapy for?,fact-7
Can you explain who is therapy for?,fact-7
Could you explain who is therapy for?,fact-7
Can you tell me who is therapy for?,fact-7
Could you tell me who is therapy for?,fact-7
Help me understand who is therapy for?,fact-7
I want to know who is therapy for?,fact-7
I'd like to know who is therapy for?,fact-7
Who is therapy for please?,fact-7
Who is therapy for briefly?,fact-7
Who is therapy for in simple words?,fact-7
Who is therapy for clearly?,fact-7
Who is therapy for for me?,fact-7
Quick question: who is therapy for?,fact-7
I have a question: who is therapy for?,fact-7
Give me a simple definition of therapy in simple words?,fact-7
Who is therapy for clearly for me?,fact-7
I want to know who is therapy for briefly?,fact-7
What does therapy mean in simple words?,fact-7
Could you explain who is therapy for briefly?,fact-7
Do i need therapy in simple words briefly?,fact-7
I want to know who is therapy for briefly for me?,fact-7
Who is therapy for clearly for me please?,fact-7
I have a question: i have a question: do i need therapy?,fact-7
Can you explain who is therapy for clearly?,fact-7
Could you tell me who is therapy for please?,fact-7
Can you explain who is therapy for for me?,fact-7
Help me understand what does therapy mean in simple words?,fact-7
What does therapy mean please?,fact-7
I have a question: do i need therapy please?,fact-7
Help me understand who is therapy for for me?,fact-7
Can you explain who is therapy for for me clearly?,fact-7
Could you tell me can you explain who is therapy for for me?,fact-7
Quick question: do i need therapy in simple words briefly?,fact-7
I have a question: i have a question: do i need therapy for me?,fact-7
Give me a simple definition of therapy clearly?,fact-7
Can you define therapy briefly?,fact-7
What does therapy mean in simple words for me?,fact-7
Do i need therapy for me please?,fact-7
I have a question: i have a question: i have a question: do i need therapy?,fact-7
Help me understand what does therapy mean in simple words clearly?,fact-7
I want to know can you explain who is therapy for clearly?,fact-7
Help me understand therapy briefly?,fact-7
Could you define therapy in simple words?,fact-7
I have a question: who is therapy for please?,fact-7
Give me a simple definition of therapy for me?,fact-7
I want to know what should i know about therapy?,fact-7
I want to know can you explain who is therapy for clearly for me?,fact-7
Can you define therapy briefly briefly?,fact-7
Quick question: could you explain who is therapy for?,fact-7
I have a question: do i need therapy in simple words?,fact-7
Give me a simple definition of therapy clearly clearly?,fact-7
Tell me about therapy for me?,fact-7
I'd like to know who is therapy for in simple words?,fact-7
I have a question: i have a question: i have a question: do i need therapy in simple words?,fact-7
I have a question: do i need therapy please please?,fact-7
Help me understand who is therapy for for me for me?,fact-7
Quick question: help me understand therapy?,fact-7
Can you tell me what does therapy mean in simple words?,fact-7
I have a question: quick question: do i need therapy?,fact-7
Do i need therapy briefly in simple words?,fact-7
I have a question: quick question: do i need therapy please?,fact-7
Could you tell me who is therapy for please in simple words?,fact-7
What does it mean to have a mental illness?,fact-8
Can you explain what does it mean to have a mental illness?,fact-8
Could you explain what does it mean to have a mental illness?,fact-8
Can you tell me what does it mean to have a mental illness?,fact-8
Could you tell me what does it mean to have a mental illness?,fact-8
Help me understand what does it mean to have a mental illness?,fact-8
I want to know what does it mean to have a mental illness?,fact-8
I'd like to know what does it mean to have a mental illness?,fact-8
What does it mean to have a mental illness please?,fact-8
What does it mean to have a mental illness briefly?,fact-8
What does it mean to have a mental illness in simple words?,fact-8
What does it mean to have a mental illness clearly?,fact-8
What does it mean to have a mental illness for me?,fact-8
Quick question: what does it mean to have a mental illness?,fact-8
I have a question: what does it mean to have a mental illness?,fact-8
Could you explain what does it mean to have a mental illness in simple words?,fact-8
Could you explain what does it mean to have a mental illness for me?,fact-8
I want to know what does it mean to have a mental illness in simple words?,fact-8
What does it mean to have a mental illness in simple words for me?,fact-8
Could you tell me what does it mean to have a mental illness in simple words?,fact-8
Could you tell me what does it mean to have a mental illness briefly?,fact-8
I want to know what does it mean to have a mental illness in simple words clearly?,fact-8
Help me understand what does it mean to have a mental illness please?,fact-8
I want to know what does it mean to have a mental illness in simple words clearly briefly?,fact-8
Help me understand what does it mean to have a mental illness in simple words for me?,fact-8
Could you explain can you explain what does it mean to have a mental illness?,fact-8
Quick question: i want to know what does it mean to have a mental illness in simple words clearly briefly?,fact-8
Could you explain what does it mean to have a mental illness for me please?,fact-8
I want to know what does it mean to have a mental illness in simple words clearly briefly please?,fact-8
I have a question: could you explain what does it mean to have a mental illness in simple words?,fact-8
Help me understand what does it mean to have a mental illness in simple words for me for me?,fact-8
Could you explain what does it mean to have a mental illness for me clearly?,fact-8
I have a question: what does it mean to have a mental illness for me?,fact-8
I have a question: could you tell me what does it mean to have a mental illness in simple words?,fact-8
Can you explain what does it mean to have a mental illness clearly?,fact-8
Quick question: could you explain can you explain what does it mean to have a mental illness?,fact-8
I have a question: i want to know what does it mean to have a mental illness?,fact-8
I want to know what does it mean to have a mental illness in simple words clearly briefly please please?,fact-8
Help me understand what does it mean to have a mental illness for me?,fact-8
Help me understand what does it mean to have a mental illness for me briefly?,fact-8
Help me understand what does it mean to have a mental illness for me briefly for me?,fact-8
Help me understand what does it mean to have a mental illness in simple words for me clearly?,fact-8
Quick question: i have a question: could you explain what does it mean to have a mental illness in simple words?,fact-8
I want to know what does it mean to have a mental illness please?,fact-8
Help me understand what does it mean to have a mental illness in simple words for me clearly in simple words?,fact-8
I have a question: could you explain what does it mean to have a mental illness for me please?,fact-8
Quick question: i have a question: what does it mean to have a mental illness?,fact-8
I have a question: i want to know what does it mean to have a mental illness in simple words clearly?,fact-8
Could you explain can you explain what does it mean to have a mental illness please?,fact-8
Quick question: could you tell me what does it mean to have a mental illness briefly?,fact-8
Could you tell me what does it mean to have a mental illness briefly clearly?,fact-8
I want to know what does it mean to have a mental illness in simple words clearly briefly briefly?,fact-8
I have a question: i want to know what does it mean to have a mental illness please?,fact-8
Could you tell me what does it mean to have a mental illness please?,fact-8
Could you tell me what does it mean to have a mental illness please please?,fact-8
Quick question: help me understand what does it mean to have a mental illness?,fact-8
I want to know what does it mean to have a mental illness for me?,fact-8
I want to know what does it mean to have a mental illness in simple words clearly briefly briefly briefly?,fact-8
Quick question: could you explain can you explain what does it mean to have a mental illness for me?,fact-8
Quick question: could you explain can you explain what does it mean to have a mental illness please?,fact-8
Quick question: i want to know what does it mean to have a mental illness in simple words clearly briefly for me?,fact-8
Quick question: quick question: help me understand what does it mean to have a mental illness?,fact-8
Quick question: help me understand what does it mean to have a mental illness in simple words?,fact-8
Help me understand what does it mean to have a mental illness for me clearly?,fact-8
I have a question: could you explain what does it mean to have a mental illness for me please please?,fact-8
I have a question: could you explain what does it mean to have a mental illness for me please please in simple words?,fact-8
Could you tell me what does it mean to have a mental illness in simple words briefly?,fact-8
Quick question: what does it mean to have a mental illness for me?,fact-8
I have a question: i want to know what does it mean to have a mental illness in simple words clearly please?,fact-8
Quick question: could you explain can you explain what does it mean to have a mental illness in simple words?,fact-8
Could you tell me what does it mean to have a mental illness please please for me?,fact-8
Can you explain what does it mean to have a mental illness clearly briefly?,fact-8
Can you explain what does it mean to have a mental illness clearly clearly?,fact-8
Help me understand what does it mean to have a mental illness for me briefly in simple words?,fact-8
Can you explain what does it mean to have a mental illness clearly clearly in simple words?,fact-8
I want to know what does it mean to have a mental illness in simple words clearly briefly briefly please?,fact-8
What does it mean to have a mental illness in simple words for me clearly?,fact-8
Can you explain can you tell me what does it mean to have a mental illness?,fact-8
Quick question: what does it mean to have a mental illness for me in simple words?,fact-8
Could you explain can you explain what does it mean to have a mental illness please clearly?,fact-8
What are the warning signs of mental illness?,fact-11
How do i recognize mental illness?,fact-11
What signs should i watch for with mental illness?,fact-11
What are common signs of mental illness?,fact-11
What r some of the warning signs of mental illness?,fact-11
Can you explain what r some of the warning signs of mental illness?,fact-11
Could you explain what r some of the warning signs of mental illness?,fact-11
Can you tell me what r some of the warning signs of mental illness?,fact-11
Could you tell me what r some of the warning signs of mental illness?,fact-11
Help me understand what r some of the warning signs of mental illness?,fact-11
I want to know what r some of the warning signs of mental illness?,fact-11
I'd like to know what r some of the warning signs of mental illness?,fact-11
What r some of the warning signs of mental illness please?,fact-11
What r some of the warning signs of mental illness briefly?,fact-11
What r some of the warning signs of mental illness in simple words?,fact-11
What r some of the warning signs of mental illness clearly?,fact-11
What r some of the warning signs of mental illness for me?,fact-11
Quick question: what r some of the warning signs of mental illness?,fact-11
I have a question: what r some of the warning signs of mental illness?,fact-11
What are some of the warning signs of mental illness?,fact-11
I want to know what r some of the warning signs of mental illness briefly?,fact-11
I'd like to know what r some of the warning signs of mental illness clearly?,fact-11
I want to know what r some of the warning signs of mental illness please?,fact-11
How do i recognize mental illness briefly?,fact-11
What are some of the warning signs of mental illness please?,fact-11
I have a question: could you tell me what r some of the warning signs of mental illness?,fact-11
Quick question: i'd like to know what r some of the warning signs of mental illness clearly?,fact-11
What r some of the warning signs of mental illness clearly briefly?,fact-11
I want to know what r some of the warning signs of mental illness in simple words?,fact-11
Could you tell me what r some of the warning signs of mental illness in simple words?,fact-11
What are the warning signs of mental illness please?,fact-11
Quick question: i'd like to know what r some of the warning signs of mental illness?,fact-11
Could you tell me can you tell me what r some of the warning signs of mental illness?,fact-11
Quick question: i'd like to know what r some of the warning signs of mental illness please?,fact-11
What r some of the warning signs of mental illness in simple words for me?,fact-11
What are common signs of mental illness briefly?,fact-11
What are some of the warning signs of mental illness briefly?,fact-11
Could you tell me what r some of the warning signs of mental illness for me?,fact-11
I want to know what r some of the warning signs of mental illness briefly please?,fact-11
I'd like to know what are the warning signs of mental illness?,fact-11
Could you explain what r some of the warning signs of mental illness clearly briefly?,fact-11
Quick question: could you tell me what r some of the warning signs of mental illness?,fact-11
What r some of the warning signs of mental illness in simple words for me clearly?,fact-11
What r some of the warning signs of mental illness in simple words please?,fact-11
Quick question: what are common signs of mental illness briefly?,fact-11
What r some of the warning signs of mental illness in simple words for me clearly for me?,fact-11
I want to know what r some of the warning signs of mental illness please please?,fact-11
I have a question: could you tell me what r some of the warning signs of mental illness clearly?,fact-11
What's the best way to recognize mental illness?,fact-11
What are some of the warning signs of mental illness briefly for me?,fact-11
Quick question: i have a question: could you tell me what r some of the warning signs of mental illness?,fact-11
I have a question: what r some of the warning signs of mental illness please?,fact-11
I have a question: could you tell me what r some of the warning signs of mental illness in simple words?,fact-11
I have a question: i want to know what r some of the warning signs of mental illness?,fact-11
I have a question: i want to know what r some of the warning signs of mental illness for me?,fact-11
I want to know can you explain what r some of the warning signs of mental illness?,fact-11
I have a question: i want to know what r some of the warning signs of mental illness for me please?,fact-11
I want to know what r some of the warning signs of mental illness clearly?,fact-11
Quick question: could you tell me what r some of the warning signs of mental illness for me?,fact-11
Quick question: i'd like to know what r some of the warning signs of mental illness please please?,fact-11
Help me understand what r some of the warning signs of mental illness in simple words?,fact-11
How do i recognize mental illness briefly for me?,fact-11
Quick question: i'd like to know what r some of the warning signs of mental illness please in simple words?,fact-11
I want to know what r some of the warning signs of mental illness clearly for me?,fact-11
Quick question: what are common signs of mental illness briefly briefly?,fact-11
Can you explain what are the warning signs of mental illness please?,fact-11
I have a question: what r some of the warning signs of mental illness clearly?,fact-11
I have a question: could you tell me what r some of the warning signs of mental illness briefly?,fact-11
I have a question: i want to know what r some of the warning signs of mental illness clearly for me?,fact-11
I want to know what r some of the warning signs of mental illness clearly in simple words?,fact-11
I have a question: help me understand what r some of the warning signs of mental illness in simple words?,fact-11
I want to know what r some of the warning signs of mental illness briefly please clearly?,fact-11
Help me understand can you tell me what r some of the warning signs of mental illness?,fact-11
Quick question: what are common signs of mental illness briefly briefly please?,fact-11
I have a question: i'd like to know what are the warning signs of mental illness?,fact-11
I want to know what r some of the warning signs of mental illness clearly please?,fact-11
I have a question: could you tell me what r some of the warning signs of mental illness clearly clearly?,fact-11
Help me understand what r some of the warning signs of mental illness please?,fact-11
Quick question: i have a question: could you tell me what r some of the warning signs of mental illness clearly clearly?,fact-11
Quick question: i'd like to know what r some of the warning signs of mental illness please please clearly?,fact-11
Can people with mental illness recover?,fact-12
Is recovery from mental illness possible?,fact-12
Can someone recover from mental illness?,fact-12
Can treatment help people with mental illness?,fact-12
Help me understand is recovery from mental illness possible?,fact-12
I have a question: help me understand is recovery from mental illness possible?,fact-12
Help me understand is recovery from mental illness possible briefly?,fact-12
Can people with mental illness recover please?,fact-12
I have a question: help me understand is recovery from mental illness possible please?,fact-12
I have a question: help me understand is recovery from mental illness possible please briefly?,fact-12
Can people with mental illness recover clearly?,fact-12
Can people with mental illness recover please please?,fact-12
I have a question: help me understand is recovery from mental illness possible please in simple words?,fact-12
I have a question: help me understand is recovery from mental illness possible clearly?,fact-12
Quick question: help me understand is recovery from mental illness possible briefly?,fact-12
I have a question: help me understand is recovery from mental illness possible please in simple words for me?,fact-12
Is recovery from mental illness possible for me?,fact-12
Can you explain can people with mental illness recover clearly?,fact-12
Can people with mental illness recover clearly for me?,fact-12
I have a question: help me understand is recovery from mental illness possible please in simple words clearly?,fact-12
Can someone recover from mental illness briefly?,fact-12
Help me understand is recovery from mental illness possible for me?,fact-12
Quick question: i have a question: help me understand is recovery from mental illness possible please briefly?,fact-12
Help me understand is recovery from mental illness possible please?,fact-12
I have a question: help me understand is recovery from mental illness possible please briefly in simple words?,fact-12
Help me understand is recovery from mental illness possible clearly?,fact-12
Is recovery from mental illness possible for me please?,fact-12
Could you tell me can people with mental illness recover please please?,fact-12
I have a question: help me understand is recovery from mental illness possible in simple words?,fact-12
Can people with mental illness recover clearly clearly?,fact-12
Help me understand is recovery from mental illness possible briefly in simple words?,fact-12
I have a question: help me understand is recovery from mental illness possible please briefly please?,fact-12
Can someone recover from mental illness in simple words?,fact-12
Help me understand is recovery from mental illness possible for me briefly?,fact-12
I have a question: help me understand is recovery from mental illness possible please briefly in simple words briefly?,fact-12
Could you explain can people with mental illness recover clearly?,fact-12
I want to know can someone recover from mental illness?,fact-12
Help me understand is recovery from mental illness possible please in simple words?,fact-12
I have a question: help me understand is recovery from mental illness possible in simple words clearly?,fact-12
I have a question: help me understand is recovery from mental illness possible in simple words in simple words?,fact-12
I have a question: help me understand is recovery from mental illness possible please briefly in simple words briefly in simple words?,fact-12
I have a question: i have a question: help me understand is recovery from mental illness possible please in simple words clearly?,fact-12
I have a question: i have a question: help me understand is recovery from mental illness possible in simple words?,fact-12
Can people with mental illness recover clearly for me for me?,fact-12
Quick question: i have a question: help me understand is recovery from mental illness possible please briefly in simple words?,fact-12
Quick question: can people with mental illness recover clearly?,fact-12
I have a question: help me understand is recovery from mental illness possible please in simple words briefly?,fact-12
Is recovery from mental illness possible for me clearly?,fact-12
Help me understand is recovery from mental illness possible please please?,fact-12
Quick question: can people with mental illness recover clearly please?,fact-12
Can you explain can people with mental illness recover clearly for me?,fact-12
Help me understand is recovery from mental illness possible please please briefly?,fact-12
I'd like to know can you explain can people with mental illness recover clearly?,fact-12
Could you explain can someone recover from mental illness in simple words?,fact-12
Quick question: could you explain can someone recover from mental illness in simple words?,fact-12
Quick question: i have a question: help me understand is recovery from mental illness possible please briefly clearly?,fact-12
I want to know can treatment help people with mental illness?,fact-12
Help me understand can someone recover from mental illness in simple words?,fact-12
Quick question: i have a question: help me understand is recovery from mental illness possible please in simple words for me?,fact-12
I have a question: help me understand is recovery from mental illness possible for me?,fact-12
Quick question: help me understand is recovery from mental illness possible briefly in simple words?,fact-12
I have a question: help me understand is recovery from mental illness possible for me please?,fact-12
Could you explain can someone recover from mental illness in simple words for me?,fact-12
Could you explain can you explain can people with mental illness recover clearly for me?,fact-12
Can you explain can people with mental illness recover clearly in simple words?,fact-12
Quick question: help me understand is recovery from mental illness possible briefly in simple words briefly?,fact-12
I have a question: quick question: help me understand is recovery from mental illness possible briefly in simple words?,fact-12
Can you tell me can someone recover from mental illness in simple words?,fact-12
Quick question: i have a question: help me understand is recovery from mental illness possible please in simple words clearly?,fact-12
Quick question: help me understand is recovery from mental illness possible briefly clearly?,fact-12
Help me understand is recovery from mental illness possible briefly in simple words clearly?,fact-12
I have a question: help me understand is recovery from mental illness possible please in simple words for me briefly?,fact-12
I have a question: could you explain can someone recover from mental illness in simple words?,fact-12
I have a question: help me understand is recovery from mental illness possible please please?,fact-12
Could you explain can you explain can people with mental illness recover clearly for me for me?,fact-12
I have a question: help me understand is recovery from mental illness possible please please in simple words?,fact-12
Could you tell me can people with mental illness recover clearly for me?,fact-12
Quick question: could you explain can someone recover from mental illness in simple words for me?,fact-12
Quick question: can people with mental illness recover clearly in simple words?,fact-12
Quick question: i have a question: help me understand is recovery from mental illness possible please please?,fact-12
What should i do if i know someone who appears to have the symptoms of a mental disorder?,fact-13
Can you explain what should i do if i know someone who appears to have the symptoms of a mental disorder?,fact-13
Could you explain what should i do if i know someone who appears to have the symptoms of a mental disorder?,fact-13
Can you tell me what should i do if i know someone who appears to have the symptoms of a mental disorder?,fact-13
Could you tell me what should i do if i know someone who appears to have the symptoms of a mental disorder?,fact-13
Help me understand what should i do if i know someone who appears to have the symptoms of a mental disorder?,fact-13
I want to know what should i do if i know someone who appears to have the symptoms of a mental disorder?,fact-13
I'd like to know what should i do if i know someone who appears to have the symptoms of a mental disorder?,fact-13
What should i do if i know someone who appears to have the symptoms of a mental disorder please?,fact-13
What should i do if i know someone who appears to have the symptoms of a mental disorder briefly?,fact-13
What should i do if i know someone who appears to have the symptoms of a mental disorder in simple words?,fact-13
What should i do if i know someone who appears to have the symptoms of a mental disorder clearly?,fact-13
What should i do if i know someone who appears to have the symptoms of a mental disorder for me?,fact-13
Quick question: what should i do if i know someone who appears to have the symptoms of a mental disorder?,fact-13
I have a question: what should i do if i know someone who appears to have the symptoms of a mental disorder?,fact-13
Could you explain what should i do if i know someone who appears to have the symptoms of a mental disorder please?,fact-13
Can you explain what should i do if i know someone who appears to have the symptoms of a mental disorder clearly?,fact-13
Can you explain what should i do if i know someone who appears to have the symptoms of a mental disorder clearly please?,fact-13
Can you explain what should i do if i know someone who appears to have the symptoms of a mental disorder clearly for me?,fact-13
Quick question: what should i do if i know someone who appears to have the symptoms of a mental disorder for me?,fact-13
Could you explain what should i do if i know someone who appears to have the symptoms of a mental disorder please clearly?,fact-13
Could you tell me what should i do if i know someone who appears to have the symptoms of a mental disorder clearly?,fact-13
Can you tell me what should i do if i know someone who appears to have the symptoms of a mental disorder clearly?,fact-13
Could you tell me what should i do if i know someone who appears to have the symptoms of a mental disorder clearly please?,fact-13
Can you explain what should i do if i know someone who appears to have the symptoms of a mental disorder clearly for me clearly?,fact-13
Help me understand can you explain what should i do if i know someone who appears to have the symptoms of a mental disorder clearly for me clearly?,fact-13
Could you tell me what should i do if i know someone who appears to have the symptoms of a mental disorder in simple words?,fact-13
Help me understand can you explain what should i do if i know someone who appears to have the symptoms of a mental disorder clearly please?,fact-13
Could you tell me what should i do if i know someone who appears to have the symptoms of a mental disorder in simple words briefly?,fact-13
I have a question: could you tell me what should i do if i know someone who appears to have the symptoms of a mental disorder in simple words?,fact-13
I'd like to know can you tell me what should i do if i know someone who appears to have the symptoms of a mental disorder clearly?,fact-13
Could you explain what should i do if i know someone who appears to have the symptoms of a mental disorder please clearly briefly?,fact-13
Can you explain what should i do if i know someone who appears to have the symptoms of a mental disorder please?,fact-13
I have a question: could you tell me what should i do if i know someone who appears to have the symptoms of a mental disorder in simple words in simple words?,fact-13
What should i do if i know someone who appears to have the symptoms of a mental disorder for me briefly?,fact-13
Could you explain what should i do if i know someone who appears to have the symptoms of a mental disorder for me?,fact-13
Quick question: quick question: what should i do if i know someone who appears to have the symptoms of a mental disorder for me?,fact-13
I'd like to know what should i do if i know someone who appears to have the symptoms of a mental disorder for me briefly?,fact-13
Can you explain what should i do if i know someone who appears to have the symptoms of a mental disorder clearly briefly?,fact-13
Help me understand can you explain what should i do if i know someone who appears to have the symptoms of a mental disorder clearly for me?,fact-13
Quick question: can you tell me what should i do if i know someone who appears to have the symptoms of a mental disorder?,fact-13
Could you tell me what should i do if i know someone who appears to have the symptoms of a mental disorder clearly clearly?,fact-13
I'd like to know what should i do if i know someone who appears to have the symptoms of a mental disorder for me?,fact-13
Quick question: help me understand can you explain what should i do if i know someone who appears to have the symptoms of a mental disorder clearly please?,fact-13
Quick question: could you tell me what should i do if i know someone who appears to have the symptoms of a mental disorder in simple words briefly?,fact-13
Could you tell me what should i do if i know someone who appears to have the symptoms of a mental disorder clearly briefly?,fact-13
I have a question: could you explain what should i do if i know someone who appears to have the symptoms of a mental disorder please clearly briefly?,fact-13
Could you tell me what should i do if i know someone who appears to have the symptoms of a mental disorder clearly please clearly?,fact-13
Quick question: help me understand what should i do if i know someone who appears to have the symptoms of a mental disorder?,fact-13
Help me understand what should i do if i know someone who appears to have the symptoms of a mental disorder for me?,fact-13
What should i do if i know someone who appears to have the symptoms of a mental disorder clearly please?,fact-13
Can you explain what should i do if i know someone who appears to have the symptoms of a mental disorder clearly for me please?,fact-13
Help me understand what should i do if i know someone who appears to have the symptoms of a mental disorder in simple words?,fact-13
I have a question: quick question: what should i do if i know someone who appears to have the symptoms of a mental disorder for me?,fact-13
Can you explain what should i do if i know someone who appears to have the symptoms of a mental disorder clearly briefly clearly?,fact-13
Help me understand can you explain what should i do if i know someone who appears to have the symptoms of a mental disorder clearly please briefly?,fact-13
I have a question: quick question: could you tell me what should i do if i know someone who appears to have the symptoms of a mental disorder in simple words briefly?,fact-13
Can you tell me what should i do if i know someone who appears to have the symptoms of a mental disorder clearly please?,fact-13
I have a question: could you explain what should i do if i know someone who appears to have the symptoms of a mental disorder please clearly briefly for me?,fact-13
Quick question: help me understand can you explain what should i do if i know someone who appears to have the symptoms of a mental disorder clearly for me?,fact-13
Can you explain what should i do if i know someone who appears to have the symptoms of a mental disorder clearly please in simple words?,fact-13
What should i do if i know someone who appears to have the symptoms of a mental disorder clearly please please?,fact-13
Quick question: i'd like to know what should i do if i know someone who appears to have the symptoms of a mental disorder for me?,fact-13
Could you tell me what should i do if i know someone who appears to have the symptoms of a mental disorder clearly please briefly?,fact-13
Could you explain can you tell me what should i do if i know someone who appears to have the symptoms of a mental disorder?,fact-13
I have a question: quick question: could you tell me what should i do if i know someone who appears to have the symptoms of a mental disorder in simple words briefly briefly?,fact-13
Can you tell me what should i do if i know someone who appears to have the symptoms of a mental disorder please?,fact-13
I have a question: could you explain what should i do if i know someone who appears to have the symptoms of a mental disorder please clearly briefly clearly?,fact-13
Could you tell me what should i do if i know someone who appears to have the symptoms of a mental disorder briefly?,fact-13
Help me understand can you tell me what should i do if i know someone who appears to have the symptoms of a mental disorder clearly please?,fact-13
I have a question: could you tell me what should i do if i know someone who appears to have the symptoms of a mental disorder clearly please clearly?,fact-13
What should i do if i know someone who appears to have the symptoms of a mental disorder briefly briefly?,fact-13
Can you explain what should i do if i know someone who appears to have the symptoms of a mental disorder clearly please please?,fact-13
Quick question: i have a question: could you explain what should i do if i know someone who appears to have the symptoms of a mental disorder please clearly briefly?,fact-13
Quick question: can you tell me what should i do if i know someone who appears to have the symptoms of a mental disorder clearly?,fact-13
Could you explain what should i do if i know someone who appears to have the symptoms of a mental disorder please clearly briefly please?,fact-13
Can you tell me what should i do if i know someone who appears to have the symptoms of a mental disorder briefly?,fact-13
Quick question: could you tell me what should i do if i know someone who appears to have the symptoms of a mental disorder clearly please briefly?,fact-13
Can you explain what should i do if i know someone who appears to have the symptoms of a mental disorder briefly briefly?,fact-13
I have a question: could you tell me what should i do if i know someone who appears to have the symptoms of a mental disorder in simple words in simple words clearly?,fact-13
How can i find a mental health professional for myself or my child?,fact-14
How do i find a mental health professional for myself or my child?,fact-14
What can i do to find a mental health professional for myself or my child?,fact-14
What's the best way to find a mental health professional for myself or my child?,fact-14
Any tips to find a mental health professional for myself or my child?,fact-14
Explain the best way to find a mental health professional for myself or my child?,fact-14
Any tips to find a mental health professional for myself or my child clearly?,fact-14
I have a question: explain the best way to find a mental health professional for myself or my child?,fact-14
Can you define the best way to find a mental health professional for myself or my child?,fact-14
Quick question: what can i do to find a mental health professional for myself or my child?,fact-14
How do i find a mental health professional for myself or my child briefly?,fact-14
I have a question: explain the best way to find a mental health professional for myself or my child please?,fact-14
What can i do to find a mental health professional for myself or my child briefly?,fact-14
How do i find a mental health professional for myself or my child briefly please?,fact-14
Can you define the best way to find a mental health professional for myself or my child please?,fact-14
Any tips to find a mental health professional for myself or my child briefly?,fact-14
Explain the best way to find a mental health professional for myself or my child for me?,fact-14
Explain the best way to find a mental health professional for myself or my child for me in simple words?,fact-14
What's the best way to find a mental health professional for myself or my child briefly?,fact-14
I have a question: i have a question: explain the best way to find a mental health professional for myself or my child?,fact-14
How can i find a mental health professional for myself or my child for me?,fact-14
What does the best way to find a mental health professional for myself or my child briefly mean?,fact-14
Can you define the best way to find a mental health professional for myself or my child please for me?,fact-14
Explain the best way to find a mental health professional for myself or my child for me in simple words briefly?,fact-14
I have a question: i have a question: explain the best way to find a mental health professional for myself or my child please?,fact-14
Could you tell me what can i do to find a mental health professional for myself or my child?,fact-14
What can i do to find a mental health professional for myself or my child briefly clearly?,fact-14
I have a question: explain the best way to find a mental health professional for myself or my child for me in simple words briefly?,fact-14
Quick question: explain the best way to find a mental health professional for myself or my child for me?,fact-14
Quick question: i have a question: i have a question: explain the best way to find a mental health professional for myself or my child please?,fact-14
What can i do to find a mental health professional for myself or my child briefly clearly briefly?,fact-14
Could you explain what can i do to find a mental health professional for myself or my child?,fact-14
How can i find a mental health professional for myself or my child for me clearly?,fact-14
Quick question: i have a question: i have a question: explain the best way to find a mental health professional for myself or my child please for me?,fact-14
I have a question: can you define the best way to find a mental health professional for myself or my child?,fact-14
I have a question: explain the best way to find a mental health professional for myself or my child please briefly?,fact-14
I have a question: explain the best way to find a mental health professional for myself or my child for me in simple words briefly please?,fact-14
Quick question: i have a question: i have a question: explain the best way to find a mental health professional for myself or my child please for me briefly?,fact-14
I have a question: i have a question: explain the best way to find a mental health professional for myself or my child briefly?,fact-14
How do i find a mental health professional for myself or my child briefly briefly?,fact-14
Can you define the best way to find a mental health professional for myself or my child please for me please?,fact-14
Can you define the best way to find a mental health professional for myself or my child briefly?,fact-14
Explain the best way to find a mental health professional for myself or my child for me for me?,fact-14
Explain the best way to find a mental health professional for myself or my child for me in simple words in simple words?,fact-14
Any tips to find a mental health professional for myself or my child briefly briefly?,fact-14
Explain the best way to find a mental health professional for myself or my child briefly?,fact-14
Quick question: i have a question: i have a question: explain the best way to find a mental health professional for myself or my child please for me briefly briefly?,fact-14
How do i find a mental health professional for myself or my child briefly for me?,fact-14
What does the best way to find a mental health professional for myself or my child briefly mean please?,fact-14
How do i find a mental health professional for myself or my child please?,fact-14
Can you define the best way to find a mental health professional for myself or my child briefly for me?,fact-14
I have a question: explain the best way to find a mental health professional for myself or my child for me in simple words briefly please clearly?,fact-14
Can you tell me can you define the best way to find a mental health professional for myself or my child briefly?,fact-14
Any tips to find a mental health professional for myself or my child please?,fact-14
What can i do to find a mental health professional for myself or my child briefly clearly please?,fact-14
Could you explain what can i do to find a mental health professional for myself or my child clearly?,fact-14
Could you tell me can you define the best way to find a mental health professional for myself or my child briefly?,fact-14
Can you tell me what can i do to find a mental health professional for myself or my child briefly clearly briefly?,fact-14
Quick question: i have a question: explain the best way to find a mental health professional for myself or my child for me in simple words briefly please clearly?,fact-14
I have a question: i have a question: i have a question: explain the best way to find a mental health professional for myself or my child?,fact-14
Quick question: quick question: explain the best way to find a mental health professional for myself or my child for me?,fact-14
I'd like to know what can i do to find a mental health professional for myself or my child briefly clearly briefly?,fact-14
What can i do to find a mental health professional for myself or my child briefly please?,fact-14
I have a question: i have a question: explain the best way to find a mental health professional for myself or my child briefly briefly?,fact-14
Quick question: can you define the best way to find a mental health professional for myself or my child please for me please?,fact-14
Can you define the best way to find a mental health professional for myself or my child please for me please clearly?,fact-14
Quick question: any tips to find a mental health professional for myself or my child briefly briefly?,fact-14
How do i find a mental health professional for myself or my child briefly please briefly?,fact-14
I have a question: i have a question: i have a question: explain the best way to find a mental health professional for myself or my child please?,fact-14
I have a question: i have a question: can you define the best way to find a mental health professional for myself or my child?,fact-14
Could you explain what can i do to find a mental health professional for myself or my child briefly?,fact-14
What can i do to find a mental health professional for myself or my child briefly in simple words?,fact-14
How do i find a mental health professional for myself or my child please clearly?,fact-14
Could you explain what can i do to find a mental health professional for myself or my child in simple words?,fact-14
Could you explain what can i do to find a mental health professional for myself or my child in simple words for me?,fact-14
I have a question: i have a question: explain the best way to find a mental health professional for myself or my child please briefly?,fact-14
I have a question: i have a question: i have a question: explain the best way to find a mental health professional for myself or my child briefly briefly?,fact-14
I have a question: i have a question: explain the best way to find a mental health professional for myself or my child briefly briefly clearly?,fact-14
I have a question: i have a question: explain the best way to find a mental health professional for myself or my child briefly briefly please?,fact-14
Can you define the best way to find a mental health professional for myself or my child briefly for me please?,fact-14
What treatment options are available?,fact-15
Can you explain what treatment options are available?,fact-15
Could you explain what treatment options are available?,fact-15
Can you tell me what treatment options are available?,fact-15
Could you tell me what treatment options are available?,fact-15
Help me understand what treatment options are available?,fact-15
I want to know what treatment options are available?,fact-15
I'd like to know what treatment options are available?,fact-15
What treatment options are available please?,fact-15
What treatment options are available briefly?,fact-15
What treatment options are available in simple words?,fact-15
What treatment options are available clearly?,fact-15
What treatment options are available for me?,fact-15
Quick question: what treatment options are available?,fact-15
I have a question: what treatment options are available?,fact-15
What treatment options r available?,fact-15
Can you explain what treatment options r available?,fact-15
Could you explain what treatment options r available?,fact-15
Can you tell me what treatment options r available?,fact-15
Could you tell me what treatment options r available?,fact-15
Help me understand what treatment options r available?,fact-15
I want to know what treatment options r available?,fact-15
I'd like to know what treatment options r available?,fact-15
What treatment options r available please?,fact-15
What treatment options r available briefly?,fact-15
What treatment options r available in simple words?,fact-15
What treatment options r available clearly?,fact-15
What treatment options r available for me?,fact-15
Quick question: what treatment options r available?,fact-15
I have a question: what treatment options r available?,fact-15
I have a question: what treatment options are available in simple words?,fact-15
I want to know what treatment options are available for me?,fact-15
Can you tell me what treatment options are available in simple words?,fact-15
I have a question: i want to know what treatment options are available for me?,fact-15
Can you tell me what treatment options r available please?,fact-15
Could you explain what treatment options r available for me?,fact-15
Can you explain what treatment options r available clearly?,fact-15
What treatment options r available please for me?,fact-15
Help me understand what treatment options r available in simple words?,fact-15
Quick question: could you explain what treatment options are available?,fact-15
Can you tell me what treatment options are available briefly?,fact-15
Could you explain what treatment options r available for me in simple words?,fact-15
What treatment options r available please please?,fact-15
Can you explain can you tell me what treatment options r available?,fact-15
What treatment options r available briefly please?,fact-15
Quick question: what treatment options r available clearly?,fact-15
Quick question: could you explain what treatment options are available please?,fact-15
Can you explain what treatment options are available please?,fact-15
What treatment options r available in simple words in simple words?,fact-15
Could you explain what treatment options r available for me for me?,fact-15
Could you explain what treatment options r available in simple words in simple words?,fact-15
What treatment options are available for me briefly?,fact-15
I want to know can you tell me what treatment options are available in simple words?,fact-15
Can you tell me what treatment options are available in simple words please?,fact-15
Could you explain what treatment options are available briefly?,fact-15
Quick question: what treatment options r available clearly for me?,fact-15
I'd like to know what treatment options are available for me briefly?,fact-15
I have a question: i have a question: i want to know what treatment options are available for me?,fact-15
What treatment options are available briefly briefly?,fact-15
I have a question: i have a question: i want to know what treatment options are available for me briefly?,fact-15
Help me understand what treatment options r available for me?,fact-15
I want to know what treatment options are available in simple words?,fact-15
Quick question: could you explain what treatment options are available clearly?,fact-15
Help me understand what treatment options r available please for me?,fact-15
Quick question: could you explain what treatment options are available clearly clearly?,fact-15
Help me understand what treatment options r available for me in simple words?,fact-15
What treatment options r available please please in simple words?,fact-15
Quick question: i have a question: what treatment options are available?,fact-15
Quick question: could you explain what treatment options are available for me?,fact-15
Help me understand what treatment options r available for me clearly?,fact-15
I have a question: what treatment options r available for me?,fact-15
I want to know what treatment options are available in simple words briefly?,fact-15
Quick question: quick question: i have a question: what treatment options are available?,fact-15
Quick question: can you tell me what treatment options r available?,fact-15
I want to know what treatment options are available for me for me?,fact-15
I have a question: what treatment options are available please?,fact-15
I'd like to know what treatment options are available for me briefly for me?,fact-15
Could you explain can you tell me what treatment options are available in simple words please?,fact-15
I want to know can you tell me what treatment options are available in simple words in simple words?,fact-15
I have a question: i want to know can you tell me what treatment options are available in simple words?,fact-15
"If i become involved in treatment, what do i need to know?",fact-16
"If i become involved in treatment, what do i need to know please?",fact-16
"If i become involved in treatment, what do i need to know briefly?",fact-16
"If i become involved in treatment, what do i need to know in simple words?",fact-16
"If i become involved in treatment, what do i need to know clearly?",fact-16
"If i become involved in treatment, what do i need to know for me?",fact-16
"Quick question: if i become involved in treatment, what do i need to know?",fact-16
"I have a question: if i become involved in treatment, what do i need to know?",fact-16
"If i become involved in treatment, what do i need to know in simple words for me?",fact-16
"Quick question: i have a question: if i become involved in treatment, what do i need to know?",fact-16
"If i become involved in treatment, what do i need to know for me briefly?",fact-16
"I have a question: if i become involved in treatment, what do i need to know for me?",fact-16
"If i become involved in treatment, what do i need to know in simple words for me for me?",fact-16
"If i become involved in treatment, what do i need to know for me briefly clearly?",fact-16
"I have a question: quick question: i have a question: if i become involved in treatment, what do i need to know?",fact-16
"If i become involved in treatment, what do i need to know in simple words in simple words?",fact-16
"If i become involved in treatment, what do i need to know in simple words for me clearly?",fact-16
"I have a question: if i become involved in treatment, what do i need to know clearly?",fact-16
"Quick question: i have a question: if i become involved in treatment, what do i need to know in simple words?",fact-16
"If i become involved in treatment, what do i need to know in simple words in simple words for me?",fact-16
"If i become involved in treatment, what do i need to know in simple words for me please?",fact-16
"Quick question: quick question: i have a question: if i become involved in treatment, what do i need to know in simple words?",fact-16
"If i become involved in treatment, what do i need to know in simple words for me for me for me?",fact-16
"If i become involved in treatment, what do i need to know clearly clearly?",fact-16
"If i become involved in treatment, what do i need to know please clearly?",fact-16
"If i become involved in treatment, what do i need to know in simple words for me for me for me please?",fact-16
"I have a question: i have a question: if i become involved in treatment, what do i need to know for me?",fact-16
"If i become involved in treatment, what do i need to know in simple words for me please clearly?",fact-16
"I have a question: if i become involved in treatment, what do i need to know clearly clearly?",fact-16
"Quick question: if i become involved in treatment, what do i need to know in simple words?",fact-16
"I have a question: i have a question: if i become involved in treatment, what do i need to know for me clearly?",fact-16
"Quick question: if i become involved in treatment, what do i need to know in simple words clearly?",fact-16
"If i become involved in treatment, what do i need to know in simple words in simple words in simple words?",fact-16
"If i become involved in treatment, what do i need to know in simple words briefly?",fact-16
"If i become involved in treatment, what do i need to know in simple words please?",fact-16
"I have a question: i have a question: if i become involved in treatment, what do i need to know for me for me?",fact-16
"I have a question: i have a question: if i become involved in treatment, what do i need to know for me clearly please?",fact-16
"Quick question: if i become involved in treatment, what do i need to know for me briefly?",fact-16
"I have a question: i have a question: i have a question: if i become involved in treatment, what do i need to know for me clearly?",fact-16
"If i become involved in treatment, what do i need to know in simple words for me for me clearly?",fact-16
"If i become involved in treatment, what do i need to know in simple words for me please please?",fact-16
"If i become involved in treatment, what do i need to know for me in simple words?",fact-16
"If i become involved in treatment, what do i need to know in simple words please briefly?",fact-16
"I have a question: i have a question: if i become involved in treatment, what do i need to know for me briefly?",fact-16
"Quick question: if i become involved in treatment, what do i need to know briefly?",fact-16
"Quick question: if i become involved in treatment, what do i need to know in simple words clearly briefly?",fact-16
"Quick question: i have a question: if i become involved in treatment, what do i need to know in simple words please?",fact-16
"If i become involved in treatment, what do i need to know in simple words in simple words for me please?",fact-16
"Quick question: quick question: i have a question: if i become involved in treatment, what do i need to know in simple words clearly?",fact-16
"I have a question: quick question: if i become involved in treatment, what do i need to know in simple words?",fact-16
"I have a question: if i become involved in treatment, what do i need to know in simple words for me?",fact-16
"I have a question: if i become involved in treatment, what do i need to know clearly in simple words?",fact-16
"I have a question: if i become involved in treatment, what do i need to know clearly in simple words please?",fact-16
"Quick question: quick question: i have a question: if i become involved in treatment, what do i need to know in simple words briefly?",fact-16
"I have a question: quick question: i have a question: if i become involved in treatment, what do i need to know in simple words please?",fact-16
"If i become involved in treatment, what do i need to know for me in simple words clearly?",fact-16
"Quick question: if i become involved in treatment, what do i need to know in simple words clearly briefly briefly?",fact-16
"I have a question: i have a question: if i become involved in treatment, what do i need to know for me clearly please in simple words?",fact-16
"Quick question: i have a question: if i become involved in treatment, what do i need to know for me?",fact-16
"Quick question: i have a question: if i become involved in treatment, what do i need to know clearly in simple words please?",fact-16
"If i become involved in treatment, what do i need to know in simple words in simple words in simple words for me?",fact-16
"Quick question: if i become involved in treatment, what do i need to know for me?",fact-16
"If i become involved in treatment, what do i need to know in simple words please briefly please?",fact-16
"I have a question: if i become involved in treatment, what do i need to know for me briefly?",fact-16
"Quick question: if i become involved in treatment, what do i need to know for me for me?",fact-16
"Quick question: if i become involved in treatment, what do i need to know in simple words clearly in simple words?",fact-16
"I have a question: quick question: if i become involved in treatment, what do i need to know in simple words in simple words?",fact-16
"I have a question: i have a question: if i become involved in treatment, what do i need to know for me clearly please in simple words clearly?",fact-16
"If i become involved in treatment, what do i need to know in simple words please briefly clearly?",fact-16
"If i become involved in treatment, what do i need to know please in simple words?",fact-16
"Quick question: i have a question: if i become involved in treatment, what do i need to know clearly in simple words please clearly?",fact-16
"Quick question: if i become involved in treatment, what do i need to know in simple words for me please?",fact-16
"Quick question: if i become involved in treatment, what do i need to know for me for me clearly?",fact-16
"If i become involved in treatment, what do i need to know in simple words in simple words clearly?",fact-16
"If i become involved in treatment, what do i need to know in simple words in simple words for me please in simple words?",fact-16
"I have a question: if i become involved in treatment, what do i need to know clearly clearly briefly?",fact-16
"Quick question: if i become involved in treatment, what do i need to know for me clearly?",fact-16
"Quick question: if i become involved in treatment, what do i need to know in simple words in simple words for me please?",fact-16
"I have a question: quick question: i have a question: if i become involved in treatment, what do i need to know clearly in simple words please clearly?",fact-16
"If i become involved in treatment, what do i need to know in simple words please briefly clearly in simple words?",fact-16
What is the difference between mental health professionals?,fact-17
Can you define the difference between mental health professionals?,fact-17
Could you define the difference between mental health professionals?,fact-17
Explain the difference between mental health professionals?,fact-17
Tell me about the difference between mental health professionals?,fact-17
What does the difference between mental health professionals mean?,fact-17
Give me a simple definition of the difference between mental health professionals?,fact-17
Help me understand the difference between mental health professionals?,fact-17
What should i know about the difference between mental health professionals?,fact-17
Explain the difference between mental health professionals please?,fact-17
I'd like to know what should i know about the difference between mental health professionals?,fact-17
What should i know about the difference between mental health professionals clearly?,fact-17
What does the difference between mental health professionals mean for me?,fact-17
Can you define the difference between mental health professionals for me?,fact-17
Can you tell me what should i know about the difference between mental health professionals?,fact-17
Explain the difference between mental health professionals please briefly?,fact-17
Can you explain can you tell me what should i know about the difference between mental health professionals?,fact-17
I have a question: give me a simple definition of the difference between mental health professionals?,fact-17
I have a question: could you define the difference between mental health professionals?,fact-17
I'd like to know can you define the difference between mental health professionals?,fact-17
Quick question: tell me about the difference between mental health professionals?,fact-17
Can you tell me what should i know about the difference between mental health professionals briefly?,fact-17
Can you define the difference between mental health professionals please?,fact-17
Can you tell me what should i know about the difference between mental health professionals in simple words?,fact-17
Explain the difference between mental health professionals please clearly?,fact-17
Quick question: what should i know about the difference between mental health professionals?,fact-17
What is the difference between mental health professionals for me?,fact-17
Could you define the difference between mental health professionals clearly?,fact-17
What should i know about the difference between mental health professionals clearly clearly?,fact-17
Could you define the difference between mental health professionals please?,fact-17
I have a question: could you define the difference between mental health professionals please?,fact-17
Could you tell me can you define the difference between mental health professionals?,fact-17
Could you define the difference between mental health professionals for me?,fact-17
What should i know about the difference between mental health professionals for me?,fact-17
What does the difference between mental health professionals for me mean?,fact-17
I have a question: explain the difference between mental health professionals please clearly?,fact-17
Quick question: explain the difference between mental health professionals please clearly?,fact-17
What does the difference between mental health professionals mean briefly?,fact-17
Can you explain can you define the difference between mental health professionals please?,fact-17
What should i know about the difference between mental health professionals clearly please?,fact-17
Quick question: what should i know about the difference between mental health professionals briefly?,fact-17
Quick question: can you tell me what should i know about the difference between mental health professionals?,fact-17
What is the difference between mental health professionals in simple words?,fact-17
Quick question: could you define the difference between mental health professionals please?,fact-17
Help me understand the difference between mental health professionals for me?,fact-17
Can you tell me can you tell me what should i know about the difference between mental health professionals?,fact-17
Could you define the difference between mental health professionals please for me?,fact-17
Could you define the difference between mental health professionals please for me please?,fact-17
Quick question: could you define the difference between mental health professionals?,fact-17
What should i know about the difference between mental health professionals clearly please for me?,fact-17
Can you tell me can you define the difference between mental health professionals?,fact-17
Can you explain can you define the difference between mental health professionals for me?,fact-17
Give me a simple definition of the difference between mental health professionals clearly?,fact-17
Can you explain can you define the difference between mental health professionals please in simple words?,fact-17
Quick question: can you tell me can you tell me what should i know about the difference between mental health professionals?,fact-17
Explain the difference between mental health professionals in simple words?,fact-17
Could you define the difference between mental health professionals please for me please clearly?,fact-17
Can you tell me what should i know about the difference between mental health professionals clearly clearly?,fact-17
What does the difference between mental health professionals for me mean please?,fact-17
What should i know about the difference between mental health professionals please?,fact-17
I have a question: could you define the difference between mental health professionals in simple words?,fact-17
Give me a simple definition of the difference between mental health professionals clearly for me?,fact-17
Quick question: explain the difference between mental health professionals please clearly for me?,fact-17
Explain the difference between mental health professionals please briefly clearly?,fact-17
I have a question: could you define the difference between mental health professionals clearly?,fact-17
Could you tell me can you explain can you define the difference between mental health professionals please?,fact-17
Help me understand the difference between mental health professionals briefly?,fact-17
I have a question: quick question: can you tell me can you tell me what should i know about the difference between mental health professionals?,fact-17
Give me a simple definition of the difference between mental health professionals for me?,fact-17
Quick question: could you define the difference between mental health professionals for me?,fact-17
I want to know can you explain can you define the difference between mental health professionals please in simple words?,fact-17
I'd like to know can you define the difference between mental health professionals clearly?,fact-17
Quick question: could you define the difference between mental health professionals briefly?,fact-17
I have a question: give me a simple definition of the difference between mental health professionals for me?,fact-17
I have a question: could you define the difference between mental health professionals please in simple words?,fact-17
Quick question: can you explain can you define the difference between mental health professionals please?,fact-17
I have a question: i have a question: could you define the difference between mental health professionals?,fact-17
Quick question: help me understand the difference between mental health professionals?,fact-17
Can you explain can you define the difference between mental health professionals please in simple words please?,fact-17
I have a question: quick question: can you tell me can you tell me what should i know about the difference between mental health professionals briefly?,fact-17
How can i find a mental health professional right for my child or myself?,fact-18
How do i find a mental health professional right for my child or myself?,fact-18
What can i do to find a mental health professional right for my child or myself?,fact-18
What's the best way to find a mental health professional right for my child or myself?,fact-18
Any tips to find a mental health professional right for my child or myself?,fact-18
Explain the best way to find a mental health professional right for my child or myself?,fact-18
Can you tell me what can i do to find a mental health professional right for my child or myself?,fact-18
What can i do to find a mental health professional right for my child or myself in simple words?,fact-18
How do i find a mental health professional right for my child or myself in simple words?,fact-18
How do i find a mental health professional right for my child or myself briefly?,fact-18
How can i find a mental health professional right for my child or myself clearly?,fact-18
Any tips to find a mental health professional right for my child or myself clearly?,fact-18
How can i find a mental health professional right for my child or myself briefly?,fact-18
How do i find a mental health professional right for my child or myself for me?,fact-18
Any tips to find a mental health professional right for my child or myself clearly in simple words?,fact-18
Can you tell me what can i do to find a mental health professional right for my child or myself in simple words?,fact-18
What can i do to find a mental health professional right for my child or myself clearly?,fact-18
Help me understand the best way to find a mental health professional right for my child or myself?,fact-18
What can i do to find a mental health professional right for my child or myself in simple words clearly?,fact-18
I want to know can you tell me what can i do to find a mental health professional right for my child or myself?,fact-18
What can i do to find a mental health professional right for my child or myself in simple words please?,fact-18
How can i find a mental health professional right for my child or myself clearly clearly?,fact-18
Any tips to find a mental health professional right for my child or myself clearly in simple words for me?,fact-18
What can i do to find a mental health professional right for my child or myself briefly?,fact-18
I have a question: any tips to find a mental health professional right for my child or myself clearly?,fact-18
Any tips to find a mental health professional right for my child or myself clearly in simple words please?,fact-18
I have a question: any tips to find a mental health professional right for my child or myself clearly in simple words please?,fact-18
I have a question: any tips to find a mental health professional right for my child or myself clearly for me?,fact-18
Help me understand can you tell me what can i do to find a mental health professional right for my child or myself?,fact-18
What's the best way to find a mental health professional right for my child or myself clearly?,fact-18
Could you explain what can i do to find a mental health professional right for my child or myself briefly?,fact-18
How can i find a mental health professional right for my child or myself for me?,fact-18
I have a question: any tips to find a mental health professional right for my child or myself clearly in simple words please clearly?,fact-18
How do i find a mental health professional right for my child or myself briefly in simple words?,fact-18
Quick question: any tips to find a mental health professional right for my child or myself clearly in simple words?,fact-18
I'd like to know can you tell me what can i do to find a mental health professional right for my child or myself in simple words?,fact-18
I'd like to know can you tell me what can i do to find a mental health professional right for my child or myself in simple words for me?,fact-18
What can i do to find a mental health professional right for my child or myself clearly for me?,fact-18
What's the best way to find a mental health professional right for my child or myself for me?,fact-18
Could you define the best way to find a mental health professional right for my child or myself clearly?,fact-18
Any tips to find a mental health professional right for my child or myself clearly in simple words for me briefly?,fact-18
Any tips to find a mental health professional right for my child or myself in simple words?,fact-18
How can i find a mental health professional right for my child or myself for me for me?,fact-18
Any tips to find a mental health professional right for my child or myself in simple words for me?,fact-18
Quick question: what can i do to find a mental health professional right for my child or myself?,fact-18
Any tips to find a mental health professional right for my child or myself please?,fact-18
I have a question: any tips to find a mental health professional right for my child or myself clearly in simple words please briefly?,fact-18
Any tips to find a mental health professional right for my child or myself clearly in simple words for me briefly in simple words?,fact-18
Any tips to find a mental health professional right for my child or myself briefly?,fact-18
What does the best way to find a mental health professional right for my child or myself clearly mean?,fact-18
Quick question: i'd like to know can you tell me what can i do to find a mental health professional right for my child or myself in simple words?,fact-18
I have a question: any tips to find a mental health professional right for my child or myself clearly in simple words please briefly clearly?,fact-18
Quick question: any tips to find a mental health professional right for my child or myself clearly in simple words clearly?,fact-18
How do i find a mental health professional right for my child or myself clearly?,fact-18
I have a question: any tips to find a mental health professional right for my child or myself clearly in simple words please briefly clearly briefly?,fact-18
I have a question: can you tell me what can i do to find a mental health professional right for my child or myself?,fact-18
Can you tell me what can i do to find a mental health professional right for my child or myself please?,fact-18
How do i find a mental health professional right for my child or myself briefly briefly?,fact-18
Could you define the best way to find a mental health professional right for my child or myself clearly clearly?,fact-18
Quick question: any tips to find a mental health professional right for my child or myself clearly in simple words clearly for me?,fact-18
Quick question: help me understand the best way to find a mental health professional right for my child or myself?,fact-18
Explain the best way to find a mental health professional right for my child or myself for me?,fact-18
Quick question: explain the best way to find a mental health professional right for my child or myself for me?,fact-18
Explain the best way to find a mental health professional right for my child or myself clearly?,fact-18
Help me understand can you tell me what can i do to find a mental health professional right for my child or myself clearly?,fact-18
How can i find a mental health professional right for my child or myself clearly please?,fact-18
Quick question: i have a question: any tips to find a mental health professional right for my child or myself clearly in simple words please briefly clearly?,fact-18
I have a question: any tips to find a mental health professional right for my child or myself briefly?,fact-18
What can i do to find a mental health professional right for my child or myself in simple words in simple words?,fact-18
How do i find a mental health professional right for my child or myself please?,fact-18
Quick question: explain the best way to find a mental health professional right for my child or myself clearly?,fact-18
Any tips to find a mental health professional right for my child or myself for me for me?,fact-18
How can i find a mental health professional right for my child or myself briefly please?,fact-18
What's the best way to find a mental health professional right for my child or myself clearly for me?,fact-18
Quick question: help me understand the best way to find a mental health professional right for my child or myself clearly?,fact-18
Explain the best way to find a mental health professional right for my child or myself please?,fact-18
I'd like to know can you tell me what can i do to find a mental health professional right for my child or myself in simple words briefly?,fact-18
Any tips to find a mental health professional right for my child or myself clearly in simple words for me briefly briefly?,fact-18
Explain the best way to find a mental health professional right for my child or myself please briefly?,fact-18
Quick question: i'd like to know can you tell me what can i do to find a mental health professional right for my child or myself in simple words please?,fact-18
Where else can i get help?,fact-19
Can you explain where else can i get help?,fact-19
Could you explain where else can i get help?,fact-19
Can you tell me where else can i get help?,fact-19
Could you tell me where else can i get help?,fact-19
Help me understand where else can i get help?,fact-19
I want to know where else can i get help?,fact-19
I'd like to know where else can i get help?,fact-19
Where else can i get help please?,fact-19
Where else can i get help briefly?,fact-19
Where else can i get help in simple words?,fact-19
Where else can i get help clearly?,fact-19
Where else can i get help for me?,fact-19
Quick question: where else can i get help?,fact-19
I have a question: where else can i get help?,fact-19
Could you tell me where else can i get help briefly?,fact-19
Quick question: i'd like to know where else can i get help?,fact-19
I want to know where else can i get help in simple words?,fact-19
Could you tell me where else can i get help please?,fact-19
Quick question: i'd like to know where else can i get help for me?,fact-19
Can you explain can you explain where else can i get help?,fact-19
Quick question: where else can i get help in simple words?,fact-19
Could you explain where else can i get help for me?,fact-19
Quick question: quick question: i'd like to know where else can i get help for me?,fact-19
Where else can i get help in simple words in simple words?,fact-19
I have a question: i have a question: where else can i get help?,fact-19
I'd like to know where else can i get help for me?,fact-19
Quick question: i want to know where else can i get help in simple words?,fact-19
Quick question: where else can i get help briefly?,fact-19
Quick question: quick question: where else can i get help in simple words?,fact-19
Could you explain where else can i get help clearly?,fact-19
I have a question: i have a question: where else can i get help in simple words?,fact-19
Could you tell me where else can i get help in simple words?,fact-19
I want to know where else can i get help briefly?,fact-19
Where else can i get help briefly clearly?,fact-19
Help me understand where else can i get help in simple words in simple words?,fact-19
Quick question: quick question: i'd like to know where else can i get help for me please?,fact-19
Help me understand where else can i get help in simple words?,fact-19
Quick question: where else can i get help briefly for me?,fact-19
I want to know where else can i get help in simple words please?,fact-19
Can you explain where else can i get help please?,fact-19
I want to know where else can i get help clearly?,fact-19
Quick question: quick question: where else can i get help briefly?,fact-19
I want to know where else can i get help please?,fact-19
Could you explain where else can i get help for me please?,fact-19
Quick question: where else can i get help briefly for me for me?,fact-19
Where else can i get help in simple words in simple words in simple words?,fact-19
I'd like to know where else can i get help for me please?,fact-19
I have a question: where else can i get help in simple words in simple words in simple words?,fact-19
Help me understand where else can i get help in simple words in simple words in simple words?,fact-19
Quick question: quick question: i'd like to know where else can i get help for me please briefly?,fact-19
Quick question: i want to know where else can i get help please?,fact-19
Could you explain where else can i get help in simple words?,fact-19
I want to know where else can i get help in simple words clearly?,fact-19
I have a question: i want to know where else can i get help in simple words?,fact-19
Can you explain where else can i get help briefly?,fact-19
I'd like to know where else can i get help for me clearly?,fact-19
Could you explain where else can i get help clearly please?,fact-19
Quick question: quick question: i'd like to know where else can i get help for me clearly?,fact-19
I have a question: could you tell me where else can i get help briefly?,fact-19
Quick question: where else can i get help briefly for me in simple words?,fact-19
Quick question: quick question: where else can i get help in simple words please?,fact-19
Where else can i get help please please?,fact-19
Quick question: quick question: where else can i get help briefly for me in simple words?,fact-19
Quick question: quick question: quick question: where else can i get help briefly?,fact-19
I have a question: quick question: quick question: where else can i get help briefly?,fact-19
Quick question: quick question: where else can i get help briefly for me?,fact-19
I want to know where else can i get help in simple words in simple words?,fact-19
I have a question: i have a question: i have a question: where else can i get help?,fact-19
Could you explain can you explain where else can i get help please?,fact-19
Quick question: quick question: i'd like to know where else can i get help for me please briefly for me?,fact-19
I have a question: help me understand where else can i get help in simple words?,fact-19
I have a question: i have a question: where else can i get help in simple words for me?,fact-19
I have a question: where else can i get help in simple words in simple words in simple words clearly?,fact-19
Quick question: quick question: i'd like to know where else can i get help for me please briefly please?,fact-19
I have a question: i have a question: where else can i get help in simple words for me in simple words?,fact-19
I have a question: i have a question: where else can i get help in simple words for me in simple words briefly?,fact-19
Quick question: quick question: i'd like to know where else can i get help for me please briefly for me clearly?,fact-19
I have a question: i'd like to know where else can i get help for me?,fact-19
Help me understand where else can i get help in simple words please?,fact-19
What should i know before starting a new medication?,fact-20
Can you explain what should i know before starting a new medication?,fact-20
Could you explain what should i know before starting a new medication?,fact-20
Can you tell me what should i know before starting a new medication?,fact-20
Could you tell me what should i know before starting a new medication?,fact-20
Help me understand what should i know before starting a new medication?,fact-20
I want to know what should i know before starting a new medication?,fact-20
I'd like to know what should i know before starting a new medication?,fact-20
What should i know before starting a new medication please?,fact-20
What should i know before starting a new medication briefly?,fact-20
What should i know before starting a new medication in simple words?,fact-20
What should i know before starting a new medication clearly?,fact-20
What should i know before starting a new medication for me?,fact-20
Quick question: what should i know before starting a new medication?,fact-20
I have a question: what should i know before starting a new medication?,fact-20
Quick question: quick question: what should i know before starting a new medication?,fact-20
Quick question: quick question: what should i know before starting a new medication briefly?,fact-20
Can you tell me what should i know before starting a new medication briefly?,fact-20
What should i know before starting a new medication please in simple words?,fact-20
Quick question: could you tell me what should i know before starting a new medication?,fact-20
Can you explain what should i know before starting a new medication for me?,fact-20
I have a question: i have a question: what should i know before starting a new medication?,fact-20
I want to know what should i know before starting a new medication please in simple words?,fact-20
Can you tell me what should i know before starting a new medication briefly please?,fact-20
Quick question: i want to know what should i know before starting a new medication please in simple words?,fact-20
Can you tell me what should i know before starting a new medication briefly in simple words?,fact-20
I want to know what should i know before starting a new medication please in simple words please?,fact-20
Can you tell me what should i know before starting a new medication for me?,fact-20
I'd like to know what should i know before starting a new medication for me?,fact-20
Help me understand what should i know before starting a new medication for me?,fact-20
Can you explain what should i know before starting a new medication for me in simple words?,fact-20
I want to know can you explain what should i know before starting a new medication for me?,fact-20
Quick question: i have a question: i have a question: what should i know before starting a new medication?,fact-20
I want to know what should i know before starting a new medication please?,fact-20
Quick question: quick question: what should i know before starting a new medication briefly in simple words?,fact-20
Quick question: i have a question: i have a question: what should i know before starting a new medication in simple words?,fact-20
I'd like to know what should i know before starting a new medication for me for me?,fact-20
I'd like to know can you tell me what should i know before starting a new medication briefly in simple words?,fact-20
I'd like to know can you tell me what should i know before starting a new medication briefly in simple words briefly?,fact-20
I want to know what should i know before starting a new medication please in simple words clearly?,fact-20
I want to know what should i know before starting a new medication clearly?,fact-20
I want to know what should i know before starting a new medication please in simple words please please?,fact-20
I'd like to know what should i know before starting a new medication briefly?,fact-20
I want to know what should i know before starting a new medication please in simple words in simple words?,fact-20
Help me understand what should i know before starting a new medication for me in simple words?,fact-20
I have a question: i want to know what should i know before starting a new medication please?,fact-20
I have a question: i want to know what should i know before starting a new medication please in simple words?,fact-20
I have a question: i want to know what should i know before starting a new medication?,fact-20
I have a question: i have a question: i want to know what should i know before starting a new medication please in simple words?,fact-20
Can you explain can you explain what should i know before starting a new medication for me?,fact-20
Quick question: could you tell me what should i know before starting a new medication please?,fact-20
Quick question: can you explain what should i know before starting a new medication?,fact-20
I have a question: i have a question: what should i know before starting a new medication please?,fact-20
I want to know what should i know before starting a new medication please in simple words in simple words briefly?,fact-20
I have a question: i want to know what should i know before starting a new medication in simple words?,fact-20
I want to know what should i know before starting a new medication please briefly?,fact-20
Quick question: i have a question: i have a question: what should i know before starting a new medication in simple words briefly?,fact-20
I have a question: i have a question: what should i know before starting a new medication clearly?,fact-20
Quick question: i have a question: what should i know before starting a new medication?,fact-20
I want to know what should i know before starting a new medication clearly briefly?,fact-20
What should i know before starting a new medication clearly in simple words?,fact-20
Quick question: i'd like to know what should i know before starting a new medication briefly?,fact-20
Can you tell me what should i know before starting a new medication briefly in simple words for me?,fact-20
Quick question: i have a question: i have a question: what should i know before starting a new medication in simple words briefly in simple words?,fact-20
Quick question: i have a question: i have a question: what should i know before starting a new medication clearly?,fact-20
Can you explain can you explain what should i know before starting a new medication for me briefly?,fact-20
I want to know what should i know before starting a new medication please in simple words please clearly?,fact-20
What should i know before starting a new medication please briefly?,fact-20
Quick question: what should i know before starting a new medication briefly?,fact-20
I have a question: i want to know what should i know before starting a new medication please in simple words for me?,fact-20
Can you tell me what should i know before starting a new medication briefly in simple words please?,fact-20
I want to know what should i know before starting a new medication please for me?,fact-20
Quick question: i want to know what should i know before starting a new medication clearly?,fact-20
Quick question: could you tell me what should i know before starting a new medication please please?,fact-20
Help me understand what should i know before starting a new medication for me in simple words for me?,fact-20
Quick question: i have a question: what should i know before starting a new medication briefly?,fact-20
I'd like to know can you tell me what should i know before starting a new medication briefly in simple words briefly please?,fact-20
Help me understand can you tell me what should i know before starting a new medication briefly?,fact-20
Quick question: quick question: what should i know before starting a new medication in simple words?,fact-20
I want to know what should i know before starting a new medication please in simple words clearly please?,fact-20
Where can i find therapy?,fact-21
How can i find therapy?,fact-21
Where should i look for therapy?,fact-21
Where do i go to find therapy?,fact-21
Where can I go to find therapy?,fact-21
What can i do to find therapy?,fact-21
Could you explain what can i do to find therapy?,fact-21
Where can I go to find therapy clearly?,fact-21
Where should i look for therapy briefly?,fact-21
Quick question: could you explain what can i do to find therapy?,fact-21
I'd like to know where should i look for therapy?,fact-21
I'd like to know where should i look for therapy briefly?,fact-21
Could you explain where should i look for therapy briefly?,fact-21
Where should i look for therapy clearly?,fact-21
Could you explain where should i look for therapy?,fact-21
Quick question: what can i do to find therapy?,fact-21
Could you explain where should i look for therapy in simple words?,fact-21
Where can i find therapy briefly?,fact-21
Could you explain what can i do to find therapy for me?,fact-21
I have a question: could you explain where should i look for therapy in simple words?,fact-21
Where should i look for therapy clearly in simple words?,fact-21
Quick question: quick question: what can i do to find therapy?,fact-21
I have a question: could you explain where should i look for therapy?,fact-21
Can you explain what can i do to find therapy?,fact-21
Could you explain what can i do to find therapy for me briefly?,fact-21
Quick question: could you explain what can i do to find therapy in simple words?,fact-21
Where can I go to find therapy clearly briefly?,fact-21
I have a question: could you explain what can i do to find therapy for me briefly?,fact-21
I have a question: could you explain what can i do to find therapy for me?,fact-21
Where can i find therapy briefly for me?,fact-21
Could you tell me where do i go to find therapy?,fact-21
Could you explain what can i do to find therapy for me briefly for me?,fact-21
Where should i look for therapy for me?,fact-21
I have a question: could you explain what can i do to find therapy for me in simple words?,fact-21
I have a question: could you explain what can i do to find therapy for me briefly please?,fact-21
Quick question: what can i do to find therapy clearly?,fact-21
Where should i look for therapy in simple words?,fact-21
I have a question: could you explain where should i look for therapy please?,fact-21
I have a question: could you explain what can i do to find therapy for me please?,fact-21
Quick question: what can i do to find therapy in simple words?,fact-21
I have a question: could you explain where should i look for therapy please for me?,fact-21
Quick question: quick question: what can i do to find therapy in simple words?,fact-21
Where should i look for therapy clearly for me?,fact-21
Where do i go to find therapy briefly?,fact-21
I have a question: could you explain where should i look for therapy clearly?,fact-21
I have a question: could you explain what can i do to find therapy for me please briefly?,fact-21
Where should i look for therapy clearly in simple words clearly?,fact-21
Could you explain what can i do to find therapy for me clearly?,fact-21
Could you tell me where should i look for therapy in simple words?,fact-21
I have a question: where should i look for therapy for me?,fact-21
Quick question: where do i go to find therapy briefly?,fact-21
Could you explain what can i do to find therapy briefly?,fact-21
Quick question: could you tell me where should i look for therapy in simple words?,fact-21
I have a question: could you explain where should i look for therapy clearly briefly?,fact-21
Quick question: what can i do to find therapy briefly?,fact-21
I have a question: could you explain what can i do to find therapy for me please briefly for me?,fact-21
I have a question: could you explain where should i look for therapy clearly briefly in simple words?,fact-21
Could you tell me where should i look for therapy in simple words clearly?,fact-21
Quick question: could you explain what can i do to find therapy clearly?,fact-21
Quick question: i have a question: could you explain where should i look for therapy please for me?,fact-21
Could you explain what can i do to find therapy for me briefly please?,fact-21
I have a question: could you explain where should i look for therapy please for me please?,fact-21
Quick question: could you explain what can i do to find therapy in simple words clearly?,fact-21
I have a question: could you explain where should i look for therapy clearly for me?,fact-21
I have a question: quick question: could you explain what can i do to find therapy clearly?,fact-21
Quick question: quick question: what can i do to find therapy in simple words please?,fact-21
Quick question: could you explain what can i do to find therapy clearly for me?,fact-21
Where should i look for therapy briefly for me?,fact-21
Quick question: where do i go to find therapy briefly in simple words?,fact-21
Quick question: what can i do to find therapy briefly in simple words?,fact-21
I have a question: could you explain where should i look for therapy clearly for me clearly?,fact-21
Quick question: quick question: what can i do to find therapy in simple words clearly?,fact-21
Where do i go to find therapy briefly please?,fact-21
Could you explain where should i look for therapy in simple words in simple words?,fact-21
Could you explain what can i do to find therapy please?,fact-21
Quick question: could you explain what can i do to find therapy clearly please?,fact-21
I'd like to know where should i look for therapy clearly in simple words?,fact-21
Quick question: could you explain what can i do to find therapy clearly clearly?,fact-21
Quick question: could you explain what can i do to find therapy in simple words briefly?,fact-21
I have a question: could you explain what can i do to find therapy for me please in simple words?,fact-21
Where can i learn about types of mental health treatment?,fact-22
Can you explain where can i learn about types of mental health treatment?,fact-22
Could you explain where can i learn about types of mental health treatment?,fact-22
Can you tell me where can i learn about types of mental health treatment?,fact-22
Could you tell me where can i learn about types of mental health treatment?,fact-22
Help me understand where can i learn about types of mental health treatment?,fact-22
I want to know where can i learn about types of mental health treatment?,fact-22
I'd like to know where can i learn about types of mental health treatment?,fact-22
Where can i learn about types of mental health treatment please?,fact-22
Where can i learn about types of mental health treatment briefly?,fact-22
Where can i learn about types of mental health treatment in simple words?,fact-22
Where can i learn about types of mental health treatment clearly?,fact-22
Where can i learn about types of mental health treatment for me?,fact-22
Quick question: where can i learn about types of mental health treatment?,fact-22
I have a question: where can i learn about types of mental health treatment?,fact-22
Can you explain where can i learn about types of mental health treatment in simple words?,fact-22
Could you tell me where can i learn about types of mental health treatment clearly?,fact-22
Could you explain where can i learn about types of mental health treatment for me?,fact-22
Help me understand where can i learn about types of mental health treatment clearly?,fact-22
Where can i learn about types of mental health treatment briefly clearly?,fact-22
Quick question: i'd like to know where can i learn about types of mental health treatment?,fact-22
Quick question: i'd like to know where can i learn about types of mental health treatment please?,fact-22
Can you tell me where can i learn about types of mental health treatment briefly?,fact-22
Can you explain can you explain where can i learn about types of mental health treatment in simple words?,fact-22
Could you tell me where can i learn about types of mental health treatment in simple words?,fact-22
I have a question: could you tell me where can i learn about types of mental health treatment clearly?,fact-22
Quick question: can you tell me where can i learn about types of mental health treatment?,fact-22
Quick question: where can i learn about types of mental health treatment briefly?,fact-22
Can you explain where can i learn about types of mental health treatment in simple words briefly?,fact-22
Can you explain where can i learn about types of mental health treatment for me?,fact-22
Can you explain can you explain where can i learn about types of mental health treatment in simple words for me?,fact-22
Can you explain can you tell me where can i learn about types of mental health treatment?,fact-22
Quick question: i'd like to know where can i learn about types of mental health treatment for me?,fact-22
Could you explain where can i learn about types of mental health treatment briefly clearly?,fact-22
Could you tell me where can i learn about types of mental health treatment in simple words briefly?,fact-22
Can you explain where can i learn about types of mental health treatment briefly?,fact-22
Could you explain where can i learn about types of mental health treatment briefly clearly for me?,fact-22
I'd like to know where can i learn about types of mental health treatment in simple words?,fact-22
Can you tell me where can i learn about types of mental health treatment briefly clearly?,fact-22
Quick question: where can i learn about types of mental health treatment clearly?,fact-22
I have a question: quick question: where can i learn about types of mental health treatment clearly?,fact-22
Quick question: where can i learn about types of mental health treatment please?,fact-22
I want to know where can i learn about types of mental health treatment briefly?,fact-22
Quick question: where can i learn about types of mental health treatment briefly for me?,fact-22
Can you tell me where can i learn about types of mental health treatment please?,fact-22
Could you explain where can i learn about types of mental health treatment for me please?,fact-22
Can you explain where can i learn about types of mental health treatment in simple words please?,fact-22
Can you tell me where can i learn about types of mental health treatment briefly clearly briefly?,fact-22
Can you explain where can i learn about types of mental health treatment in simple words please briefly?,fact-22
Help me understand where can i learn about types of mental health treatment clearly in simple words?,fact-22
Quick question: where can i learn about types of mental health treatment in simple words?,fact-22
I want to know can you tell me where can i learn about types of mental health treatment briefly clearly briefly?,fact-22
Help me understand where can i learn about types of mental health treatment clearly briefly?,fact-22
I want to know can you explain can you tell me where can i learn about types of mental health treatment?,fact-22
I'd like to know where can i learn about types of mental health treatment clearly?,fact-22
I have a question: quick question: where can i learn about types of mental health treatment clearly please?,fact-22
Could you explain where can i learn about types of mental health treatment briefly clearly in simple words?,fact-22
Quick question: i'd like to know where can i learn about types of mental health treatment briefly?,fact-22
Quick question: could you tell me where can i learn about types of mental health treatment in simple words?,fact-22
Can you explain can you explain where can i learn about types of mental health treatment in simple words please?,fact-22
Quick question: where can i learn about types of mental health treatment briefly for me briefly?,fact-22
I'd like to know can you explain where can i learn about types of mental health treatment in simple words please briefly?,fact-22
I'd like to know can you explain where can i learn about types of mental health treatment in simple words please briefly please?,fact-22
Can you explain where can i learn about types of mental health treatment please?,fact-22
Could you tell me can you explain where can i learn about types of mental health treatment?,fact-22
Quick question: where can i learn about types of mental health treatment briefly please?,fact-22
Quick question: where can i learn about types of mental health treatment in simple words clearly?,fact-22
Quick question: could you tell me can you explain where can i learn about types of mental health treatment?,fact-22
Quick question: i'd like to know where can i learn about types of mental health treatment clearly?,fact-22
Where can i learn about types of mental health treatment in simple words in simple words?,fact-22
Quick question: i'd like to know where can i learn about types of mental health treatment clearly briefly?,fact-22
Can you explain can you explain where can i learn about types of mental health treatment briefly?,fact-22
Quick question: where can i learn about types of mental health treatment clearly please?,fact-22
Quick question: where can i learn about types of mental health treatment briefly please in simple words?,fact-22
Where can i learn about types of mental health treatment briefly clearly please?,fact-22
Quick question: quick question: where can i learn about types of mental health treatment please?,fact-22
Quick question: quick question: where can i learn about types of mental health treatment please please?,fact-22
Quick question: quick question: where can i learn about types of mental health treatment clearly?,fact-22
Can you explain can you explain where can i learn about types of mental health treatment in simple words for me briefly?,fact-22
I have a question: where can i learn about types of mental health treatment clearly?,fact-22
What are the different types of mental health professionals?,fact-23
Can you explain what are the different types of mental health professionals?,fact-23
Could you explain what are the different types of mental health professionals?,fact-23
Can you tell me what are the different types of mental health professionals?,fact-23
Could you tell me what are the different types of mental health professionals?,fact-23
Help me understand what are the different types of mental health professionals?,fact-23
I want to know what are the different types of mental health professionals?,fact-23
I'd like to know what are the different types of mental health professionals?,fact-23
What are the different types of mental health professionals please?,fact-23
What are the different types of mental health professionals briefly?,fact-23
What are the different types of mental health professionals in simple words?,fact-23
What are the different types of mental health professionals clearly?,fact-23
What are the different types of mental health professionals for me?,fact-23
Quick question: what are the different types of mental health professionals?,fact-23
I have a question: what are the different types of mental health professionals?,fact-23
What r the different types of mental health professionals?,fact-23
Can you explain what r the different types of mental health professionals?,fact-23
Could you explain what r the different types of mental health professionals?,fact-23
Can you tell me what r the different types of mental health professionals?,fact-23
Could you tell me what r the different types of mental health professionals?,fact-23
Help me understand what r the different types of mental health professionals?,fact-23
I want to know what r the different types of mental health professionals?,fact-23
I'd like to know what r the different types of mental health professionals?,fact-23
What r the different types of mental health professionals please?,fact-23
What r the different types of mental health professionals briefly?,fact-23
What r the different types of mental health professionals in simple words?,fact-23
What r the different types of mental health professionals clearly?,fact-23
What r the different types of mental health professionals for me?,fact-23
Quick question: what r the different types of mental health professionals?,fact-23
I have a question: what r the different types of mental health professionals?,fact-23
Quick question: what are the different types of mental health professionals please?,fact-23
I have a question: what are the different types of mental health professionals in simple words?,fact-23
Can you explain what are the different types of mental health professionals clearly?,fact-23
I'd like to know what r the different types of mental health professionals clearly?,fact-23
Help me understand what are the different types of mental health professionals in simple words?,fact-23
What are the different types of mental health professionals please clearly?,fact-23
Could you explain what r the different types of mental health professionals please?,fact-23
Help me understand can you explain what are the different types of mental health professionals?,fact-23
Could you tell me what r the different types of mental health professionals for me?,fact-23
I'd like to know what r the different types of mental health professionals clearly please?,fact-23
Can you explain what r the different types of mental health professionals clearly?,fact-23
Could you explain what r the different types of mental health professionals please please?,fact-23
I have a question: i have a question: what are the different types of mental health professionals in simple words?,fact-23
Help me understand can you explain what are the different types of mental health professionals clearly?,fact-23
I'd like to know can you tell me what are the different types of mental health professionals?,fact-23
Could you explain what r the different types of mental health professionals please briefly?,fact-23
What r the different types of mental health professionals please in simple words?,fact-23
I want to know what are the different types of mental health professionals please?,fact-23
I have a question: what are the different types of mental health professionals please?,fact-23
Quick question: what are the different types of mental health professionals please for me?,fact-23
I have a question: what r the different types of mental health professionals briefly?,fact-23
Could you explain what are the different types of mental health professionals briefly?,fact-23
Quick question: could you explain what are the different types of mental health professionals?,fact-23
I have a question: what are the different types of mental health professionals for me?,fact-23
Could you explain what r the different types of mental health professionals for me?,fact-23
Can you explain what r the different types of mental health professionals please?,fact-23
Can you explain what are the different types of mental health professionals clearly in simple words?,fact-23
Could you explain can you tell me what are the different types of mental health professionals?,fact-23
I have a question: what are the different types of mental health professionals clearly?,fact-23
I have a question: could you tell me what are the different types of mental health professionals?,fact-23
Could you tell me can you explain what r the different types of mental health professionals please?,fact-23
Quick question: what are the different types of mental health professionals please for me clearly?,fact-23
Help me understand what r the different types of mental health professionals please?,fact-23
I'd like to know what are the different types of mental health professionals please clearly?,fact-23
Can you explain what are the different types of mental health professionals briefly?,fact-23
Help me understand can you explain what are the different types of mental health professionals for me?,fact-23
I have a question: what are the different types of mental health professionals in simple words in simple words?,fact-23
I'd like to know what are the different types of mental health professionals please clearly in simple words?,fact-23
I have a question: what are the different types of mental health professionals in simple words briefly?,fact-23
Can you tell me can you tell me what are the different types of mental health professionals?,fact-23
Help me understand can you tell me can you tell me what are the different types of mental health professionals?,fact-23
Can you explain what are the different types of mental health professionals please?,fact-23
I have a question: what are the different types of mental health professionals please clearly?,fact-23
Quick question: what are the different types of mental health professionals in simple words?,fact-23
I'd like to know what are the different types of mental health professionals please clearly in simple words in simple words?,fact-23
I have a question: i have a question: what are the different types of mental health professionals for me?,fact-23
I'd like to know what are the different types of mental health professionals briefly?,fact-23
Can you explain what are the different types of mental health professionals please clearly?,fact-23
Help me understand what are the different types of mental health professionals for me?,fact-23
Quick question: could you explain what are the different types of mental health professionals for me?,fact-23
Where can i find a support group?,fact-24
How can i find a support group?,fact-24
Where should i look for a support group?,fact-24
Where do i go to find a support group?,fact-24
Where can I go to find a support group?,fact-24
Where do i go to find a support group clearly?,fact-24
Where can i find a support group for me?,fact-24
What's the best way to find a support group?,fact-24
Any tips to find a support group?,fact-24
Where can i find a support group briefly?,fact-24
Could you tell me where do i go to find a support group?,fact-24
Where can I go to find a support group clearly?,fact-24
Where should i look for a support group clearly?,fact-24
I'd like to know where do i go to find a support group clearly?,fact-24
Where can I go to find a support group please?,fact-24
Could you explain where do i go to find a support group?,fact-24
Where do i go to find a support group please?,fact-24
Where do i go to find a support group clearly clearly?,fact-24
Quick question: could you tell me where do i go to find a support group?,fact-24
Where do i go to find a support group in simple words?,fact-24
Where do i go to find a support group for me?,fact-24
Where do i go to find a support group briefly?,fact-24
Any tips to find a support group please?,fact-24
Could you explain where should i look for a support group?,fact-24
Could you tell me where do i go to find a support group briefly?,fact-24
Any tips to find a support group please briefly?,fact-24
Could you tell me where do i go to find a support group please?,fact-24
Any tips to find a support group please in simple words?,fact-24
Where can I go to find a support group clearly for me?,fact-24
What can i do to find a support group?,fact-24
Any tips to find a support group briefly?,fact-24
Where can i find a support group clearly?,fact-24
Could you explain where do i go to find a support group please?,fact-24
Can you explain what can i do to find a support group?,fact-24
Quick question: where do i go to find a support group?,fact-24
How can i find a support group please?,fact-24
Quick question: where should i look for a support group clearly?,fact-24
Any tips to find a support group please briefly for me?,fact-24
Where do i go to find a support group clearly briefly?,fact-24
Any tips to find a support group please briefly for me clearly?,fact-24
I have a question: where should i look for a support group clearly?,fact-24
How can i find a support group clearly for me?,fact-24
I have a question: where do i go to find a support group clearly?,fact-24
Can you explain where do i go to find a support group briefly?,fact-24
I'd like to know where should i look for a support group?,fact-24
Quick question: any tips to find a support group please in simple words?,fact-24
Where can i find a support group clearly clearly?,fact-24
I want to know can you explain where do i go to find a support group briefly?,fact-24
Where can I go to find a support group clearly briefly?,fact-24
Where can I go to find a support group clearly in simple words?,fact-24
Where can I go to find a support group clearly for me please?,fact-24
Any tips to find a support group please briefly for me clearly in simple words?,fact-24
What can i do to find a support group clearly for me?,fact-24
Where can i find a support group clearly for me?,fact-24
Any tips to find a support group briefly please?,fact-24
I want to know where do i go to find a support group clearly clearly?,fact-24
Quick question: any tips to find a support group?,fact-24
Where should i look for a support group clearly in simple words?,fact-24
Quick question: any tips to find a support group in simple words?,fact-24
I have a question: where should i look for a support group clearly clearly?,fact-24
Where should i look for a support group clearly for me please?,fact-24
I have a question: any tips to find a support group briefly?,fact-24
Any tips to find a support group please for me?,fact-24
Could you tell me where do i go to find a support group briefly clearly?,fact-24
Could you explain where should i look for a support group in simple words?,fact-24
Where can I go to find a support group clearly for me in simple words?,fact-24
Help me understand the best way to find a support group?,fact-24
Quick question: any tips to find a support group please in simple words in simple words?,fact-24
Can you explain where do i go to find a support group for me?,fact-24
How can i find a support group clearly?,fact-24
Quick question: where do i go to find a support group briefly?,fact-24
Where can I go to find a support group clearly in simple words briefly?,fact-24
I have a question: where should i look for a support group clearly for me?,fact-24
I have a question: where should i look for a support group clearly for me briefly?,fact-24
I have a question: where should i look for a support group clearly for me in simple words?,fact-24
Could you tell me where do i go to find a support group briefly clearly clearly?,fact-24
I have a question: any tips to find a support group please?,fact-24
What can i do to find a support group briefly?,fact-24
Where can I go to find a support group clearly for me for me?,fact-24
I have a question: any tips to find a support group briefly in simple words?,fact-24
Can you prevent mental health problems?,fact-25
Can you explain can you prevent mental health problems?,fact-25
Could you explain can you prevent mental health problems?,fact-25
Can you tell me can you prevent mental health problems?,fact-25
Could you tell me can you prevent mental health problems?,fact-25
Help me understand can you prevent mental health problems?,fact-25
I want to know can you prevent mental health problems?,fact-25
I'd like to know can you prevent mental health problems?,fact-25
Can you prevent mental health problems please?,fact-25
Can you prevent mental health problems briefly?,fact-25
Can you prevent mental health problems in simple words?,fact-25
Can you prevent mental health problems clearly?,fact-25
Can you prevent mental health problems for me?,fact-25
Quick question: can you prevent mental health problems?,fact-25
I have a question: can you prevent mental health problems?,fact-25
Can u prevent mental health problems?,fact-25
Can you explain can u prevent mental health problems?,fact-25
Could you explain can u prevent mental health problems?,fact-25
Can you tell me can u prevent mental health problems?,fact-25
Could you tell me can u prevent mental health problems?,fact-25
Help me understand can u prevent mental health problems?,fact-25
I want to know can u prevent mental health problems?,fact-25
I'd like to know can u prevent mental health problems?,fact-25
Can u prevent mental health problems please?,fact-25
Can u prevent mental health problems briefly?,fact-25
Can u prevent mental health problems in simple words?,fact-25
Can u prevent mental health problems clearly?,fact-25
Can u prevent mental health problems for me?,fact-25
Quick question: can u prevent mental health problems?,fact-25
I have a question: can u prevent mental health problems?,fact-25
I have a question: can u prevent mental health problems in simple words?,fact-25
Could you explain can u prevent mental health problems in simple words?,fact-25
I want to know can u prevent mental health problems briefly?,fact-25
Help me understand can u prevent mental health problems please?,fact-25
Can you prevent mental health problems briefly briefly?,fact-25
Can you prevent mental health problems briefly for me?,fact-25
I'd like to know can you prevent mental health problems for me?,fact-25
Could you tell me can you prevent mental health problems for me?,fact-25
Can u prevent mental health problems in simple words briefly?,fact-25
I want to know can you prevent mental health problems for me?,fact-25
Could you tell me can u prevent mental health problems for me?,fact-25
Could you explain can you prevent mental health problems please?,fact-25
Can u prevent mental health problems for me for me?,fact-25
I have a question: could you tell me can u prevent mental health problems for me?,fact-25
Could you explain can you prevent mental health problems please for me?,fact-25
Can you prevent mental health problems clearly clearly?,fact-25
Can you prevent mental health problems briefly for me clearly?,fact-25
I want to know can you prevent mental health problems for me for me?,fact-25
I have a question: can you prevent mental health problems briefly?,fact-25
Could you tell me can u prevent mental health problems briefly?,fact-25
Can you prevent mental health problems briefly for me clearly clearly?,fact-25
Could you explain can you tell me can u prevent mental health problems?,fact-25
Can you prevent mental health problems clearly please?,fact-25
Quick question: could you explain can you prevent mental health problems please for me?,fact-25
Could you tell me can u prevent mental health problems briefly briefly?,fact-25
Help me understand can u prevent mental health problems in simple words briefly?,fact-25
Could you explain can you tell me can u prevent mental health problems in simple words?,fact-25
Could you tell me can u prevent mental health problems for me please?,fact-25
Could you explain can u prevent mental health problems in simple words briefly?,fact-25
I want to know can u prevent mental health problems please?,fact-25
Can you prevent mental health problems in simple words in simple words?,fact-25
Could you explain can you tell me can u prevent mental health problems in simple words please?,fact-25
Can you prevent mental health problems clearly please clearly?,fact-25
Can u prevent mental health problems for me for me in simple words?,fact-25
I'd like to know can u prevent mental health problems for me for me?,fact-25
Could you tell me can you explain can you prevent mental health problems?,fact-25
Can you tell me can u prevent mental health problems clearly?,fact-25
Help me understand can you prevent mental health problems please?,fact-25
I want to know can u prevent mental health problems briefly please?,fact-25
Quick question: could you explain can you tell me can u prevent mental health problems in simple words?,fact-25
Quick question: i want to know can u prevent mental health problems?,fact-25
I have a question: can u prevent mental health problems for me for me in simple words?,fact-25
I have a question: can you prevent mental health problems briefly for me?,fact-25
Quick question: quick question: could you explain can you tell me can u prevent mental health problems in simple words?,fact-25
Quick question: can you prevent mental health problems for me?,fact-25
Could you explain can you tell me can u prevent mental health problems in simple words please in simple words?,fact-25
I have a question: help me understand can u prevent mental health problems?,fact-25
Can you prevent mental health problems briefly please?,fact-25
Could you tell me can you prevent mental health problems for me in simple words?,fact-25
Help me understand can u prevent mental health problems please please?,fact-25
Are there cures for mental health problems?,fact-26
Can you explain are there cures for mental health problems?,fact-26
Could you explain are there cures for mental health problems?,fact-26
Can you tell me are there cures for mental health problems?,fact-26
Could you tell me are there cures for mental health problems?,fact-26
Help me understand are there cures for mental health problems?,fact-26
I want to know are there cures for mental health problems?,fact-26
I'd like to know are there cures for mental health problems?,fact-26
Are there cures for mental health problems please?,fact-26
Are there cures for mental health problems briefly?,fact-26
Are there cures for mental health problems in simple words?,fact-26
Are there cures for mental health problems clearly?,fact-26
Are there cures for mental health problems for me?,fact-26
Quick question: are there cures for mental health problems?,fact-26
I have a question: are there cures for mental health problems?,fact-26
Is there any cure for mental health problems?,fact-26
Can you explain is there any cure for mental health problems?,fact-26
Could you explain is there any cure for mental health problems?,fact-26
Can you tell me is there any cure for mental health problems?,fact-26
Could you tell me is there any cure for mental health problems?,fact-26
Help me understand is there any cure for mental health problems?,fact-26
I want to know is there any cure for mental health problems?,fact-26
I'd like to know is there any cure for mental health problems?,fact-26
Is there any cure for mental health problems please?,fact-26
Is there any cure for mental health problems briefly?,fact-26
Is there any cure for mental health problems in simple words?,fact-26
Is there any cure for mental health problems clearly?,fact-26
Is there any cure for mental health problems for me?,fact-26
Quick question: is there any cure for mental health problems?,fact-26
I have a question: is there any cure for mental health problems?,fact-26
R there cures for mental health problems?,fact-26
R there cures for mental health problems please?,fact-26
R there cures for mental health problems briefly?,fact-26
R there cures for mental health problems in simple words?,fact-26
R there cures for mental health problems clearly?,fact-26
R there cures for mental health problems for me?,fact-26
Quick question: r there cures for mental health problems?,fact-26
I have a question: r there cures for mental health problems?,fact-26
Could you tell me are there cures for mental health problems for me?,fact-26
I have a question: are there cures for mental health problems in simple words?,fact-26
Could you explain is there any cure for mental health problems briefly?,fact-26
Could you tell me are there cures for mental health problems please?,fact-26
I have a question: i want to know is there any cure for mental health problems?,fact-26
I want to know can you explain are there cures for mental health problems?,fact-26
Could you tell me are there cures for mental health problems please briefly?,fact-26
Quick question: could you tell me are there cures for mental health problems for me?,fact-26
Are there cures for mental health problems in simple words please?,fact-26
I want to know is there any cure for mental health problems in simple words?,fact-26
I want to know are there cures for mental health problems for me?,fact-26
Could you tell me are there cures for mental health problems please briefly clearly?,fact-26
I have a question: i want to know is there any cure for mental health problems clearly?,fact-26
Could you tell me is there any cure for mental health problems in simple words?,fact-26
I want to know are there cures for mental health problems clearly?,fact-26
I have a question: quick question: r there cures for mental health problems?,fact-26
Are there cures for mental health problems briefly in simple words?,fact-26
Quick question: can you tell me is there any cure for mental health problems?,fact-26
I have a question: i have a question: i want to know is there any cure for mental health problems?,fact-26
Can you explain are there cures for mental health problems for me?,fact-26
Can you tell me can you explain are there cures for mental health problems?,fact-26
Are there cures for mental health problems in simple words in simple words?,fact-26
Can you explain can you tell me is there any cure for mental health problems?,fact-26
Quick question: i have a question: i want to know is there any cure for mental health problems clearly?,fact-26
Quick question: help me understand are there cures for mental health problems?,fact-26
Help me understand are there cures for mental health problems clearly?,fact-26
I want to know are there cures for mental health problems for me for me?,fact-26
I'd like to know is there any cure for mental health problems please?,fact-26
Could you tell me are there cures for mental health problems in simple words in simple words?,fact-26
Quick question: is there any cure for mental health problems clearly?,fact-26
I'd like to know are there cures for mental health problems briefly?,fact-26
Are there cures for mental health problems for me in simple words?,fact-26
I want to know are there cures for mental health problems for me in simple words?,fact-26
I have a question: is there any cure for mental health problems clearly?,fact-26
Quick question: could you tell me are there cures for mental health problems in simple words in simple words?,fact-26
I have a question: i'd like to know are there cures for mental health problems briefly?,fact-26
I have a question: i'd like to know are there cures for mental health problems briefly in simple words?,fact-26
Could you tell me can you explain can you tell me is there any cure for mental health problems?,fact-26
I want to know are there cures for mental health problems in simple words?,fact-26
Could you tell me are there cures for mental health problems briefly?,fact-26
I'd like to know is there any cure for mental health problems briefly?,fact-26
Is there any cure for mental health problems for me for me?,fact-26
What causes mental health problems?,fact-27
What leads to mental health problems?,fact-27
What are the causes of mental health problems?,fact-27
What can trigger mental health problems?,fact-27
Could you explain what leads to mental health problems?,fact-27
What causes mental health problems please?,fact-27
What can trigger mental health problems please?,fact-27
Quick question: what leads to mental health problems?,fact-27
Quick question: what are the causes of mental health problems?,fact-27
Could you explain what leads to mental health problems for me?,fact-27
Can you explain what leads to mental health problems?,fact-27
What can trigger mental health problems please please?,fact-27
What can trigger mental health problems please in simple words?,fact-27
I have a question: could you explain what leads to mental health problems?,fact-27
I have a question: could you explain what leads to mental health problems for me?,fact-27
Quick question: could you explain what leads to mental health problems for me?,fact-27
I want to know what can trigger mental health problems?,fact-27
Could you explain what leads to mental health problems briefly?,fact-27
I have a question: what can trigger mental health problems?,fact-27
What can trigger mental health problems briefly?,fact-27
What can trigger mental health problems for me?,fact-27
Could you explain what leads to mental health problems for me for me?,fact-27
I have a question: could you explain what leads to mental health problems clearly?,fact-27
What can trigger mental health problems please in simple words in simple words?,fact-27
I have a question: quick question: could you explain what leads to mental health problems for me?,fact-27
What leads to mental health problems in simple words?,fact-27
Could you explain what can trigger mental health problems please in simple words?,fact-27
What can trigger mental health problems briefly briefly?,fact-27
Quick question: could you explain what leads to mental health problems for me for me?,fact-27
I want to know what leads to mental health problems?,fact-27
Quick question: could you explain what leads to mental health problems for me for me for me?,fact-27
I have a question: could you explain what leads to mental health problems clearly in simple words?,fact-27
What can trigger mental health problems clearly?,fact-27
Quick question: could you explain what leads to mental health problems for me for me for me clearly?,fact-27
What can trigger mental health problems please in simple words in simple words in simple words?,fact-27
Could you tell me what can trigger mental health problems briefly?,fact-27
I have a question: could you explain what leads to mental health problems briefly?,fact-27
Quick question: what can trigger mental health problems please?,fact-27
I have a question: could you explain what leads to mental health problems for me briefly?,fact-27
What can trigger mental health problems briefly clearly?,fact-27
Quick question: could you explain what leads to mental health problems for me for me in simple words?,fact-27
Could you explain what can trigger mental health problems please in simple words please?,fact-27
I'd like to know what can trigger mental health problems please in simple words?,fact-27
Quick question: i have a question: could you explain what leads to mental health problems?,fact-27
I have a question: could you explain what leads to mental health problems clearly in simple words for me?,fact-27
Could you explain what leads to mental health problems clearly?,fact-27
Quick question: could you explain what leads to mental health problems clearly?,fact-27
Quick question: what are the causes of mental health problems briefly?,fact-27
I have a question: what can trigger mental health problems please in simple words?,fact-27
Quick question: what can trigger mental health problems please in simple words?,fact-27
Can you tell me what can trigger mental health problems?,fact-27
I'd like to know what are the causes of mental health problems?,fact-27
What can trigger mental health problems in simple words?,fact-27
Could you explain what leads to mental health problems clearly in simple words?,fact-27
Could you explain what leads to mental health problems briefly for me?,fact-27
I'd like to know what can trigger mental health problems in simple words?,fact-27
I want to know what can trigger mental health problems clearly?,fact-27
Quick question: could you explain what leads to mental health problems for me for me in simple words please?,fact-27
Quick question: i have a question: could you explain what leads to mental health problems briefly?,fact-27
I'd like to know what can trigger mental health problems please in simple words in simple words?,fact-27
I have a question: i have a question: could you explain what leads to mental health problems for me briefly?,fact-27
Quick question: what can trigger mental health problems please please?,fact-27
Quick question: could you explain what leads to mental health problems for me for me for me for me?,fact-27
I have a question: could you explain what leads to mental health problems clearly briefly?,fact-27
Quick question: could you explain what leads to mental health problems for me for me for me clearly please?,fact-27
I have a question: could you explain what leads to mental health problems briefly clearly?,fact-27
Could you explain what can trigger mental health problems please?,fact-27
Quick question: what can trigger mental health problems briefly briefly?,fact-27
Quick question: could you explain what leads to mental health problems for me for me briefly?,fact-27
What can trigger mental health problems please in simple words in simple words in simple words in simple words?,fact-27
What can trigger mental health problems in simple words please?,fact-27
What are the causes of mental health problems please?,fact-27
I have a question: i have a question: could you explain what leads to mental health problems for me briefly briefly?,fact-27
What can trigger mental health problems clearly briefly?,fact-27
What can trigger mental health problems briefly clearly clearly?,fact-27
Quick question: could you tell me what can trigger mental health problems briefly?,fact-27
I have a question: what can trigger mental health problems please in simple words for me?,fact-27
Quick question: i have a question: could you explain what leads to mental health problems briefly clearly?,fact-27
I'd like to know what can trigger mental health problems briefly briefly?,fact-27
Quick question: i have a question: could you explain what leads to mental health problems for me briefly?,fact-27
What do i do if i'm worried about my mental health?,fact-28
Can you explain what do i do if i'm worried about my mental health?,fact-28
Could you explain what do i do if i'm worried about my mental health?,fact-28
Can you tell me what do i do if i'm worried about my mental health?,fact-28
Could you tell me what do i do if i'm worried about my mental health?,fact-28
Help me understand what do i do if i'm worried about my mental health?,fact-28
I want to know what do i do if i'm worried about my mental health?,fact-28
I'd like to know what do i do if i'm worried about my mental health?,fact-28
What do i do if i'm worried about my mental health please?,fact-28
What do i do if i'm worried about my mental health briefly?,fact-28
What do i do if i'm worried about my mental health in simple words?,fact-28
What do i do if i'm worried about my mental health clearly?,fact-28
What do i do if i'm worried about my mental health for me?,fact-28
Quick question: what do i do if i'm worried about my mental health?,fact-28
I have a question: what do i do if i'm worried about my mental health?,fact-28
Can you explain what do i do if i'm worried about my mental health briefly?,fact-28
Could you tell me what do i do if i'm worried about my mental health briefly?,fact-28
I'd like to know can you tell me what do i do if i'm worried about my mental health?,fact-28
Could you explain what do i do if i'm worried about my mental health for me?,fact-28
What do i do if i'm worried about my mental health please in simple words?,fact-28
Quick question: what do i do if i'm worried about my mental health in simple words?,fact-28
Could you tell me what do i do if i'm worried about my mental health please?,fact-28
Quick question: what do i do if i'm worried about my mental health in simple words clearly?,fact-28
I want to know what do i do if i'm worried about my mental health briefly?,fact-28
Could you tell me what do i do if i'm worried about my mental health briefly in simple words?,fact-28
Can you explain what do i do if i'm worried about my mental health for me?,fact-28
Can you explain what do i do if i'm worried about my mental health for me for me?,fact-28
I want to know what do i do if i'm worried about my mental health please in simple words?,fact-28
Could you tell me what do i do if i'm worried about my mental health please for me?,fact-28
Could you tell me what do i do if i'm worried about my mental health please briefly?,fact-28
I want to know what do i do if i'm worried about my mental health briefly clearly?,fact-28
What do i do if i'm worried about my mental health briefly clearly?,fact-28
I want to know can you explain what do i do if i'm worried about my mental health for me?,fact-28
Could you explain what do i do if i'm worried about my mental health in simple words?,fact-28
Could you tell me what do i do if i'm worried about my mental health please in simple words?,fact-28
I have a question: could you tell me what do i do if i'm worried about my mental health please in simple words?,fact-28
Quick question: what do i do if i'm worried about my mental health in simple words clearly clearly?,fact-28
What do i do if i'm worried about my mental health in simple words for me?,fact-28
Could you tell me what do i do if i'm worried about my mental health clearly?,fact-28
I have a question: i want to know what do i do if i'm worried about my mental health?,fact-28
What do i do if i'm worried about my mental health please clearly?,fact-28
Could you tell me what do i do if i'm worried about my mental health briefly briefly?,fact-28
Could you tell me what do i do if i'm worried about my mental health please please?,fact-28
I have a question: what do i do if i'm worried about my mental health for me?,fact-28
I have a question: what do i do if i'm worried about my mental health clearly?,fact-28
Can you explain what do i do if i'm worried about my mental health for me for me for me?,fact-28
Could you tell me what do i do if i'm worried about my mental health in simple words for me?,fact-28
Could you tell me what do i do if i'm worried about my mental health please briefly please?,fact-28
I want to know what do i do if i'm worried about my mental health briefly clearly for me?,fact-28
What do i do if i'm worried about my mental health in simple words for me briefly?,fact-28
I have a question: could you tell me what do i do if i'm worried about my mental health?,fact-28
What do i do if i'm worried about my mental health for me please?,fact-28
Quick question: i'd like to know what do i do if i'm worried about my mental health?,fact-28
Could you explain what do i do if i'm worried about my mental health in simple words clearly?,fact-28
Can you explain what do i do if i'm worried about my mental health for me for me briefly?,fact-28
Can you tell me what do i do if i'm worried about my mental health please?,fact-28
Quick question: could you tell me what do i do if i'm worried about my mental health please?,fact-28
I have a question: quick question: what do i do if i'm worried about my mental health in simple words clearly clearly?,fact-28
Help me understand what do i do if i'm worried about my mental health briefly?,fact-28
Can you tell me what do i do if i'm worried about my mental health please clearly?,fact-28
What do i do if i'm worried about my mental health clearly for me?,fact-28
I have a question: help me understand what do i do if i'm worried about my mental health?,fact-28
What do i do if i'm worried about my mental health please clearly please?,fact-28
Could you tell me what do i do if i'm worried about my mental health please for me clearly?,fact-28
I have a question: quick question: what do i do if i'm worried about my mental health in simple words?,fact-28
Could you explain what do i do if i'm worried about my mental health clearly?,fact-28
Can you tell me what do i do if i'm worried about my mental health please in simple words?,fact-28
I want to know can you explain what do i do if i'm worried about my mental health for me for me briefly?,fact-28
I'd like to know can you explain what do i do if i'm worried about my mental health for me for me briefly?,fact-28
What do i do if i'm worried about my mental health in simple words for me briefly please?,fact-28
I'd like to know can you explain what do i do if i'm worried about my mental health for me for me briefly in simple words?,fact-28
Could you tell me what do i do if i'm worried about my mental health please briefly please in simple words?,fact-28
I want to know can you explain what do i do if i'm worried about my mental health for me for me briefly in simple words?,fact-28
Could you explain what do i do if i'm worried about my mental health briefly?,fact-28
Could you tell me what do i do if i'm worried about my mental health please for me for me?,fact-28
I have a question: i want to know what do i do if i'm worried about my mental health briefly?,fact-28
Quick question: quick question: what do i do if i'm worried about my mental health?,fact-28
I have a question: quick question: what do i do if i'm worried about my mental health in simple words clearly?,fact-28
Could you tell me what do i do if i'm worried about my mental health clearly clearly?,fact-28
Help me understand what do i do if i'm worried about my mental health briefly for me?,fact-28
How can i know if i'm unwell?,fact-29
How do i know if i'm unwell?,fact-29
What can i do to know if i'm unwell?,fact-29
What's the best way to know if i'm unwell?,fact-29
Any tips to know if i'm unwell?,fact-29
Could you define the best way to know if i'm unwell?,fact-29
I have a question: what can i do to know if i'm unwell?,fact-29
What does the best way to know if i'm unwell mean?,fact-29
What's the best way to know if i'm unwell clearly?,fact-29
How can i know if i'm unwell briefly?,fact-29
Can you tell me what can i do to know if i'm unwell?,fact-29
How can i know if i'm unwell for me?,fact-29
Can you explain what can i do to know if i'm unwell?,fact-29
Could you define the best way to know if i'm unwell clearly?,fact-29
Could you tell me can you tell me what can i do to know if i'm unwell?,fact-29
Can you explain what can i do to know if i'm unwell please?,fact-29
How do i know if i'm unwell please?,fact-29
What is the best way to know if i'm unwell?,fact-29
How do i know if i'm unwell clearly?,fact-29
Quick question: could you tell me can you tell me what can i do to know if i'm unwell?,fact-29
What should i know about the best way to know if i'm unwell?,fact-29
Help me understand the best way to know if i'm unwell clearly?,fact-29
Any tips to know if i'm unwell in simple words?,fact-29
Any tips to know if i'm unwell in simple words in simple words?,fact-29
Could you define the best way to know if i'm unwell clearly please?,fact-29
Help me understand the best way to know if i'm unwell clearly clearly?,fact-29
Quick question: could you tell me can you tell me what can i do to know if i'm unwell briefly?,fact-29
Could you define the best way to know if i'm unwell clearly for me?,fact-29
Any tips to know if i'm unwell in simple words in simple words please?,fact-29
How can i know if i'm unwell briefly please?,fact-29
Can you tell me can you explain what can i do to know if i'm unwell please?,fact-29
Quick question: could you tell me can you tell me what can i do to know if i'm unwell in simple words?,fact-29
Any tips to know if i'm unwell please?,fact-29
Help me understand can you explain what can i do to know if i'm unwell?,fact-29
Quick question: could you tell me can you tell me what can i do to know if i'm unwell briefly clearly?,fact-29
Can you tell me what can i do to know if i'm unwell for me?,fact-29
Quick question: could you tell me can you tell me what can i do to know if i'm unwell in simple words in simple words?,fact-29
Help me understand can you tell me can you explain what can i do to know if i'm unwell please?,fact-29
Can you explain what can i do to know if i'm unwell please please?,fact-29
Could you define the best way to know if i'm unwell please?,fact-29
I have a question: quick question: could you tell me can you tell me what can i do to know if i'm unwell in simple words in simple words?,fact-29
How can i know if i'm unwell briefly for me?,fact-29
How do i know if i'm unwell briefly for me?,fact-29
What can i do to know if i'm unwell briefly please?,fact-29
What's the best way to know if i'm unwell please?,fact-29
Can you define the best way to know if i'm unwell?,fact-29
How can i know if i'm unwell for me in simple words?,fact-29
Any tips to know if i'm unwell in simple words in simple words for me?,fact-29
Could you define the best way to know if i'm unwell clearly for me please?,fact-29
I have a question: what can i do to know if i'm unwell please?,fact-29
What's the best way to know if i'm unwell clearly in simple words?,fact-29
I have a question: any tips to know if i'm unwell in simple words?,fact-29
Could you define the best way to know if i'm unwell please clearly?,fact-29
How can i know if i'm unwell for me in simple words in simple words?,fact-29
Could you define the best way to know if i'm unwell please clearly for me?,fact-29
How can i know if i'm unwell for me clearly?,fact-29
I have a question: help me understand the best way to know if i'm unwell clearly clearly?,fact-29
Give me a simple definition of the best way to know if i'm unwell?,fact-29
Help me understand the best way to know if i'm unwell please?,fact-29
Quick question: i have a question: any tips to know if i'm unwell in simple words?,fact-29
How can i know if i'm unwell briefly for me please?,fact-29
What is the best way to know if i'm unwell clearly?,fact-29
How do i know if i'm unwell briefly for me please?,fact-29
Quick question: i have a question: what can i do to know if i'm unwell?,fact-29
What is the best way to know if i'm unwell clearly briefly?,fact-29
Could you define the best way to know if i'm unwell clearly for me please for me?,fact-29
How do i know if i'm unwell briefly for me please clearly?,fact-29
I have a question: help me understand the best way to know if i'm unwell clearly clearly please?,fact-29
Help me understand can you explain what can i do to know if i'm unwell for me?,fact-29
How do i know if i'm unwell for me?,fact-29
Any tips to know if i'm unwell in simple words in simple words please for me?,fact-29
Any tips to know if i'm unwell briefly for me please clearly?,fact-29
I want to know can you explain what can i do to know if i'm unwell?,fact-29
I have a question: quick question: could you tell me can you tell me what can i do to know if i'm unwell in simple words?,fact-29
Give me a simple definition of the best way to know if i'm unwell please?,fact-29
Quick question: could you tell me can you tell me what can i do to know if i'm unwell please?,fact-29
What should i know about the best way to know if i'm unwell please?,fact-29
What's the best way to know if i'm unwell briefly for me please?,fact-29
Help me understand the best way to know if i'm unwell clearly please?,fact-29
What can i do to know if i'm unwell briefly for me please?,fact-29
How can i maintain social connections? what if i feel lonely?,fact-30
How do i maintain social connections? what if i feel lonely?,fact-30
What can i do to maintain social connections? what if i feel lonely?,fact-30
What's the best way to maintain social connections? what if i feel lonely?,fact-30
Any tips to maintain social connections? what if i feel lonely?,fact-30
How do i maintain social connections? what if i feel lonely in simple words?,fact-30
How can i maintain social connections? what if i feel lonely briefly?,fact-30
Quick question: any tips to maintain social connections? what if i feel lonely?,fact-30
How do i maintain social connections? what if i feel lonely briefly?,fact-30
How do i maintain social connections? what if i feel lonely clearly?,fact-30
What's the best way to maintain social connections? what if i feel lonely clearly?,fact-30
How can i maintain social connections? what if i feel lonely in simple words?,fact-30
Quick question: any tips to maintain social connections? what if i feel lonely please?,fact-30
What's the best way to maintain social connections? what if i feel lonely briefly?,fact-30
How can i maintain social connections? what if i feel lonely for me?,fact-30
What can i do to maintain social connections? what if i feel lonely clearly?,fact-30
How can i maintain social connections? what if i feel lonely briefly in simple words?,fact-30
How can i maintain social connections? what if i feel lonely in simple words briefly?,fact-30
What can i do to maintain social connections? what if i feel lonely for me?,fact-30
Any tips to maintain social connections? what if i feel lonely in simple words briefly?,fact-30
I have a question: any tips to maintain social connections? what if i feel lonely in simple words briefly?,fact-30
What's the best way to maintain social connections? what if i feel lonely in simple words?,fact-30
Can you define the best way to maintain social connections? what if i feel lonely?,fact-30
Explain the best way to maintain social connections? what if i feel lonely in simple words?,fact-30
I have a question: any tips to maintain social connections? what if i feel lonely in simple words briefly clearly?,fact-30
How can i maintain social connections? what if i feel lonely in simple words briefly in simple words?,fact-30
Can you explain can you define the best way to maintain social connections? what if i feel lonely?,fact-30
Any tips to maintain social connections? what if i feel lonely please?,fact-30
Any tips to maintain social connections? what if i feel lonely briefly?,fact-30
How can i maintain social connections? what if i feel lonely briefly please?,fact-30
What's the best way to maintain social connections? what if i feel lonely briefly please?,fact-30
How can i maintain social connections? what if i feel lonely briefly briefly?,fact-30
Can you define the best way to maintain social connections? what if i feel lonely in simple words?,fact-30
Can you explain can you define the best way to maintain social connections? what if i feel lonely for me?,fact-30
I have a question: quick question: any tips to maintain social connections? what if i feel lonely?,fact-30
Any tips to maintain social connections? what if i feel lonely briefly please?,fact-30
Could you explain can you define the best way to maintain social connections? what if i feel lonely in simple words?,fact-30
How can i maintain social connections? what if i feel lonely briefly briefly for me?,fact-30
What should i know about the best way to maintain social connections? what if i feel lonely?,fact-30
I have a question: any tips to maintain social connections? what if i feel lonely please?,fact-30
Can you define the best way to maintain social connections? what if i feel lonely in simple words for me?,fact-30
Any tips to maintain social connections? what if i feel lonely in simple words?,fact-30
How can i maintain social connections? what if i feel lonely in simple words please?,fact-30
I have a question: any tips to maintain social connections? what if i feel lonely in simple words briefly clearly for me?,fact-30
I have a question: can you define the best way to maintain social connections? what if i feel lonely in simple words?,fact-30
Quick question: i have a question: any tips to maintain social connections? what if i feel lonely in simple words briefly clearly?,fact-30
I have a question: what should i know about the best way to maintain social connections? what if i feel lonely?,fact-30
I have a question: can you define the best way to maintain social connections? what if i feel lonely in simple words in simple words?,fact-30
What's the best way to maintain social connections? what if i feel lonely in simple words briefly?,fact-30
Tell me about the best way to maintain social connections? what if i feel lonely in simple words?,fact-30
Any tips to maintain social connections? what if i feel lonely briefly briefly?,fact-30
How do i maintain social connections? what if i feel lonely briefly for me?,fact-30
I have a question: can you define the best way to maintain social connections? what if i feel lonely in simple words clearly?,fact-30
I have a question: can you define the best way to maintain social connections? what if i feel lonely in simple words for me?,fact-30
Quick question: i have a question: any tips to maintain social connections? what if i feel lonely in simple words briefly clearly in simple words?,fact-30
Quick question: any tips to maintain social connections? what if i feel lonely please in simple words?,fact-30
I have a question: any tips to maintain social connections? what if i feel lonely please clearly?,fact-30
I have a question: any tips to maintain social connections? what if i feel lonely in simple words briefly clearly for me for me?,fact-30
I have a question: any tips to maintain social connections? what if i feel lonely in simple words briefly clearly for me briefly?,fact-30
Quick question: i have a question: any tips to maintain social connections? what if i feel lonely in simple words briefly clearly briefly?,fact-30
Can you define the best way to maintain social connections? what if i feel lonely in simple words please?,fact-30
I have a question: can you define the best way to maintain social connections? what if i feel lonely in simple words please?,fact-30
What does the best way to maintain social connections? what if i feel lonely in simple words briefly mean?,fact-30
I have a question: any tips to maintain social connections? what if i feel lonely briefly please?,fact-30
I have a question: can you define the best way to maintain social connections? what if i feel lonely in simple words for me clearly?,fact-30
Quick question: i have a question: any tips to maintain social connections? what if i feel lonely in simple words briefly clearly in simple words for me?,fact-30
What is the best way to maintain social connections? what if i feel lonely briefly?,fact-30
Could you define the best way to maintain social connections? what if i feel lonely in simple words briefly?,fact-30
I have a question: quick question: any tips to maintain social connections? what if i feel lonely briefly?,fact-30
Could you explain can you define the best way to maintain social connections? what if i feel lonely in simple words clearly?,fact-30
Quick question: what can i do to maintain social connections? what if i feel lonely for me?,fact-30
Quick question: any tips to maintain social connections? what if i feel lonely clearly?,fact-30
Any tips to maintain social connections? what if i feel lonely for me?,fact-30
I have a question: any tips to maintain social connections? what if i feel lonely in simple words briefly clearly for me for me please?,fact-30
Quick question: any tips to maintain social connections? what if i feel lonely clearly in simple words?,fact-30
Quick question: quick question: any tips to maintain social connections? what if i feel lonely clearly?,fact-30
What should i know about the best way to maintain social connections? what if i feel lonely briefly please?,fact-30
Quick question: tell me about the best way to maintain social connections? what if i feel lonely in simple words?,fact-30
Can you define the best way to maintain social connections? what if i feel lonely in simple words for me please?,fact-30
Any tips to maintain social connections? what if i feel lonely in simple words briefly in simple words?,fact-30
What is the difference between anxiety and stress?,fact-31
Can you define the difference between anxiety and stress?,fact-31
Could you define the difference between anxiety and stress?,fact-31
Explain the difference between anxiety and stress?,fact-31
Tell me about the difference between anxiety and stress?,fact-31
What does the difference between anxiety and stress mean?,fact-31
Give me a simple definition of the difference between anxiety and stress?,fact-31
Help me understand the difference between anxiety and stress?,fact-31
What should i know about the difference between anxiety and stress?,fact-31
What's the difference between anxiety and stress?,fact-31
Difference between anxiety and stress?,fact-31
How are anxiety and stress different?,fact-31
What's the difference between anxiety and stress for me?,fact-31
Explain the difference between anxiety and stress in simple words?,fact-31
Help me understand the difference between anxiety and stress please?,fact-31
Could you define the difference between anxiety and stress for me?,fact-31
Anxiety vs stress?,fact-31
Can you define the difference between anxiety and stress in simple words?,fact-31
How are anxiety and stress in simple words different?,fact-31
Tell me about the difference between anxiety and stress for me?,fact-31
What should i know about the difference between anxiety and stress in simple words?,fact-31
Difference between anxiety and stress please?,fact-31
Tell me about the difference between anxiety and stress for me for me?,fact-31
How are anxiety and stress please different?,fact-31
How are anxiety and stress for me different?,fact-31
Help me understand the difference between anxiety and stress for me?,fact-31
Could you define the difference between anxiety and stress clearly?,fact-31
Anxiety vs stress in simple words?,fact-31
Could you define the difference between anxiety and stress briefly?,fact-31
Difference between anxiety and stress briefly?,fact-31
Difference between anxiety and stress please in simple words?,fact-31
Could you tell me how are anxiety and stress different?,fact-31
Explain the difference between anxiety and stress in simple words for me?,fact-31
What is the difference between anxiety and stress in simple words?,fact-31
Could you define the difference between anxiety and stress briefly for me?,fact-31
Could you define the difference between anxiety and stress for me in simple words?,fact-31
I have a question: how are anxiety and stress for me different?,fact-31
Help me understand the difference between anxiety and stress in simple words?,fact-31
How are anxiety and stress briefly for me different?,fact-31
Can you define the difference between anxiety and stress for me?,fact-31
Anxiety vs stress in simple words for me?,fact-31
Could you tell me how are anxiety and stress different in simple words?,fact-31
Could you tell me how are anxiety and stress different in simple words in simple words?,fact-31
What's the difference between anxiety and stress in simple words?,fact-31
Give me a simple definition of the difference between anxiety and stress for me?,fact-31
What's the difference between anxiety and stress briefly for me?,fact-31
Anxiety vs stress in simple words for me please?,fact-31
Difference between anxiety and stress in simple words?,fact-31
Give me a simple definition of the difference between anxiety and stress in simple words?,fact-31
Anxiety vs stress for me?,fact-31
Could you tell me how are anxiety and stress different in simple words please?,fact-31
Difference between anxiety and stress in simple words please?,fact-31
How are anxiety and stress briefly different?,fact-31
Could you define the difference between anxiety and stress please?,fact-31
What's the difference between anxiety and stress for me in simple words?,fact-31
I have a question: how are anxiety and stress for me different in simple words?,fact-31
Quick question: anxiety vs stress?,fact-31
I'd like to know how are anxiety and stress for me different?,fact-31
Quick question: anxiety vs stress in simple words for me?,fact-31
Anxiety vs stress in simple words please?,fact-31
How are anxiety and stress for me different in simple words?,fact-31
Tell me about the difference between anxiety and stress please?,fact-31
What's the difference between anxiety and stress for me for me?,fact-31
How are anxiety and stress in simple words different for me?,fact-31
How are anxiety and stress briefly for me different briefly?,fact-31
How are anxiety and stress different clearly?,fact-31
Give me a simple definition of the difference between anxiety and stress in simple words please?,fact-31
Could you explain how are anxiety and stress for me different in simple words?,fact-31
Could you define the difference between anxiety and stress briefly clearly?,fact-31
Help me understand the difference between anxiety and stress in simple words in simple words?,fact-31
Difference between anxiety and stress in simple words for me?,fact-31
Can you explain how are anxiety and stress in simple words different?,fact-31
What does the difference between anxiety and stress mean for me?,fact-31
Could you tell me how are anxiety and stress different in simple words please please?,fact-31
Difference between anxiety and stress for me?,fact-31
Give me a simple definition of the difference between anxiety and stress for me clearly?,fact-31
Could you explain how are anxiety and stress different clearly?,fact-31
What should i know about the difference between anxiety and stress in simple words briefly?,fact-31
Explain the difference between anxiety and stress in simple words for me please?,fact-31
How are anxiety and stress please different in simple words?,fact-31
What is the difference between sadness and depression?,fact-32
Can you define the difference between sadness and depression?,fact-32
Could you define the difference between sadness and depression?,fact-32
Explain the difference between sadness and depression?,fact-32
Tell me about the difference between sadness and depression?,fact-32
What does the difference between sadness and depression mean?,fact-32
Give me a simple definition of the difference between sadness and depression?,fact-32
Help me understand the difference between sadness and depression?,fact-32
What should i know about the difference between sadness and depression?,fact-32
Difference between sadness and depression,fact-32
Can you help me difference between sadness and depression?,fact-32
Could you help me difference between sadness and depression?,fact-32
Please help me difference between sadness and depression,fact-32
I need help to difference between sadness and depression,fact-32
Show me how to difference between sadness and depression,fact-32
Guide me to difference between sadness and depression,fact-32
Can you explain how to difference between sadness and depression?,fact-32
I need support with difference between sadness and depression,fact-32
I want help with difference between sadness and depression,fact-32
Give me advice about difference between sadness and depression,fact-32
What's the difference between sadness and depression?,fact-32
I want help with difference between sadness and depression for me,fact-32
Give me advice about show me how to difference between sadness and depression,fact-32
Can you help me i need support with difference between sadness and depression?,fact-32
Difference between sadness and depression please,fact-32
What should i know about the difference between sadness and depression briefly?,fact-32
Sadness vs depression?,fact-32
How are sadness and depression different?,fact-32
Difference between sadness and depression?,fact-32
Explain the difference between sadness and depression for me?,fact-32
Could you define the difference between sadness and depression in simple words?,fact-32
Can you explain how to guide me to difference between sadness and depression?,fact-32
I want help with i want help with difference between sadness and depression for me,fact-32
I want help with give me advice about difference between sadness and depression,fact-32
Difference between sadness and depression for me,fact-32
Can you help me i need support with difference between sadness and depression clearly?,fact-32
Can you help me difference between sadness and depression in simple words?,fact-32
Please help me guide me to difference between sadness and depression,fact-32
Could you tell me how are sadness and depression different?,fact-32
Can you help me i need support with difference between sadness and depression in simple words?,fact-32
Sadness vs depression in simple words?,fact-32
Difference between sadness and depression in simple words?,fact-32
Can you explain how to guide me to difference between sadness and depression briefly?,fact-32
What's the difference between sadness and depression in simple words?,fact-32
Could you help me i need support with difference between sadness and depression?,fact-32
Please help me difference between sadness and depression for me,fact-32
Can you explain how to difference between sadness and depression please?,fact-32
Can you define the difference between sadness and depression for me?,fact-32
Guide me to please help me guide me to difference between sadness and depression,fact-32
Please help me please help me guide me to difference between sadness and depression,fact-32
Could you define the difference between sadness and depression for me?,fact-32
Can you explain how to difference between sadness and depression for me?,fact-32
Difference between sadness and depression in simple words in simple words?,fact-32
Difference between sadness and depression briefly?,fact-32
I want help with please help me please help me guide me to difference between sadness and depression,fact-32
How are sadness and depression please different?,fact-32
What should i know about the difference between sadness and depression for me?,fact-32
Can you help me i want help with i want help with difference between sadness and depression for me?,fact-32
How are sadness and depression briefly different?,fact-32
I want help with i want help with difference between sadness and depression for me briefly,fact-32
I want help with i want help with please help me please help me guide me to difference between sadness and depression,fact-32
What's the difference between sadness and depression in simple words for me?,fact-32
Could you help me difference between sadness and depression clearly?,fact-32
Show me how to i want help with i want help with please help me please help me guide me to difference between sadness and depression,fact-32
What does the difference between sadness and depression mean clearly?,fact-32
What's the difference between sadness and depression for me?,fact-32
Show me how to i want help with give me advice about difference between sadness and depression,fact-32
Explain the difference between sadness and depression for me briefly?,fact-32
Show me how to show me how to i want help with give me advice about difference between sadness and depression,fact-32
Can you explain how to please help me please help me guide me to difference between sadness and depression?,fact-32
I have a question: how are sadness and depression briefly different?,fact-32
What does the difference between sadness and depression mean in simple words?,fact-32
I need support with i need help to difference between sadness and depression,fact-32
How are sadness and depression clearly different?,fact-32
Can you explain how to please help me please help me guide me to difference between sadness and depression clearly?,fact-32
Show me how to guide me to please help me guide me to difference between sadness and depression,fact-32
Give me advice about show me how to guide me to please help me guide me to difference between sadness and depression,fact-32
Difference between sadness and depression in simple words,fact-32
Please help me guide me to please help me guide me to difference between sadness and depression,fact-32
Guide me to show me how to i want help with give me advice about difference between sadness and depression,fact-32
I'm angry,anger
I am angry,anger
I feel angry,anger
I've been angry,anger
I'm really angry,anger
I'm so angry,anger
I'm very angry,anger
I'm quite angry,anger
I'm extremely angry,anger
I'm angry lately,anger
"Lately, i'm angry",anger
I'm angry these days,anger
"These days, i'm angry",anger
I'm angry right now,anger
"Right now, i'm angry",anger
I'm angry today,anger
"Today, i'm angry",anger
I'm angry at the moment,anger
"At the moment, i'm angry",anger
"Honestly, i'm angry",anger
"To be honest, i'm angry",anger
I am really angry,anger
I am so angry,anger
I am very angry,anger
I am quite angry,anger
I am extremely angry,anger
I am angry lately,anger
"Lately, i am angry",anger
I am angry these days,anger
"These days, i am angry",anger
I am angry right now,anger
"Right now, i am angry",anger
I am angry today,anger
"Today, i am angry",anger
I am angry at the moment,anger
"At the moment, i am angry",anger
"Honestly, i am angry",anger
"To be honest, i am angry",anger
I feel really angry,anger
I feel so angry,anger
I feel very angry,anger
I feel quite angry,anger
I feel extremely angry,anger
I feel angry lately,anger
"Lately, i feel angry",anger
I feel angry these days,anger
"These days, i feel angry",anger
I feel angry right now,anger
"Right now, i feel angry",anger
I feel angry today,anger
"Today, i feel angry",anger
I feel angry at the moment,anger
"At the moment, i feel angry",anger
"Honestly, i feel angry",anger
"To be honest, i feel angry",anger
I've been angry lately,anger
"Lately, i've been angry",anger
I've been angry these days,anger
"These days, i've been angry",anger
I've been angry right now,anger
"Right now, i've been angry",anger
I've been angry today,anger
"Today, i've been angry",anger
I've been angry at the moment,anger
"At the moment, i've been angry",anger
"Honestly, i've been angry",anger
"To be honest, i've been angry",anger
I feel mad,anger
I'm mad,anger
I am mad,anger
I've been feeling mad,anger
I feel really mad,anger
I feel so mad,anger
I feel very mad,anger
I feel quite mad,anger
I feel extremely mad,anger
I feel mad lately,anger
"Lately, i feel mad",anger
I feel mad these days,anger
"These days, i feel mad",anger
I feel lonely,loneliness
I'm lonely,loneliness
I am lonely,loneliness
I've been feeling lonely,loneliness
I feel really lonely,loneliness
I feel so lonely,loneliness
I feel very lonely,loneliness
I feel quite lonely,loneliness
I feel extremely lonely,loneliness
I feel lonely lately,loneliness
"Lately, i feel lonely",loneliness
I feel lonely these days,loneliness
"These days, i feel lonely",loneliness
I feel lonely right now,loneliness
"Right now, i feel lonely",loneliness
I feel lonely today,loneliness
"Today, i feel lonely",loneliness
I feel lonely at the moment,loneliness
"At the moment, i feel lonely",loneliness
"Honestly, i feel lonely",loneliness
"To be honest, i feel lonely",loneliness
I'm really lonely,loneliness
I'm so lonely,loneliness
I'm very lonely,loneliness
I'm quite lonely,loneliness
I'm extremely lonely,loneliness
I'm lonely lately,loneliness
"Lately, i'm lonely",loneliness
I'm lonely these days,loneliness
"These days, i'm lonely",loneliness
I'm lonely right now,loneliness
"Right now, i'm lonely",loneliness
I'm lonely today,loneliness
"Today, i'm lonely",loneliness
I'm lonely at the moment,loneliness
"At the moment, i'm lonely",loneliness
"Honestly, i'm lonely",loneliness
"To be honest, i'm lonely",loneliness
I am really lonely,loneliness
I am so lonely,loneliness
I am very lonely,loneliness
I am quite lonely,loneliness
I am extremely lonely,loneliness
I am lonely lately,loneliness
"Lately, i am lonely",loneliness
I am lonely these days,loneliness
"These days, i am lonely",loneliness
I am lonely right now,loneliness
"Right now, i am lonely",loneliness
I am lonely today,loneliness
"Today, i am lonely",loneliness
I am lonely at the moment,loneliness
"At the moment, i am lonely",loneliness
"Honestly, i am lonely",loneliness
"To be honest, i am lonely",loneliness
I've been feeling lonely lately,loneliness
"Lately, i've been feeling lonely",loneliness
I've been feeling lonely these days,loneliness
"These days, i've been feeling lonely",loneliness
I've been feeling lonely right now,loneliness
"Right now, i've been feeling lonely",loneliness
I've been feeling lonely today,loneliness
"Today, i've been feeling lonely",loneliness
I've been feeling lonely at the moment,loneliness
"At the moment, i've been feeling lonely",loneliness
"Honestly, i've been feeling lonely",loneliness
"To be honest, i've been feeling lonely",loneliness
I'm alone,loneliness
I am alone,loneliness
I feel alone,loneliness
I've been alone,loneliness
I'm really alone,loneliness
I'm so alone,loneliness
I'm very alone,loneliness
I'm quite alone,loneliness
I'm extremely alone,loneliness
I'm alone lately,loneliness
"Lately, i'm alone",loneliness
I'm alone these days,loneliness
"These days, i'm alone",loneliness
I'm grieving,grief
I am grieving,grief
I feel grieving,grief
I've been grieving,grief
I'm really grieving,grief
I'm so grieving,grief
I'm very grieving,grief
I'm quite grieving,grief
I'm extremely grieving,grief
I'm grieving lately,grief
"Lately, i'm grieving",grief
I'm grieving these days,grief
"These days, i'm grieving",grief
I'm grieving right now,grief
"Right now, i'm grieving",grief
I'm grieving today,grief
"Today, i'm grieving",grief
I'm grieving at the moment,grief
"At the moment, i'm grieving",grief
"Honestly, i'm grieving",grief
"To be honest, i'm grieving",grief
I am really grieving,grief
I am so grieving,grief
I am very grieving,grief
I am quite grieving,grief
I am extremely grieving,grief
I am grieving lately,grief
"Lately, i am grieving",grief
I am grieving these days,grief
"These days, i am grieving",grief
I am grieving right now,grief
"Right now, i am grieving",grief
I am grieving today,grief
"Today, i am grieving",grief
I am grieving at the moment,grief
"At the moment, i am grieving",grief
"Honestly, i am grieving",grief
"To be honest, i am grieving",grief
I feel really grieving,grief
I feel so grieving,grief
I feel very grieving,grief
I feel quite grieving,grief
I feel extremely grieving,grief
I feel grieving lately,grief
"Lately, i feel grieving",grief
I feel grieving these days,grief
"These days, i feel grieving",grief
I feel grieving right now,grief
"Right now, i feel grieving",grief
I feel grieving today,grief
"Today, i feel grieving",grief
I feel grieving at the moment,grief
"At the moment, i feel grieving",grief
"Honestly, i feel grieving",grief
"To be honest, i feel grieving",grief
I've been grieving lately,grief
"Lately, i've been grieving",grief
I've been grieving these days,grief
"These days, i've been grieving",grief
I've been grieving right now,grief
"Right now, i've been grieving",grief
I've been grieving today,grief
"Today, i've been grieving",grief
I've been grieving at the moment,grief
"At the moment, i've been grieving",grief
"Honestly, i've been grieving",grief
"To be honest, i've been grieving",grief
I'm dealing with loss,grief
I am dealing with loss,grief
I feel dealing with loss,grief
I've been dealing with loss,grief
I'm really dealing with loss,grief
I'm so dealing with loss,grief
I'm very dealing with loss,grief
I'm quite dealing with loss,grief
I'm extremely dealing with loss,grief
I'm dealing with loss lately,grief
"Lately, i'm dealing with loss",grief
I'm dealing with loss these days,grief
"These days, i'm dealing with loss",grief
I think i'm having a panic attack,panic-attack
I think i'm really having a panic attack,panic-attack
I think i'm so having a panic attack,panic-attack
I think i'm very having a panic attack,panic-attack
I think i'm quite having a panic attack,panic-attack
I think i'm extremely having a panic attack,panic-attack
I think i'm having a panic attack lately,panic-attack
"Lately, i think i'm having a panic attack",panic-attack
I think i'm having a panic attack these days,panic-attack
"These days, i think i'm having a panic attack",panic-attack
I think i'm having a panic attack right now,panic-attack
"Right now, i think i'm having a panic attack",panic-attack
I think i'm having a panic attack today,panic-attack
"Today, i think i'm having a panic attack",panic-attack
I think i'm having a panic attack at the moment,panic-attack
"At the moment, i think i'm having a panic attack",panic-attack
"Honestly, i think i'm having a panic attack",panic-attack
"To be honest, i think i'm having a panic attack",panic-attack
I'm panicking right now,panic-attack
I am panicking right now,panic-attack
I feel panicking right now,panic-attack
I've been panicking right now,panic-attack
I'm really panicking right now,panic-attack
I'm so panicking right now,panic-attack
I'm very panicking right now,panic-attack
I'm quite panicking right now,panic-attack
I'm extremely panicking right now,panic-attack
I'm panicking right now lately,panic-attack
"Lately, i'm panicking right now",panic-attack
I'm panicking right now these days,panic-attack
"These days, i'm panicking right now",panic-attack
I'm panicking right now right now,panic-attack
"Right now, i'm panicking right now",panic-attack
I'm panicking right now today,panic-attack
"Today, i'm panicking right now",panic-attack
I'm panicking right now at the moment,panic-attack
"At the moment, i'm panicking right now",panic-attack
"Honestly, i'm panicking right now",panic-attack
"To be honest, i'm panicking right now",panic-attack
I am really panicking right now,panic-attack
I am so panicking right now,panic-attack
I am very panicking right now,panic-attack
I am quite panicking right now,panic-attack
I am extremely panicking right now,panic-attack
I am panicking right now lately,panic-attack
"Lately, i am panicking right now",panic-attack
I am panicking right now these days,panic-attack
"These days, i am panicking right now",panic-attack
I am panicking right now right now,panic-attack
"Right now, i am panicking right now",panic-attack
I am panicking right now today,panic-attack
"Today, i am panicking right now",panic-attack
I am panicking right now at the moment,panic-attack
"At the moment, i am panicking right now",panic-attack
"Honestly, i am panicking right now",panic-attack
"To be honest, i am panicking right now",panic-attack
I feel really panicking right now,panic-attack
I feel so panicking right now,panic-attack
I feel very panicking right now,panic-attack
I feel quite panicking right now,panic-attack
I feel extremely panicking right now,panic-attack
I feel panicking right now lately,panic-attack
"Lately, i feel panicking right now",panic-attack
I feel panicking right now these days,panic-attack
"These days, i feel panicking right now",panic-attack
I feel panicking right now right now,panic-attack
"Right now, i feel panicking right now",panic-attack
I feel panicking right now today,panic-attack
"Today, i feel panicking right now",panic-attack
I feel panicking right now at the moment,panic-attack
"At the moment, i feel panicking right now",panic-attack
"Honestly, i feel panicking right now",panic-attack
"To be honest, i feel panicking right now",panic-attack
I've been panicking right now lately,panic-attack
"Lately, i've been panicking right now",panic-attack
I've been panicking right now these days,panic-attack
"These days, i've been panicking right now",panic-attack
I've been panicking right now right now,panic-attack
"Right now, i've been panicking right now",panic-attack
I've been panicking right now today,panic-attack
How can i take care of myself?,self-care
How do i take care of myself?,self-care
What can i do to take care of myself?,self-care
What's the best way to take care of myself?,self-care
Any tips to take care of myself?,self-care
What is self-care?,self-care
Can you define self-care?,self-care
Could you define self-care?,self-care
Explain self-care?,self-care
Tell me about self-care?,self-care
What does self-care mean?,self-care
Give me a simple definition of self-care?,self-care
Help me understand self-care?,self-care
What should i know about self-care?,self-care
Tips for self-care,self-care
Can you help me tips for self-care?,self-care
Could you help me tips for self-care?,self-care
Please help me tips for self-care,self-care
I need help to tips for self-care,self-care
Show me how to tips for self-care,self-care
Guide me to tips for self-care,self-care
Can you explain how to tips for self-care?,self-care
I need support with tips for self-care,self-care
I want help with tips for self-care,self-care
Give me advice about tips for self-care,self-care
I need self-care advice,self-care
Can you help me i need self-care advice?,self-care
Could you help me i need self-care advice?,self-care
Please help me i need self-care advice,self-care
I need help to i need self-care advice,self-care
Show me how to i need self-care advice,self-care
Guide me to i need self-care advice,self-care
Can you explain how to i need self-care advice?,self-care
I need support with i need self-care advice,self-care
I want help with i need self-care advice,self-care
Give me advice about i need self-care advice,self-care
How to practice self-care?,self-care
Can you explain how to practice self-care?,self-care
Could you explain how to practice self-care?,self-care
Can you tell me how to practice self-care?,self-care
Could you tell me how to practice self-care?,self-care
Help me understand how to practice self-care?,self-care
I want to know how to practice self-care?,self-care
I'd like to know how to practice self-care?,self-care
How to practice self-care please?,self-care
How to practice self-care briefly?,self-care
How to practice self-care in simple words?,self-care
How to practice self-care clearly?,self-care
How to practice self-care for me?,self-care
Quick question: how to practice self-care?,self-care
I have a question: how to practice self-care?,self-care
I want to feel better about myself,self-care
Can you help me i want to feel better about myself?,self-care
Could you help me i want to feel better about myself?,self-care
Please help me i want to feel better about myself,self-care
I need help to i want to feel better about myself,self-care
Show me how to i want to feel better about myself,self-care
Guide me to i want to feel better about myself,self-care
Can you explain how to i want to feel better about myself?,self-care
I need support with i want to feel better about myself,self-care
I want help with i want to feel better about myself,self-care
Give me advice about i want to feel better about myself,self-care
Self care routine,self-care
Can you help me self care routine?,self-care
Could you help me self care routine?,self-care
Please help me self care routine,self-care
I need help to self care routine,self-care
Show me how to self care routine,self-care
Guide me to self care routine,self-care
Can you explain how to self care routine?,self-care
I need support with self care routine,self-care
I want help with self care routine,self-care
Give me advice about self care routine,self-care
I need self care tips,self-care
Can you help me i need self care tips?,self-care
Could you help me i need self care tips?,self-care
Please help me i need self care tips,self-care
I need help to i need self care tips,self-care
Show me how to i need self care tips,self-care
Guide me to i need self care tips,self-care
I need motivation,motivation
Can you help me i need motivation?,motivation
Could you help me i need motivation?,motivation
Please help me i need motivation,motivation
I need help to i need motivation,motivation
Show me how to i need motivation,motivation
Guide me to i need motivation,motivation
Can you explain how to i need motivation?,motivation
I need support with i need motivation,motivation
I want help with i need motivation,motivation
Give me advice about i need motivation,motivation
I have no motivation,motivation
Can you help me i have no motivation?,motivation
Could you help me i have no motivation?,motivation
Please help me i have no motivation,motivation
I need help to i have no motivation,motivation
Show me how to i have no motivation,motivation
Guide me to i have no motivation,motivation
Can you explain how to i have no motivation?,motivation
I need support with i have no motivation,motivation
I want help with i have no motivation,motivation
Give me advice about i have no motivation,motivation
I can't get started,motivation
Can you help me i can't get started?,motivation
Could you help me i can't get started?,motivation
Please help me i can't get started,motivation
I need help to i can't get started,motivation
Show me how to i can't get started,motivation
Guide me to i can't get started,motivation
Can you explain how to i can't get started?,motivation
I need support with i can't get started,motivation
I want help with i can't get started,motivation
Give me advice about i can't get started,motivation
Motivate me,motivation
Can you help me motivate me?,motivation
Could you help me motivate me?,motivation
Please help me motivate me,motivation
I need help to motivate me,motivation
Show me how to motivate me,motivation
Guide me to motivate me,motivation
Can you explain how to motivate me?,motivation
I need support with motivate me,motivation
I want help with motivate me,motivation
Give me advice about motivate me,motivation
I feel unmotivated,motivation
Can you help me i feel unmotivated?,motivation
Could you help me i feel unmotivated?,motivation
Please help me i feel unmotivated,motivation
I need help to i feel unmotivated,motivation
Show me how to i feel unmotivated,motivation
Guide me to i feel unmotivated,motivation
Can you explain how to i feel unmotivated?,motivation
I need support with i feel unmotivated,motivation
I want help with i feel unmotivated,motivation
Give me advice about i feel unmotivated,motivation
I lost my drive,motivation
Can you help me i lost my drive?,motivation
Could you help me i lost my drive?,motivation
Please help me i lost my drive,motivation
I need help to i lost my drive,motivation
Show me how to i lost my drive,motivation
Guide me to i lost my drive,motivation
Can you explain how to i lost my drive?,motivation
I need support with i lost my drive,motivation
I want help with i lost my drive,motivation
Give me advice about i lost my drive,motivation
Why should i keep going?,motivation
Can you explain why should i keep going?,motivation
Could you explain why should i keep going?,motivation
Can you tell me why should i keep going?,motivation
Could you tell me why should i keep going?,motivation
Help me understand why should i keep going?,motivation
I want to know why should i keep going?,motivation
I'd like to know why should i keep going?,motivation
Why should i keep going please?,motivation
Why should i keep going briefly?,motivation
Why should i keep going in simple words?,motivation
Why should i keep going clearly?,motivation
Why should i keep going for me?,motivation
Quick question: why should i keep going?,motivation
I feel grateful,gratitude
Can you help me i feel grateful?,gratitude
Could you help me i feel grateful?,gratitude
Please help me i feel grateful,gratitude
I need help to i feel grateful,gratitude
Show me how to i feel grateful,gratitude
Guide me to i feel grateful,gratitude
Can you explain how to i feel grateful?,gratitude
I need support with i feel grateful,gratitude
I want help with i feel grateful,gratitude
Give me advice about i feel grateful,gratitude
I want to practice gratitude,gratitude
Can you help me i want to practice gratitude?,gratitude
Could you help me i want to practice gratitude?,gratitude
Please help me i want to practice gratitude,gratitude
I need help to i want to practice gratitude,gratitude
Show me how to i want to practice gratitude,gratitude
Guide me to i want to practice gratitude,gratitude
Can you explain how to i want to practice gratitude?,gratitude
I need support with i want to practice gratitude,gratitude
I want help with i want to practice gratitude,gratitude
Give me advice about i want to practice gratitude,gratitude
Thank you for being here,gratitude
Can you help me thank you for being here?,gratitude
Could you help me thank you for being here?,gratitude
Please help me thank you for being here,gratitude
I need help to thank you for being here,gratitude
Show me how to thank you for being here,gratitude
Guide me to thank you for being here,gratitude
Can you explain how to thank you for being here?,gratitude
I need support with thank you for being here,gratitude
I want help with thank you for being here,gratitude
Give me advice about thank you for being here,gratitude
I appreciate this,gratitude
Can you help me i appreciate this?,gratitude
Could you help me i appreciate this?,gratitude
Please help me i appreciate this,gratitude
I need help to i appreciate this,gratitude
Show me how to i appreciate this,gratitude
Guide me to i appreciate this,gratitude
Can you explain how to i appreciate this?,gratitude
I need support with i appreciate this,gratitude
I want help with i appreciate this,gratitude
Give me advice about i appreciate this,gratitude
I'm thankful,gratitude
Can you help me i'm thankful?,gratitude
Could you help me i'm thankful?,gratitude
Please help me i'm thankful,gratitude
I need help to i'm thankful,gratitude
Show me how to i'm thankful,gratitude
Guide me to i'm thankful,gratitude
Can you explain how to i'm thankful?,gratitude
I need support with i'm thankful,gratitude
I want help with i'm thankful,gratitude
Give me advice about i'm thankful,gratitude
How can i be more grateful?,gratitude
How do i be more grateful?,gratitude
What can i do to be more grateful?,gratitude
What's the best way to be more grateful?,gratitude
Any tips to be more grateful?,gratitude
Im grateful,gratitude
Can you help me im grateful?,gratitude
Could you help me im grateful?,gratitude
Please help me im grateful,gratitude
I need help to im grateful,gratitude
Show me how to im grateful,gratitude
Guide me to im grateful,gratitude
Can you explain how to im grateful?,gratitude
I need support with im grateful,gratitude
I want help with im grateful,gratitude
Give me advice about im grateful,gratitude
I feel thankful,gratitude
Can you help me i feel thankful?,gratitude
Could you help me i feel thankful?,gratitude
Please help me i feel thankful,gratitude
I need help to i feel thankful,gratitude
Show me how to i feel thankful,gratitude
Guide me to i feel thankful,gratitude
Can you explain how to i feel thankful?,gratitude
I need support with i feel thankful,gratitude
I feel burned out,burnout
I'm burned out,burnout
I am burned out,burnout
I've been feeling burned out,burnout
I feel really burned out,burnout
I feel so burned out,burnout
I feel very burned out,burnout
I feel quite burned out,burnout
I feel extremely burned out,burnout
I feel burned out lately,burnout
"Lately, i feel burned out",burnout
I feel burned out these days,burnout
"These days, i feel burned out",burnout
I feel burned out right now,burnout
"Right now, i feel burned out",burnout
I feel burned out today,burnout
"Today, i feel burned out",burnout
I feel burned out at the moment,burnout
"At the moment, i feel burned out",burnout
"Honestly, i feel burned out",burnout
"To be honest, i feel burned out",burnout
I'm really burned out,burnout
I'm so burned out,burnout
I'm very burned out,burnout
I'm quite burned out,burnout
I'm extremely burned out,burnout
I'm burned out lately,burnout
"Lately, i'm burned out",burnout
I'm burned out these days,burnout
"These days, i'm burned out",burnout
I'm burned out right now,burnout
"Right now, i'm burned out",burnout
I'm burned out today,burnout
"Today, i'm burned out",burnout
I'm burned out at the moment,burnout
"At the moment, i'm burned out",burnout
"Honestly, i'm burned out",burnout
"To be honest, i'm burned out",burnout
I am really burned out,burnout
I am so burned out,burnout
I am very burned out,burnout
I am quite burned out,burnout
I am extremely burned out,burnout
I am burned out lately,burnout
"Lately, i am burned out",burnout
I am burned out these days,burnout
"These days, i am burned out",burnout
I am burned out right now,burnout
"Right now, i am burned out",burnout
I am burned out today,burnout
"Today, i am burned out",burnout
I am burned out at the moment,burnout
"At the moment, i am burned out",burnout
"Honestly, i am burned out",burnout
"To be honest, i am burned out",burnout
I've been feeling burned out lately,burnout
"Lately, i've been feeling burned out",burnout
I've been feeling burned out these days,burnout
"These days, i've been feeling burned out",burnout
I've been feeling burned out right now,burnout
"Right now, i've been feeling burned out",burnout
I've been feeling burned out today,burnout
"Today, i've been feeling burned out",burnout
I've been feeling burned out at the moment,burnout
"At the moment, i've been feeling burned out",burnout
"Honestly, i've been feeling burned out",burnout
"To be honest, i've been feeling burned out",burnout
I'm exhausted from everything,burnout
I am exhausted from everything,burnout
I feel exhausted from everything,burnout
I've been exhausted from everything,burnout
I'm really exhausted from everything,burnout
I'm so exhausted from everything,burnout
I'm very exhausted from everything,burnout
I'm quite exhausted from everything,burnout
I'm extremely exhausted from everything,burnout
I'm exhausted from everything lately,burnout
"Lately, i'm exhausted from everything",burnout
I'm exhausted from everything these days,burnout
"These days, i'm exhausted from everything",burnout
Should i see a therapist?,therapy
Should i see a therapist please?,therapy
Should i see a therapist briefly?,therapy
Should i see a therapist in simple words?,therapy
Should i see a therapist clearly?,therapy
Should i see a therapist for me?,therapy
Quick question: should i see a therapist?,therapy
I have a question: should i see a therapist?,therapy
How can i find a therapist?,therapy
How do i find a therapist?,therapy
What can i do to find a therapist?,therapy
What's the best way to find a therapist?,therapy
Any tips to find a therapist?,therapy
Is therapy right for me?,therapy
Can you explain is therapy right for me?,therapy
Could you explain is therapy right for me?,therapy
Can you tell me is therapy right for me?,therapy
Could you tell me is therapy right for me?,therapy
Help me understand is therapy right for me?,therapy
I want to know is therapy right for me?,therapy
I'd like to know is therapy right for me?,therapy
Is therapy right for me please?,therapy
Is therapy right for me briefly?,therapy
Is therapy right for me in simple words?,therapy
Is therapy right for me clearly?,therapy
Is therapy right for me for me?,therapy
Quick question: is therapy right for me?,therapy
I have a question: is therapy right for me?,therapy
What does therapy do?,therapy
Can you explain what does therapy do?,therapy
Could you explain what does therapy do?,therapy
Can you tell me what does therapy do?,therapy
Could you tell me what does therapy do?,therapy
Help me understand what does therapy do?,therapy
I want to know what does therapy do?,therapy
I'd like to know what does therapy do?,therapy
What does therapy do please?,therapy
What does therapy do briefly?,therapy
What does therapy do in simple words?,therapy
What does therapy do clearly?,therapy
What does therapy do for me?,therapy
Quick question: what does therapy do?,therapy
I have a question: what does therapy do?,therapy
I want to start therapy,therapy
Can you help me i want to start therapy?,therapy
Could you help me i want to start therapy?,therapy
Please help me i want to start therapy,therapy
I need help to i want to start therapy,therapy
Show me how to i want to start therapy,therapy
Guide me to i want to start therapy,therapy
Can you explain how to i want to start therapy?,therapy
I need support with i want to start therapy,therapy
I want help with i want to start therapy,therapy
Give me advice about i want to start therapy,therapy
Tell me about therapy,therapy
Can you help me tell me about therapy?,therapy
Could you help me tell me about therapy?,therapy
Please help me tell me about therapy,therapy
I need help to tell me about therapy,therapy
Show me how to tell me about therapy,therapy
Guide me to tell me about therapy,therapy
Can you explain how to tell me about therapy?,therapy
I need support with tell me about therapy,therapy
I want help with tell me about therapy,therapy
Give me advice about tell me about therapy,therapy
Could you help me i want to start therapy for me?,therapy
Can you explain how to i need support with tell me about therapy?,therapy
Can you tell me is therapy right for me please?,therapy
How do i find a therapist in simple words?,therapy
I have a question: is therapy right for me briefly?,therapy
Could you explain is therapy right for me in simple words?,therapy
I want help with please help me i want to start therapy,therapy
Could you explain is therapy right for me clearly?,therapy
I have a question: what does therapy do please?,therapy
Can you explain how to tell me about therapy in simple words?,therapy
I'd like to know can you explain how to tell me about therapy?,therapy
Quick question: is therapy right for me briefly?,therapy
I want help with i want to start therapy briefly,therapy
Should i see a therapist for me briefly?,therapy
I have a question: what does therapy do please briefly?,therapy
Teach me a breathing exercise,breathing-exercise
Can you help me teach me a breathing exercise?,breathing-exercise
Could you help me teach me a breathing exercise?,breathing-exercise
Please help me teach me a breathing exercise,breathing-exercise
I need help to teach me a breathing exercise,breathing-exercise
Show me how to teach me a breathing exercise,breathing-exercise
Guide me to teach me a breathing exercise,breathing-exercise
Can you explain how to teach me a breathing exercise?,breathing-exercise
I need support with teach me a breathing exercise,breathing-exercise
I want help with teach me a breathing exercise,breathing-exercise
Give me advice about teach me a breathing exercise,breathing-exercise
How can i breathe to calm down?,breathing-exercise
How do i breathe to calm down?,breathing-exercise
What can i do to breathe to calm down?,breathing-exercise
What's the best way to breathe to calm down?,breathing-exercise
Any tips to breathe to calm down?,breathing-exercise
Breathing techniques,breathing-exercise
Can you help me breathing techniques?,breathing-exercise
Could you help me breathing techniques?,breathing-exercise
Please help me breathing techniques,breathing-exercise
I need help to breathing techniques,breathing-exercise
Show me how to breathing techniques,breathing-exercise
Guide me to breathing techniques,breathing-exercise
Can you explain how to breathing techniques?,breathing-exercise
I need support with breathing techniques,breathing-exercise
I want help with breathing techniques,breathing-exercise
Give me advice about breathing techniques,breathing-exercise
I need a breathing exercise,breathing-exercise
Can you help me i need a breathing exercise?,breathing-exercise
Could you help me i need a breathing exercise?,breathing-exercise
Please help me i need a breathing exercise,breathing-exercise
I need help to i need a breathing exercise,breathing-exercise
Show me how to i need a breathing exercise,breathing-exercise
Guide me to i need a breathing exercise,breathing-exercise
Can you explain how to i need a breathing exercise?,breathing-exercise
I need support with i need a breathing exercise,breathing-exercise
I want help with i need a breathing exercise,breathing-exercise
Give me advice about i need a breathing exercise,breathing-exercise
Help me breathe,breathing-exercise
Can you help me help me breathe?,breathing-exercise
Could you help me help me breathe?,breathing-exercise
Please help me help me breathe,breathing-exercise
I need help to help me breathe,breathing-exercise
Show me how to help me breathe,breathing-exercise
Guide me to help me breathe,breathing-exercise
Can you explain how to help me breathe?,breathing-exercise
I need support with help me breathe,breathing-exercise
I want help with help me breathe,breathing-exercise
Give me advice about help me breathe,breathing-exercise
Teach me to breathe,breathing-exercise
Can you help me teach me to breathe?,breathing-exercise
Could you help me teach me to breathe?,breathing-exercise
Please help me teach me to breathe,breathing-exercise
I need help to teach me to breathe,breathing-exercise
Show me how to teach me to breathe,breathing-exercise
Guide me to teach me to breathe,breathing-exercise
Can you explain how to teach me to breathe?,breathing-exercise
I need support with teach me to breathe,breathing-exercise
I want help with teach me to breathe,breathing-exercise
Give me advice about teach me to breathe,breathing-exercise
Calm my breathing,breathing-exercise
Can you help me calm my breathing?,breathing-exercise
Could you help me calm my breathing?,breathing-exercise
Please help me calm my breathing,breathing-exercise
I need help to calm my breathing,breathing-exercise
Show me how to calm my breathing,breathing-exercise
Guide me to calm my breathing,breathing-exercise
Can you explain how to calm my breathing?,breathing-exercise
I need support with calm my breathing,breathing-exercise
I want help with calm my breathing,breathing-exercise
Give me advice about calm my breathing,breathing-exercise
Can you help me breathing techniques in simple words?,breathing-exercise
Show me how to calm my breathing for me,breathing-exercise
Could you help me breathing techniques briefly?,breathing-exercise
Could you help me guide me to i need a breathing exercise?,breathing-exercise
Guide me to guide me to calm my breathing,breathing-exercise
Give me advice about show me how to calm my breathing for me,breathing-exercise
Could you help me teach me a breathing exercise clearly?,breathing-exercise
Please help me give me advice about teach me a breathing exercise,breathing-exercise
I want help with i need support with teach me to breathe,breathing-exercise
Tell me something positive,positive-affirmation
Can you help me tell me something positive?,positive-affirmation
Could you help me tell me something positive?,positive-affirmation
Please help me tell me something positive,positive-affirmation
I need help to tell me something positive,positive-affirmation
Show me how to tell me something positive,positive-affirmation
Guide me to tell me something positive,positive-affirmation
Can you explain how to tell me something positive?,positive-affirmation
I need support with tell me something positive,positive-affirmation
I want help with tell me something positive,positive-affirmation
Give me advice about tell me something positive,positive-affirmation
Give me an affirmation,positive-affirmation
Can you help me give me an affirmation?,positive-affirmation
Could you help me give me an affirmation?,positive-affirmation
Please help me give me an affirmation,positive-affirmation
I need help to give me an affirmation,positive-affirmation
Show me how to give me an affirmation,positive-affirmation
Guide me to give me an affirmation,positive-affirmation
Can you explain how to give me an affirmation?,positive-affirmation
I need support with give me an affirmation,positive-affirmation
I want help with give me an affirmation,positive-affirmation
Give me advice about give me an affirmation,positive-affirmation
I need positive words,positive-affirmation
Can you help me i need positive words?,positive-affirmation
Could you help me i need positive words?,positive-affirmation
Please help me i need positive words,positive-affirmation
I need help to i need positive words,positive-affirmation
Show me how to i need positive words,positive-affirmation
Guide me to i need positive words,positive-affirmation
Can you explain how to i need positive words?,positive-affirmation
I need support with i need positive words,positive-affirmation
I want help with i need positive words,positive-affirmation
Give me advice about i need positive words,positive-affirmation
Say something nice to me,positive-affirmation
Can you help me say something nice to me?,positive-affirmation
Could you help me say something nice to me?,positive-affirmation
Please help me say something nice to me,positive-affirmation
I need help to say something nice to me,positive-affirmation
Show me how to say something nice to me,positive-affirmation
Guide me to say something nice to me,positive-affirmation
Can you explain how to say something nice to me?,positive-affirmation
I need support with say something nice to me,positive-affirmation
I want help with say something nice to me,positive-affirmation
Give me advice about say something nice to me,positive-affirmation
Affirmation please,positive-affirmation
Can you help me affirmation please?,positive-affirmation
Could you help me affirmation please?,positive-affirmation
Please help me affirmation please,positive-affirmation
I need help to affirmation please,positive-affirmation
Show me how to affirmation please,positive-affirmation
Guide me to affirmation please,positive-affirmation
Can you explain how to affirmation please?,positive-affirmation
I need support with affirmation please,positive-affirmation
I want help with affirmation please,positive-affirmation
Give me advice about affirmation please,positive-affirmation
Encourage me,positive-affirmation
Can you help me encourage me?,positive-affirmation
Could you help me encourage me?,positive-affirmation
Please help me encourage me,positive-affirmation
I need help to encourage me,positive-affirmation
Show me how to encourage me,positive-affirmation
Guide me to encourage me,positive-affirmation
Can you explain how to encourage me?,positive-affirmation
I need support with encourage me,positive-affirmation
I want help with encourage me,positive-affirmation
Give me advice about encourage me,positive-affirmation
Affirmation pls,positive-affirmation
Can you help me affirmation pls?,positive-affirmation
Could you help me affirmation pls?,positive-affirmation
Please help me affirmation pls,positive-affirmation
I need help to affirmation pls,positive-affirmation
Show me how to affirmation pls,positive-affirmation
Guide me to affirmation pls,positive-affirmation
Can you explain how to affirmation pls?,positive-affirmation
I need support with affirmation pls,positive-affirmation
I want help with affirmation pls,positive-affirmation
Give me advice about affirmation pls,positive-affirmation
Can you explain how to show me how to encourage me?,positive-affirmation
Please help me give me advice about give me an affirmation,positive-affirmation
I want help with i need support with affirmation please,positive-affirmation
I have low self-esteem,low-self-esteem
I have low self-esteem lately,low-self-esteem
"Lately, i have low self-esteem",low-self-esteem
I have low self-esteem these days,low-self-esteem
"These days, i have low self-esteem",low-self-esteem
I have low self-esteem right now,low-self-esteem
"Right now, i have low self-esteem",low-self-esteem
I have low self-esteem today,low-self-esteem
"Today, i have low self-esteem",low-self-esteem
I have low self-esteem at the moment,low-self-esteem
"At the moment, i have low self-esteem",low-self-esteem
"Honestly, i have low self-esteem",low-self-esteem
"To be honest, i have low self-esteem",low-self-esteem
I don't believe in myself,low-self-esteem
I don't believe in myself lately,low-self-esteem
"Lately, i don't believe in myself",low-self-esteem
I don't believe in myself these days,low-self-esteem
"These days, i don't believe in myself",low-self-esteem
I don't believe in myself right now,low-self-esteem
"Right now, i don't believe in myself",low-self-esteem
I don't believe in myself today,low-self-esteem
"Today, i don't believe in myself",low-self-esteem
I don't believe in myself at the moment,low-self-esteem
"At the moment, i don't believe in myself",low-self-esteem
"Honestly, i don't believe in myself",low-self-esteem
"To be honest, i don't believe in myself",low-self-esteem
I feel insecure about myself,low-self-esteem
I'm insecure about myself,low-self-esteem
I am insecure about myself,low-self-esteem
I've been feeling insecure about myself,low-self-esteem
I feel really insecure about myself,low-self-esteem
I feel so insecure about myself,low-self-esteem
I feel very insecure about myself,low-self-esteem
I feel quite insecure about myself,low-self-esteem
I feel extremely insecure about myself,low-self-esteem
I feel insecure about myself lately,low-self-esteem
"Lately, i feel insecure about myself",low-self-esteem
I feel insecure about myself these days,low-self-esteem
"These days, i feel insecure about myself",low-self-esteem
I feel insecure about myself right now,low-self-esteem
"Right now, i feel insecure about myself",low-self-esteem
I feel insecure about myself today,low-self-esteem
"Today, i feel insecure about myself",low-self-esteem
I feel insecure about myself at the moment,low-self-esteem
"At the moment, i feel insecure about myself",low-self-esteem
"Honestly, i feel insecure about myself",low-self-esteem
"To be honest, i feel insecure about myself",low-self-esteem
I'm really insecure about myself,low-self-esteem
I'm so insecure about myself,low-self-esteem
I'm very insecure about myself,low-self-esteem
I'm quite insecure about myself,low-self-esteem
I'm extremely insecure about myself,low-self-esteem
I'm insecure about myself lately,low-self-esteem
"Lately, i'm insecure about myself",low-self-esteem
I'm insecure about myself these days,low-self-esteem
"These days, i'm insecure about myself",low-self-esteem
I'm insecure about myself right now,low-self-esteem
"Right now, i'm insecure about myself",low-self-esteem
I'm insecure about myself today,low-self-esteem
"Today, i'm insecure about myself",low-self-esteem
I'm insecure about myself at the moment,low-self-esteem
"At the moment, i'm insecure about myself",low-self-esteem
"Honestly, i'm insecure about myself",low-self-esteem
"To be honest, i'm insecure about myself",low-self-esteem
I am really insecure about myself,low-self-esteem
I am so insecure about myself,low-self-esteem
I am very insecure about myself,low-self-esteem
I am quite insecure about myself,low-self-esteem
I am extremely insecure about myself,low-self-esteem
I am insecure about myself lately,low-self-esteem
"Lately, i am insecure about myself",low-self-esteem
I am insecure about myself these days,low-self-esteem
"These days, i am insecure about myself",low-self-esteem
I am insecure about myself right now,low-self-esteem
"Right now, i am insecure about myself",low-self-esteem
I am insecure about myself today,low-self-esteem
"Today, i am insecure about myself",low-self-esteem
I am insecure about myself at the moment,low-self-esteem
"At the moment, i am insecure about myself",low-self-esteem
"Honestly, i am insecure about myself",low-self-esteem
I'm having relationship problems,relationship-issues
I am having relationship problems,relationship-issues
I feel having relationship problems,relationship-issues
I've been having relationship problems,relationship-issues
I'm really having relationship problems,relationship-issues
I'm so having relationship problems,relationship-issues
I'm very having relationship problems,relationship-issues
I'm quite having relationship problems,relationship-issues
I'm extremely having relationship problems,relationship-issues
I'm having relationship problems lately,relationship-issues
"Lately, i'm having relationship problems",relationship-issues
I'm having relationship problems these days,relationship-issues
"These days, i'm having relationship problems",relationship-issues
I'm having relationship problems right now,relationship-issues
"Right now, i'm having relationship problems",relationship-issues
I'm having relationship problems today,relationship-issues
"Today, i'm having relationship problems",relationship-issues
I'm having relationship problems at the moment,relationship-issues
"At the moment, i'm having relationship problems",relationship-issues
"Honestly, i'm having relationship problems",relationship-issues
"To be honest, i'm having relationship problems",relationship-issues
I am really having relationship problems,relationship-issues
I am so having relationship problems,relationship-issues
I am very having relationship problems,relationship-issues
I am quite having relationship problems,relationship-issues
I am extremely having relationship problems,relationship-issues
I am having relationship problems lately,relationship-issues
"Lately, i am having relationship problems",relationship-issues
I am having relationship problems these days,relationship-issues
"These days, i am having relationship problems",relationship-issues
I am having relationship problems right now,relationship-issues
"Right now, i am having relationship problems",relationship-issues
I am having relationship problems today,relationship-issues
"Today, i am having relationship problems",relationship-issues
I am having relationship problems at the moment,relationship-issues
"At the moment, i am having relationship problems",relationship-issues
"Honestly, i am having relationship problems",relationship-issues
"To be honest, i am having relationship problems",relationship-issues
I feel really having relationship problems,relationship-issues
I feel so having relationship problems,relationship-issues
I feel very having relationship problems,relationship-issues
I feel quite having relationship problems,relationship-issues
I feel extremely having relationship problems,relationship-issues
I feel having relationship problems lately,relationship-issues
"Lately, i feel having relationship problems",relationship-issues
I feel having relationship problems these days,relationship-issues
"These days, i feel having relationship problems",relationship-issues
I feel having relationship problems right now,relationship-issues
"Right now, i feel having relationship problems",relationship-issues
I feel having relationship problems today,relationship-issues
"Today, i feel having relationship problems",relationship-issues
I feel having relationship problems at the moment,relationship-issues
"At the moment, i feel having relationship problems",relationship-issues
"Honestly, i feel having relationship problems",relationship-issues
"To be honest, i feel having relationship problems",relationship-issues
I've been having relationship problems lately,relationship-issues
"Lately, i've been having relationship problems",relationship-issues
I've been having relationship problems these days,relationship-issues
"These days, i've been having relationship problems",relationship-issues
I've been having relationship problems right now,relationship-issues
"Right now, i've been having relationship problems",relationship-issues
I've been having relationship problems today,relationship-issues
"Today, i've been having relationship problems",relationship-issues
I've been having relationship problems at the moment,relationship-issues
"At the moment, i've been having relationship problems",relationship-issues
"Honestly, i've been having relationship problems",relationship-issues
"To be honest, i've been having relationship problems",relationship-issues
My relationship is stressing me out,relationship-issues
My relationship is stressing me out lately,relationship-issues
"Lately, my relationship is stressing me out",relationship-issues
My relationship is stressing me out these days,relationship-issues
"These days, my relationship is stressing me out",relationship-issues
My relationship is stressing me out right now,relationship-issues
"Right now, my relationship is stressing me out",relationship-issues
My relationship is stressing me out today,relationship-issues
"Today, my relationship is stressing me out",relationship-issues
My relationship is stressing me out at the moment,relationship-issues
"At the moment, my relationship is stressing me out",relationship-issues
"Honestly, my relationship is stressing me out",relationship-issues
"To be honest, my relationship is stressing me out",relationship-issues
I'm struggling with addiction,addiction-support
I am struggling with addiction,addiction-support
I feel struggling with addiction,addiction-support
I've been struggling with addiction,addiction-support
I'm really struggling with addiction,addiction-support
I'm so struggling with addiction,addiction-support
I'm very struggling with addiction,addiction-support
I'm quite struggling with addiction,addiction-support
I'm extremely struggling with addiction,addiction-support
I'm struggling with addiction lately,addiction-support
"Lately, i'm struggling with addiction",addiction-support
I'm struggling with addiction these days,addiction-support
"These days, i'm struggling with addiction",addiction-support
I'm struggling with addiction right now,addiction-support
"Right now, i'm struggling with addiction",addiction-support
I'm struggling with addiction today,addiction-support
"Today, i'm struggling with addiction",addiction-support
I'm struggling with addiction at the moment,addiction-support
"At the moment, i'm struggling with addiction",addiction-support
"Honestly, i'm struggling with addiction",addiction-support
"To be honest, i'm struggling with addiction",addiction-support
I am really struggling with addiction,addiction-support
I am so struggling with addiction,addiction-support
I am very struggling with addiction,addiction-support
I am quite struggling with addiction,addiction-support
I am extremely struggling with addiction,addiction-support
I am struggling with addiction lately,addiction-support
"Lately, i am struggling with addiction",addiction-support
I am struggling with addiction these days,addiction-support
"These days, i am struggling with addiction",addiction-support
I am struggling with addiction right now,addiction-support
"Right now, i am struggling with addiction",addiction-support
I am struggling with addiction today,addiction-support
"Today, i am struggling with addiction",addiction-support
I am struggling with addiction at the moment,addiction-support
"At the moment, i am struggling with addiction",addiction-support
"Honestly, i am struggling with addiction",addiction-support
"To be honest, i am struggling with addiction",addiction-support
I feel really struggling with addiction,addiction-support
I feel so struggling with addiction,addiction-support
I feel very struggling with addiction,addiction-support
I feel quite struggling with addiction,addiction-support
I feel extremely struggling with addiction,addiction-support
I feel struggling with addiction lately,addiction-support
"Lately, i feel struggling with addiction",addiction-support
I feel struggling with addiction these days,addiction-support
"These days, i feel struggling with addiction",addiction-support
I feel struggling with addiction right now,addiction-support
"Right now, i feel struggling with addiction",addiction-support
I feel struggling with addiction today,addiction-support
"Today, i feel struggling with addiction",addiction-support
I feel struggling with addiction at the moment,addiction-support
"At the moment, i feel struggling with addiction",addiction-support
"Honestly, i feel struggling with addiction",addiction-support
"To be honest, i feel struggling with addiction",addiction-support
I've been struggling with addiction lately,addiction-support
"Lately, i've been struggling with addiction",addiction-support
I've been struggling with addiction these days,addiction-support
"These days, i've been struggling with addiction",addiction-support
I've been struggling with addiction right now,addiction-support
"Right now, i've been struggling with addiction",addiction-support
I've been struggling with addiction today,addiction-support
"Today, i've been struggling with addiction",addiction-support
I've been struggling with addiction at the moment,addiction-support
"At the moment, i've been struggling with addiction",addiction-support
"Honestly, i've been struggling with addiction",addiction-support
"To be honest, i've been struggling with addiction",addiction-support
I need support for addiction,addiction-support
I need support for addiction lately,addiction-support
"Lately, i need support for addiction",addiction-support
I need support for addiction these days,addiction-support
"These days, i need support for addiction",addiction-support
I need support for addiction right now,addiction-support
"Right now, i need support for addiction",addiction-support
I need support for addiction today,addiction-support
"Today, i need support for addiction",addiction-support
I need support for addiction at the moment,addiction-support
"At the moment, i need support for addiction",addiction-support
"Honestly, i need support for addiction",addiction-support
"To be honest, i need support for addiction",addiction-support
I'm stressed about school,academic-stress
I am stressed about school,academic-stress
I feel stressed about school,academic-stress
I've been stressed about school,academic-stress
I'm really stressed about school,academic-stress
I'm so stressed about school,academic-stress
I'm very stressed about school,academic-stress
I'm quite stressed about school,academic-stress
I'm extremely stressed about school,academic-stress
I'm stressed about school lately,academic-stress
"Lately, i'm stressed about school",academic-stress
I'm stressed about school these days,academic-stress
"These days, i'm stressed about school",academic-stress
I'm stressed about school right now,academic-stress
"Right now, i'm stressed about school",academic-stress
I'm stressed about school today,academic-stress
"Today, i'm stressed about school",academic-stress
I'm stressed about school at the moment,academic-stress
"At the moment, i'm stressed about school",academic-stress
"Honestly, i'm stressed about school",academic-stress
"To be honest, i'm stressed about school",academic-stress
I am really stressed about school,academic-stress
I am so stressed about school,academic-stress
I am very stressed about school,academic-stress
I am quite stressed about school,academic-stress
I am extremely stressed about school,academic-stress
I am stressed about school lately,academic-stress
"Lately, i am stressed about school",academic-stress
I am stressed about school these days,academic-stress
"These days, i am stressed about school",academic-stress
I am stressed about school right now,academic-stress
"Right now, i am stressed about school",academic-stress
I am stressed about school today,academic-stress
"Today, i am stressed about school",academic-stress
I am stressed about school at the moment,academic-stress
"At the moment, i am stressed about school",academic-stress
"Honestly, i am stressed about school",academic-stress
"To be honest, i am stressed about school",academic-stress
I feel really stressed about school,academic-stress
I feel so stressed about school,academic-stress
I feel very stressed about school,academic-stress
I feel quite stressed about school,academic-stress
I feel extremely stressed about school,academic-stress
I feel stressed about school lately,academic-stress
"Lately, i feel stressed about school",academic-stress
I feel stressed about school these days,academic-stress
"These days, i feel stressed about school",academic-stress
I feel stressed about school right now,academic-stress
"Right now, i feel stressed about school",academic-stress
I feel stressed about school today,academic-stress
"Today, i feel stressed about school",academic-stress
I feel stressed about school at the moment,academic-stress
"At the moment, i feel stressed about school",academic-stress
"Honestly, i feel stressed about school",academic-stress
"To be honest, i feel stressed about school",academic-stress
I've been stressed about school lately,academic-stress
"Lately, i've been stressed about school",academic-stress
I've been stressed about school these days,academic-stress
"These days, i've been stressed about school",academic-stress
I've been stressed about school right now,academic-stress
"Right now, i've been stressed about school",academic-stress
I've been stressed about school today,academic-stress
"Today, i've been stressed about school",academic-stress
I've been stressed about school at the moment,academic-stress
"At the moment, i've been stressed about school",academic-stress
"Honestly, i've been stressed about school",academic-stress
"To be honest, i've been stressed about school",academic-stress
My studies are overwhelming me,academic-stress
My studies are overwhelming me lately,academic-stress
"Lately, my studies are overwhelming me",academic-stress
My studies are overwhelming me these days,academic-stress
"These days, my studies are overwhelming me",academic-stress
My studies are overwhelming me right now,academic-stress
"Right now, my studies are overwhelming me",academic-stress
My studies are overwhelming me today,academic-stress
"Today, my studies are overwhelming me",academic-stress
My studies are overwhelming me at the moment,academic-stress
"At the moment, my studies are overwhelming me",academic-stress
"Honestly, my studies are overwhelming me",academic-stress
"To be honest, my studies are overwhelming me",academic-stress
I'm having family problems,family-issues
I am having family problems,family-issues
I feel having family problems,family-issues
I've been having family problems,family-issues
I'm really having family problems,family-issues
I'm so having family problems,family-issues
I'm very having family problems,family-issues
I'm quite having family problems,family-issues
I'm extremely having family problems,family-issues
I'm having family problems lately,family-issues
"Lately, i'm having family problems",family-issues
I'm having family problems these days,family-issues
"These days, i'm having family problems",family-issues
I'm having family problems right now,family-issues
"Right now, i'm having family problems",family-issues
I'm having family problems today,family-issues
"Today, i'm having family problems",family-issues
I'm having family problems at the moment,family-issues
"At the moment, i'm having family problems",family-issues
"Honestly, i'm having family problems",family-issues
"To be honest, i'm having family problems",family-issues
I am really having family problems,family-issues
I am so having family problems,family-issues
I am very having family problems,family-issues
I am quite having family problems,family-issues
I am extremely having family problems,family-issues
I am having family problems lately,family-issues
"Lately, i am having family problems",family-issues
I am having family problems these days,family-issues
"These days, i am having family problems",family-issues
I am having family problems right now,family-issues
"Right now, i am having family problems",family-issues
I am having family problems today,family-issues
"Today, i am having family problems",family-issues
I am having family problems at the moment,family-issues
"At the moment, i am having family problems",family-issues
"Honestly, i am having family problems",family-issues
"To be honest, i am having family problems",family-issues
I feel really having family problems,family-issues
I feel so having family problems,family-issues
I feel very having family problems,family-issues
I feel quite having family problems,family-issues
I feel extremely having family problems,family-issues
I feel having family problems lately,family-issues
"Lately, i feel having family problems",family-issues
I feel having family problems these days,family-issues
"These days, i feel having family problems",family-issues
I feel having family problems right now,family-issues
"Right now, i feel having family problems",family-issues
I feel having family problems today,family-issues
"Today, i feel having family problems",family-issues
I feel having family problems at the moment,family-issues
"At the moment, i feel having family problems",family-issues
"Honestly, i feel having family problems",family-issues
"To be honest, i feel having family problems",family-issues
I've been having family problems lately,family-issues
"Lately, i've been having family problems",family-issues
I've been having family problems these days,family-issues
"These days, i've been having family problems",family-issues
I've been having family problems right now,family-issues
"Right now, i've been having family problems",family-issues
I've been having family problems today,family-issues
"Today, i've been having family problems",family-issues
I've been having family problems at the moment,family-issues
"At the moment, i've been having family problems",family-issues
"Honestly, i've been having family problems",family-issues
"To be honest, i've been having family problems",family-issues
Things are tense at home,family-issues
Things are tense at home lately,family-issues
"Lately, things are tense at home",family-issues
Things are tense at home these days,family-issues
"These days, things are tense at home",family-issues
Things are tense at home right now,family-issues
"Right now, things are tense at home",family-issues
Things are tense at home today,family-issues
"Today, things are tense at home",family-issues
Things are tense at home at the moment,family-issues
"At the moment, things are tense at home",family-issues
"Honestly, things are tense at home",family-issues
"To be honest, things are tense at home",family-issues
I need a hotline,crisis-resources
Can you help me i need a hotline?,crisis-resources
Could you help me i need a hotline?,crisis-resources
Please help me i need a hotline,crisis-resources
I need help to i need a hotline,crisis-resources
Show me how to i need a hotline,crisis-resources
Guide me to i need a hotline,crisis-resources
Can you explain how to i need a hotline?,crisis-resources
I need support with i need a hotline,crisis-resources
I want help with i need a hotline,crisis-resources
Give me advice about i need a hotline,crisis-resources
Emergency mental health help,crisis-resources
Can you help me emergency mental health help?,crisis-resources
Could you help me emergency mental health help?,crisis-resources
Please help me emergency mental health help,crisis-resources
I need help to emergency mental health help,crisis-resources
Show me how to emergency mental health help,crisis-resources
Guide me to emergency mental health help,crisis-resources
Can you explain how to emergency mental health help?,crisis-resources
I need support with emergency mental health help,crisis-resources
I want help with emergency mental health help,crisis-resources
Give me advice about emergency mental health help,crisis-resources
Where can i get crisis help?,crisis-resources
Can you explain where can i get crisis help?,crisis-resources
Could you explain where can i get crisis help?,crisis-resources
Can you tell me where can i get crisis help?,crisis-resources
Could you tell me where can i get crisis help?,crisis-resources
Help me understand where can i get crisis help?,crisis-resources
I want to know where can i get crisis help?,crisis-resources
I'd like to know where can i get crisis help?,crisis-resources
Where can i get crisis help please?,crisis-resources
Where can i get crisis help briefly?,crisis-resources
Where can i get crisis help in simple words?,crisis-resources
Where can i get crisis help clearly?,crisis-resources
Where can i get crisis help for me?,crisis-resources
Quick question: where can i get crisis help?,crisis-resources
I have a question: where can i get crisis help?,crisis-resources
I need urgent help,crisis-resources
Can you help me i need urgent help?,crisis-resources
Could you help me i need urgent help?,crisis-resources
Please help me i need urgent help,crisis-resources
I need help to i need urgent help,crisis-resources
Show me how to i need urgent help,crisis-resources
Guide me to i need urgent help,crisis-resources
Can you explain how to i need urgent help?,crisis-resources
I need support with i need urgent help,crisis-resources
I want help with i need urgent help,crisis-resources
Give me advice about i need urgent help,crisis-resources
Mental health emergency,crisis-resources
Can you help me mental health emergency?,crisis-resources
Could you help me mental health emergency?,crisis-resources
Please help me mental health emergency,crisis-resources
I need help to mental health emergency,crisis-resources
Show me how to mental health emergency,crisis-resources
Guide me to mental health emergency,crisis-resources
Can you explain how to mental health emergency?,crisis-resources
I need support with mental health emergency,crisis-resources
I want help with mental health emergency,crisis-resources
Give me advice about mental health emergency,crisis-resources
I want help with i want help with i need a hotline,crisis-resources
Could you help me i need help to mental health emergency?,crisis-resources
Could you help me i need urgent help clearly?,crisis-resources
Give me advice about give me advice about i need a hotline,crisis-resources
Can you explain how to give me advice about emergency mental health help?,crisis-resources
Please help me i need support with i need a hotline,crisis-resources
Mental health emergency briefly,crisis-resources
Could you help me emergency mental health help briefly?,crisis-resources
Quick question: could you help me emergency mental health help briefly?,crisis-resources
I want help with i need support with emergency mental health help,crisis-resources
Could you explain can you help me emergency mental health help?,crisis-resources
Could you help me i need help to mental health emergency for me?,crisis-resources
Can you help me please help me i need support with i need a hotline?,crisis-resources
Emergency mental health help briefly,crisis-resources
Could you explain can you help me emergency mental health help clearly?,crisis-resources
Could you help me emergency mental health help briefly in simple words?,crisis-resources
I need support with show me how to i need a hotline,crisis-resources
Please help me guide me to mental health emergency,crisis-resources
Quick question: could you help me i need urgent help clearly?,crisis-resources
Can you explain how to i need urgent help briefly?,crisis-resources
Could you explain can you help me emergency mental health help clearly please?,crisis-resources
You're helpful,compliment
You're amazing,compliment
You're kind,compliment
You are a great bot,compliment
I like talking to you,compliment
You are great,compliment
You are helpful,compliment
You are amazing,compliment
You are kind,compliment
Good chatbot,compliment
U r great,compliment
U r helpful,compliment
U r amazing,compliment
I like talking to u,compliment
U r kind,compliment
You are helpful in simple words,compliment
You are helpful in simple words please,compliment
Good chatbot in simple words,compliment
You are helpful please,compliment
You are helpful please for me,compliment
You're helpful briefly,compliment
U r great in simple words,compliment
You are a great bot clearly,compliment
You're helpful briefly in simple words,compliment
Good chatbot in simple words for me,compliment
U r helpful clearly,compliment
Good chatbot in simple words for me clearly,compliment
Good chatbot in simple words briefly,compliment
U r helpful in simple words,compliment
Good chatbot clearly,compliment
You're helpful briefly in simple words please,compliment
You're helpful briefly in simple words clearly,compliment
U r great briefly,compliment
U r great briefly in simple words,compliment
You're helpful briefly in simple words please please,compliment
I like talking to you briefly,compliment
You're helpful briefly in simple words for me,compliment
You're kind clearly,compliment
U r great briefly in simple words for me,compliment
U r helpful in simple words briefly,compliment
U r great briefly in simple words briefly,compliment
You're kind for me,compliment
You are helpful in simple words briefly,compliment
You are great clearly,compliment
You are a great bot clearly clearly,compliment
You're kind clearly for me,compliment
You're helpful please,compliment
I like talking to you briefly for me,compliment
You're kind clearly in simple words,compliment
U r amazing clearly,compliment
You're helpful briefly in simple words for me in simple words,compliment
U r helpful for me,compliment
You are helpful for me,compliment
You are helpful please please,compliment
U r helpful for me for me,compliment
You are helpful for me clearly,compliment
Good chatbot in simple words for me briefly,compliment
You're kind clearly in simple words clearly,compliment
You are great clearly for me,compliment
You are helpful for me clearly clearly,compliment
You are amazing please,compliment
U r helpful for me clearly,compliment
U r helpful for me clearly for me,compliment
You're helpful briefly in simple words please please in simple words,compliment
You're helpful briefly in simple words clearly please,compliment
U r helpful for me please,compliment
You are a great bot clearly in simple words,compliment
You're kind clearly for me for me,compliment
You're helpful briefly in simple words please please briefly,compliment
You're helpful briefly in simple words please please in simple words briefly,compliment
You're helpful briefly in simple words please briefly,compliment
Good chatbot clearly briefly,compliment
You're kind clearly for me please,compliment
You are helpful in simple words clearly,compliment
You're helpful clearly,compliment
I like talking to you briefly for me clearly,compliment
You are helpful in simple words clearly clearly,compliment
U r helpful in simple words please,compliment
You're kind clearly for me for me clearly,compliment
You're helpful briefly in simple words please please in simple words briefly for me,compliment
I'm dealing with trauma,trauma
I am dealing with trauma,trauma
I feel dealing with trauma,trauma
I've been dealing with trauma,trauma
I'm really dealing with trauma,trauma
I'm so dealing with trauma,trauma
I'm very dealing with trauma,trauma
I'm quite dealing with trauma,trauma
I'm extremely dealing with trauma,trauma
I'm dealing with trauma lately,trauma
"Lately, i'm dealing with trauma",trauma
I'm dealing with trauma these days,trauma
"These days, i'm dealing with trauma",trauma
I'm dealing with trauma right now,trauma
"Right now, i'm dealing with trauma",trauma
I'm dealing with trauma today,trauma
"Today, i'm dealing with trauma",trauma
I'm dealing with trauma at the moment,trauma
"At the moment, i'm dealing with trauma",trauma
"Honestly, i'm dealing with trauma",trauma
"To be honest, i'm dealing with trauma",trauma
I am really dealing with trauma,trauma
I am so dealing with trauma,trauma
I am very dealing with trauma,trauma
I am quite dealing with trauma,trauma
I am extremely dealing with trauma,trauma
I am dealing with trauma lately,trauma
"Lately, i am dealing with trauma",trauma
I am dealing with trauma these days,trauma
"These days, i am dealing with trauma",trauma
I am dealing with trauma right now,trauma
"Right now, i am dealing with trauma",trauma
I am dealing with trauma today,trauma
"Today, i am dealing with trauma",trauma
I am dealing with trauma at the moment,trauma
"At the moment, i am dealing with trauma",trauma
"Honestly, i am dealing with trauma",trauma
"To be honest, i am dealing with trauma",trauma
I feel really dealing with trauma,trauma
I feel so dealing with trauma,trauma
I feel very dealing with trauma,trauma
I feel quite dealing with trauma,trauma
I feel extremely dealing with trauma,trauma
I feel dealing with trauma lately,trauma
"Lately, i feel dealing with trauma",trauma
I feel dealing with trauma these days,trauma
"These days, i feel dealing with trauma",trauma
I feel dealing with trauma right now,trauma
"Right now, i feel dealing with trauma",trauma
I feel dealing with trauma today,trauma
"Today, i feel dealing with trauma",trauma
I feel dealing with trauma at the moment,trauma
"At the moment, i feel dealing with trauma",trauma
"Honestly, i feel dealing with trauma",trauma
"To be honest, i feel dealing with trauma",trauma
I've been dealing with trauma lately,trauma
"Lately, i've been dealing with trauma",trauma
I've been dealing with trauma these days,trauma
"These days, i've been dealing with trauma",trauma
I've been dealing with trauma right now,trauma
"Right now, i've been dealing with trauma",trauma
I've been dealing with trauma today,trauma
"Today, i've been dealing with trauma",trauma
I've been dealing with trauma at the moment,trauma
"At the moment, i've been dealing with trauma",trauma
"Honestly, i've been dealing with trauma",trauma
"To be honest, i've been dealing with trauma",trauma
I'm struggling after something traumatic,trauma
I am struggling after something traumatic,trauma
I feel struggling after something traumatic,trauma
I've been struggling after something traumatic,trauma
I'm really struggling after something traumatic,trauma
I'm so struggling after something traumatic,trauma
I'm very struggling after something traumatic,trauma
I'm quite struggling after something traumatic,trauma
I'm extremely struggling after something traumatic,trauma
I'm struggling after something traumatic lately,trauma
"Lately, i'm struggling after something traumatic",trauma
I'm struggling after something traumatic these days,trauma
"These days, i'm struggling after something traumatic",trauma
I'm bored,boredom
I am bored,boredom
I feel bored,boredom
I've been bored,boredom
I'm really bored,boredom
I'm so bored,boredom
I'm very bored,boredom
I'm quite bored,boredom
I'm extremely bored,boredom
I'm bored lately,boredom
"Lately, i'm bored",boredom
I'm bored these days,boredom
"These days, i'm bored",boredom
I'm bored right now,boredom
"Right now, i'm bored",boredom
I'm bored today,boredom
"Today, i'm bored",boredom
I'm bored at the moment,boredom
"At the moment, i'm bored",boredom
"Honestly, i'm bored",boredom
"To be honest, i'm bored",boredom
I am really bored,boredom
I am so bored,boredom
I am very bored,boredom
I am quite bored,boredom
I am extremely bored,boredom
I am bored lately,boredom
"Lately, i am bored",boredom
I am bored these days,boredom
"These days, i am bored",boredom
I am bored right now,boredom
"Right now, i am bored",boredom
I am bored today,boredom
"Today, i am bored",boredom
I am bored at the moment,boredom
"At the moment, i am bored",boredom
"Honestly, i am bored",boredom
"To be honest, i am bored",boredom
I feel really bored,boredom
I feel so bored,boredom
I feel very bored,boredom
I feel quite bored,boredom
I feel extremely bored,boredom
I feel bored lately,boredom
"Lately, i feel bored",boredom
I feel bored these days,boredom
"These days, i feel bored",boredom
I feel bored right now,boredom
"Right now, i feel bored",boredom
I feel bored today,boredom
"Today, i feel bored",boredom
I feel bored at the moment,boredom
"At the moment, i feel bored",boredom
"Honestly, i feel bored",boredom
"To be honest, i feel bored",boredom
I've been bored lately,boredom
"Lately, i've been bored",boredom
I've been bored these days,boredom
"These days, i've been bored",boredom
I've been bored right now,boredom
"Right now, i've been bored",boredom
I've been bored today,boredom
"Today, i've been bored",boredom
I've been bored at the moment,boredom
"At the moment, i've been bored",boredom
"Honestly, i've been bored",boredom
"To be honest, i've been bored",boredom
I've been feeling bored,boredom
I've been feeling bored lately,boredom
"Lately, i've been feeling bored",boredom
I've been feeling bored these days,boredom
"These days, i've been feeling bored",boredom
I've been feeling bored right now,boredom
"Right now, i've been feeling bored",boredom
I've been feeling bored today,boredom
"Today, i've been feeling bored",boredom
I've been feeling bored at the moment,boredom
"At the moment, i've been feeling bored",boredom
"Honestly, i've been feeling bored",boredom
"To be honest, i've been feeling bored",boredom
I'm having problems at work,work-problems
I am having problems at work,work-problems
I feel having problems at work,work-problems
I've been having problems at work,work-problems
I'm really having problems at work,work-problems
I'm so having problems at work,work-problems
I'm very having problems at work,work-problems
I'm quite having problems at work,work-problems
I'm extremely having problems at work,work-problems
I'm having problems at work lately,work-problems
"Lately, i'm having problems at work",work-problems
I'm having problems at work these days,work-problems
"These days, i'm having problems at work",work-problems
I'm having problems at work right now,work-problems
"Right now, i'm having problems at work",work-problems
I'm having problems at work today,work-problems
"Today, i'm having problems at work",work-problems
I'm having problems at work at the moment,work-problems
"At the moment, i'm having problems at work",work-problems
"Honestly, i'm having problems at work",work-problems
"To be honest, i'm having problems at work",work-problems
I am really having problems at work,work-problems
I am so having problems at work,work-problems
I am very having problems at work,work-problems
I am quite having problems at work,work-problems
I am extremely having problems at work,work-problems
I am having problems at work lately,work-problems
"Lately, i am having problems at work",work-problems
I am having problems at work these days,work-problems
"These days, i am having problems at work",work-problems
I am having problems at work right now,work-problems
"Right now, i am having problems at work",work-problems
I am having problems at work today,work-problems
"Today, i am having problems at work",work-problems
I am having problems at work at the moment,work-problems
"At the moment, i am having problems at work",work-problems
"Honestly, i am having problems at work",work-problems
"To be honest, i am having problems at work",work-problems
I feel really having problems at work,work-problems
I feel so having problems at work,work-problems
I feel very having problems at work,work-problems
I feel quite having problems at work,work-problems
I feel extremely having problems at work,work-problems
I feel having problems at work lately,work-problems
"Lately, i feel having problems at work",work-problems
I feel having problems at work these days,work-problems
"These days, i feel having problems at work",work-problems
I feel having problems at work right now,work-problems
"Right now, i feel having problems at work",work-problems
I feel having problems at work today,work-problems
"Today, i feel having problems at work",work-problems
I feel having problems at work at the moment,work-problems
"At the moment, i feel having problems at work",work-problems
"Honestly, i feel having problems at work",work-problems
"To be honest, i feel having problems at work",work-problems
I've been having problems at work lately,work-problems
"Lately, i've been having problems at work",work-problems
I've been having problems at work these days,work-problems
"These days, i've been having problems at work",work-problems
I've been having problems at work right now,work-problems
"Right now, i've been having problems at work",work-problems
I've been having problems at work today,work-problems
"Today, i've been having problems at work",work-problems
I've been having problems at work at the moment,work-problems
"At the moment, i've been having problems at work",work-problems
"Honestly, i've been having problems at work",work-problems
"To be honest, i've been having problems at work",work-problems
My job is stressing me out,work-problems
My job is stressing me out lately,work-problems
"Lately, my job is stressing me out",work-problems
My job is stressing me out these days,work-problems
"These days, my job is stressing me out",work-problems
My job is stressing me out right now,work-problems
"Right now, my job is stressing me out",work-problems
My job is stressing me out today,work-problems
"Today, my job is stressing me out",work-problems
My job is stressing me out at the moment,work-problems
"At the moment, my job is stressing me out",work-problems
"Honestly, my job is stressing me out",work-problems
"To be honest, my job is stressing me out",work-problems
I'm stressed about money,financial-problems
I am stressed about money,financial-problems
I feel stressed about money,financial-problems
I've been stressed about money,financial-problems
I'm really stressed about money,financial-problems
I'm so stressed about money,financial-problems
I'm very stressed about money,financial-problems
I'm quite stressed about money,financial-problems
I'm extremely stressed about money,financial-problems
I'm stressed about money lately,financial-problems
"Lately, i'm stressed about money",financial-problems
I'm stressed about money these days,financial-problems
"These days, i'm stressed about money",financial-problems
I'm stressed about money right now,financial-problems
"Right now, i'm stressed about money",financial-problems
I'm stressed about money today,financial-problems
"Today, i'm stressed about money",financial-problems
I'm stressed about money at the moment,financial-problems
"At the moment, i'm stressed about money",financial-problems
"Honestly, i'm stressed about money",financial-problems
"To be honest, i'm stressed about money",financial-problems
I am really stressed about money,financial-problems
I am so stressed about money,financial-problems
I am very stressed about money,financial-problems
I am quite stressed about money,financial-problems
I am extremely stressed about money,financial-problems
I am stressed about money lately,financial-problems
"Lately, i am stressed about money",financial-problems
I am stressed about money these days,financial-problems
"These days, i am stressed about money",financial-problems
I am stressed about money right now,financial-problems
"Right now, i am stressed about money",financial-problems
I am stressed about money today,financial-problems
"Today, i am stressed about money",financial-problems
I am stressed about money at the moment,financial-problems
"At the moment, i am stressed about money",financial-problems
"Honestly, i am stressed about money",financial-problems
"To be honest, i am stressed about money",financial-problems
I feel really stressed about money,financial-problems
I feel so stressed about money,financial-problems
I feel very stressed about money,financial-problems
I feel quite stressed about money,financial-problems
I feel extremely stressed about money,financial-problems
I feel stressed about money lately,financial-problems
"Lately, i feel stressed about money",financial-problems
I feel stressed about money these days,financial-problems
"These days, i feel stressed about money",financial-problems
I feel stressed about money right now,financial-problems
"Right now, i feel stressed about money",financial-problems
I feel stressed about money today,financial-problems
"Today, i feel stressed about money",financial-problems
I feel stressed about money at the moment,financial-problems
"At the moment, i feel stressed about money",financial-problems
"Honestly, i feel stressed about money",financial-problems
"To be honest, i feel stressed about money",financial-problems
I've been stressed about money lately,financial-problems
"Lately, i've been stressed about money",financial-problems
I've been stressed about money these days,financial-problems
"These days, i've been stressed about money",financial-problems
I've been stressed about money right now,financial-problems
"Right now, i've been stressed about money",financial-problems
I've been stressed about money today,financial-problems
"Today, i've been stressed about money",financial-problems
I've been stressed about money at the moment,financial-problems
"At the moment, i've been stressed about money",financial-problems
"Honestly, i've been stressed about money",financial-problems
"To be honest, i've been stressed about money",financial-problems
I have financial problems,financial-problems
I have financial problems lately,financial-problems
"Lately, i have financial problems",financial-problems
I have financial problems these days,financial-problems
"These days, i have financial problems",financial-problems
I have financial problems right now,financial-problems
"Right now, i have financial problems",financial-problems
I have financial problems today,financial-problems
"Today, i have financial problems",financial-problems
I have financial problems at the moment,financial-problems
"At the moment, i have financial problems",financial-problems
"Honestly, i have financial problems",financial-problems
"To be honest, i have financial problems",financial-problems
I keep comparing myself to others,comparison
I keep comparing myself to others lately,comparison
"Lately, i keep comparing myself to others",comparison
I keep comparing myself to others these days,comparison
"These days, i keep comparing myself to others",comparison
I keep comparing myself to others right now,comparison
"Right now, i keep comparing myself to others",comparison
I keep comparing myself to others today,comparison
"Today, i keep comparing myself to others",comparison
I keep comparing myself to others at the moment,comparison
"At the moment, i keep comparing myself to others",comparison
"Honestly, i keep comparing myself to others",comparison
"To be honest, i keep comparing myself to others",comparison
I compare myself with everyone,comparison
I compare myself with everyone lately,comparison
"Lately, i compare myself with everyone",comparison
I compare myself with everyone these days,comparison
"These days, i compare myself with everyone",comparison
I compare myself with everyone right now,comparison
"Right now, i compare myself with everyone",comparison
I compare myself with everyone today,comparison
"Today, i compare myself with everyone",comparison
I compare myself with everyone at the moment,comparison
"At the moment, i compare myself with everyone",comparison
"Honestly, i compare myself with everyone",comparison
"To be honest, i compare myself with everyone",comparison
I feel bad when i compare myself,comparison
I'm bad when i compare myself,comparison
I am bad when i compare myself,comparison
I've been feeling bad when i compare myself,comparison
I feel really bad when i compare myself,comparison
I feel so bad when i compare myself,comparison
I feel very bad when i compare myself,comparison
I feel quite bad when i compare myself,comparison
I feel extremely bad when i compare myself,comparison
I feel bad when i compare myself lately,comparison
"Lately, i feel bad when i compare myself",comparison
I feel bad when i compare myself these days,comparison
"These days, i feel bad when i compare myself",comparison
I feel bad when i compare myself right now,comparison
"Right now, i feel bad when i compare myself",comparison
I feel bad when i compare myself today,comparison
"Today, i feel bad when i compare myself",comparison
I feel bad when i compare myself at the moment,comparison
"At the moment, i feel bad when i compare myself",comparison
"Honestly, i feel bad when i compare myself",comparison
"To be honest, i feel bad when i compare myself",comparison
I'm really bad when i compare myself,comparison
I'm so bad when i compare myself,comparison
I'm very bad when i compare myself,comparison
I'm quite bad when i compare myself,comparison
I'm extremely bad when i compare myself,comparison
I'm bad when i compare myself lately,comparison
"Lately, i'm bad when i compare myself",comparison
I'm bad when i compare myself these days,comparison
"These days, i'm bad when i compare myself",comparison
I'm bad when i compare myself right now,comparison
"Right now, i'm bad when i compare myself",comparison
I'm bad when i compare myself today,comparison
"Today, i'm bad when i compare myself",comparison
I'm bad when i compare myself at the moment,comparison
"At the moment, i'm bad when i compare myself",comparison
"Honestly, i'm bad when i compare myself",comparison
"To be honest, i'm bad when i compare myself",comparison
I am really bad when i compare myself,comparison
I am so bad when i compare myself,comparison
I am very bad when i compare myself,comparison
I am quite bad when i compare myself,comparison
I am extremely bad when i compare myself,comparison
I am bad when i compare myself lately,comparison
"Lately, i am bad when i compare myself",comparison
I am bad when i compare myself these days,comparison
"These days, i am bad when i compare myself",comparison
I am bad when i compare myself right now,comparison
"Right now, i am bad when i compare myself",comparison
I am bad when i compare myself today,comparison
"Today, i am bad when i compare myself",comparison
I am bad when i compare myself at the moment,comparison
"At the moment, i am bad when i compare myself",comparison
"Honestly, i am bad when i compare myself",comparison
How can i set goals?,goal-setting
How do i set goals?,goal-setting
What can i do to set goals?,goal-setting
What's the best way to set goals?,goal-setting
Any tips to set goals?,goal-setting
I want to set new goals,goal-setting
Can you help me i want to set new goals?,goal-setting
Could you help me i want to set new goals?,goal-setting
Please help me i want to set new goals,goal-setting
I need help to i want to set new goals,goal-setting
Show me how to i want to set new goals,goal-setting
Guide me to i want to set new goals,goal-setting
Can you explain how to i want to set new goals?,goal-setting
I need support with i want to set new goals,goal-setting
I want help with i want to set new goals,goal-setting
Give me advice about i want to set new goals,goal-setting
Help me set goals,goal-setting
Can you help me help me set goals?,goal-setting
Could you help me help me set goals?,goal-setting
Please help me help me set goals,goal-setting
I need help to help me set goals,goal-setting
Show me how to help me set goals,goal-setting
Guide me to help me set goals,goal-setting
Can you explain how to help me set goals?,goal-setting
I need support with help me set goals,goal-setting
I want help with help me set goals,goal-setting
Give me advice about help me set goals,goal-setting
I don't know what my goals are,goal-setting
Can you help me i don't know what my goals are?,goal-setting
Could you help me i don't know what my goals are?,goal-setting
Please help me i don't know what my goals are,goal-setting
I need help to i don't know what my goals are,goal-setting
Show me how to i don't know what my goals are,goal-setting
Guide me to i don't know what my goals are,goal-setting
Can you explain how to i don't know what my goals are?,goal-setting
I need support with i don't know what my goals are,goal-setting
I want help with i don't know what my goals are,goal-setting
Give me advice about i don't know what my goals are,goal-setting
How can i achieve my goals?,goal-setting
How do i achieve my goals?,goal-setting
What can i do to achieve my goals?,goal-setting
What's the best way to achieve my goals?,goal-setting
Any tips to achieve my goals?,goal-setting
I need to plan my future,goal-setting
Can you help me i need to plan my future?,goal-setting
Could you help me i need to plan my future?,goal-setting
Please help me i need to plan my future,goal-setting
I need help to i need to plan my future,goal-setting
Show me how to i need to plan my future,goal-setting
Guide me to i need to plan my future,goal-setting
Can you explain how to i need to plan my future?,goal-setting
I need support with i need to plan my future,goal-setting
I want help with i need to plan my future,goal-setting
Give me advice about i need to plan my future,goal-setting
I want clear objectives,goal-setting
Can you help me i want clear objectives?,goal-setting
Could you help me i want clear objectives?,goal-setting
Please help me i want clear objectives,goal-setting
I need help to i want clear objectives,goal-setting
Show me how to i want clear objectives,goal-setting
Guide me to i want clear objectives,goal-setting
Can you explain how to i want clear objectives?,goal-setting
I need support with i want clear objectives,goal-setting
I want help with i want clear objectives,goal-setting
Give me advice about i want clear objectives,goal-setting
I need to set some goals,goal-setting
Can you help me i need to set some goals?,goal-setting
Could you help me i need to set some goals?,goal-setting
Please help me i need to set some goals,goal-setting
I need help to i need to set some goals,goal-setting
Show me how to i need to set some goals,goal-setting
Guide me to i need to set some goals,goal-setting
Can you explain how to i need to set some goals?,goal-setting
I need support with i need to set some goals,goal-setting
I want help with i need to set some goals,goal-setting
Give me advice about i need to set some goals,goal-setting
Help me plan goals,goal-setting
Can you help me help me plan goals?,goal-setting
Could you help me help me plan goals?,goal-setting
Please help me help me plan goals,goal-setting
I want to grow as a person,personal-development
Can you help me i want to grow as a person?,personal-development
Could you help me i want to grow as a person?,personal-development
Please help me i want to grow as a person,personal-development
I need help to i want to grow as a person,personal-development
Show me how to i want to grow as a person,personal-development
Guide me to i want to grow as a person,personal-development
Can you explain how to i want to grow as a person?,personal-development
I need support with i want to grow as a person,personal-development
I want help with i want to grow as a person,personal-development
Give me advice about i want to grow as a person,personal-development
How can i improve myself?,personal-development
How do i improve myself?,personal-development
What can i do to improve myself?,personal-development
What's the best way to improve myself?,personal-development
Any tips to improve myself?,personal-development
I want to develop myself,personal-development
Can you help me i want to develop myself?,personal-development
Could you help me i want to develop myself?,personal-development
Please help me i want to develop myself,personal-development
I need help to i want to develop myself,personal-development
Show me how to i want to develop myself,personal-development
Guide me to i want to develop myself,personal-development
Can you explain how to i want to develop myself?,personal-development
I need support with i want to develop myself,personal-development
I want help with i want to develop myself,personal-development
Give me advice about i want to develop myself,personal-development
Help me become better,personal-development
Can you help me help me become better?,personal-development
Could you help me help me become better?,personal-development
Please help me help me become better,personal-development
I need help to help me become better,personal-development
Show me how to help me become better,personal-development
Guide me to help me become better,personal-development
Can you explain how to help me become better?,personal-development
I need support with help me become better,personal-development
I want help with help me become better,personal-development
Give me advice about help me become better,personal-development
I want self-improvement tips,personal-development
Can you help me i want self-improvement tips?,personal-development
Could you help me i want self-improvement tips?,personal-development
Please help me i want self-improvement tips,personal-development
I need help to i want self-improvement tips,personal-development
Show me how to i want self-improvement tips,personal-development
Guide me to i want self-improvement tips,personal-development
Can you explain how to i want self-improvement tips?,personal-development
I need support with i want self-improvement tips,personal-development
I want help with i want self-improvement tips,personal-development
Give me advice about i want self-improvement tips,personal-development
How can i develop my mindset?,personal-development
How do i develop my mindset?,personal-development
What can i do to develop my mindset?,personal-development
What's the best way to develop my mindset?,personal-development
Any tips to develop my mindset?,personal-development
Guide me to guide me to i want to develop myself,personal-development
Could you help me show me how to i want self-improvement tips?,personal-development
Could you help me help me become better please?,personal-development
I need support with guide me to i want self-improvement tips,personal-development
Could you help me help me become better for me?,personal-development
Guide me to i want self-improvement tips please,personal-development
Please help me show me how to i want self-improvement tips,personal-development
I want help with i need support with i want to develop myself,personal-development
Show me how to guide me to i want to grow as a person,personal-development
Can you explain how to i want to develop myself briefly?,personal-development
Could you help me guide me to help me become better?,personal-development
Please help me guide me to help me become better,personal-development
I'd like to know can you explain how to help me become better?,personal-development
Show me how to show me how to i want self-improvement tips,personal-development
I'd like to know can you explain how to i want to develop myself?,personal-development
Please help me guide me to guide me to i want to develop myself,personal-development
Any tips to develop my mindset for me?,personal-development
Guide me to i need support with i want self-improvement tips,personal-development
Can you explain how to i need support with help me become better?,personal-development
Could you help me help me become better in simple words?,personal-development
I need support with please help me help me become better,personal-development
Quick question: could you help me show me how to i want self-improvement tips?,personal-development
Could you help me i want help with i want to develop myself?,personal-development
Can you explain how to please help me i want to develop myself?,personal-development
Could you explain can you help me i want to grow as a person?,personal-development
I have a question: any tips to develop my mindset?,personal-development
I have no discipline,discipline
Can you help me i have no discipline?,discipline
Could you help me i have no discipline?,discipline
Please help me i have no discipline,discipline
I need help to i have no discipline,discipline
Show me how to i have no discipline,discipline
Guide me to i have no discipline,discipline
Can you explain how to i have no discipline?,discipline
I need support with i have no discipline,discipline
I want help with i have no discipline,discipline
Give me advice about i have no discipline,discipline
How can i become disciplined?,discipline
How do i become disciplined?,discipline
What can i do to become disciplined?,discipline
What's the best way to become disciplined?,discipline
Any tips to become disciplined?,discipline
I can't stick to anything,discipline
Can you help me i can't stick to anything?,discipline
Could you help me i can't stick to anything?,discipline
Please help me i can't stick to anything,discipline
I need help to i can't stick to anything,discipline
Show me how to i can't stick to anything,discipline
Guide me to i can't stick to anything,discipline
Can you explain how to i can't stick to anything?,discipline
I need support with i can't stick to anything,discipline
I want help with i can't stick to anything,discipline
Give me advice about i can't stick to anything,discipline
I lack self-control,discipline
Can you help me i lack self-control?,discipline
Could you help me i lack self-control?,discipline
Please help me i lack self-control,discipline
I need help to i lack self-control,discipline
Show me how to i lack self-control,discipline
Guide me to i lack self-control,discipline
Can you explain how to i lack self-control?,discipline
I need support with i lack self-control,discipline
I want help with i lack self-control,discipline
Give me advice about i lack self-control,discipline
Help me build discipline,discipline
Can you help me help me build discipline?,discipline
Could you help me help me build discipline?,discipline
Please help me help me build discipline,discipline
I need help to help me build discipline,discipline
Show me how to help me build discipline,discipline
Guide me to help me build discipline,discipline
Can you explain how to help me build discipline?,discipline
I need support with help me build discipline,discipline
I want help with help me build discipline,discipline
Give me advice about help me build discipline,discipline
I procrastinate too much,discipline
Can you help me i procrastinate too much?,discipline
Could you help me i procrastinate too much?,discipline
Please help me i procrastinate too much,discipline
I need help to i procrastinate too much,discipline
Show me how to i procrastinate too much,discipline
Guide me to i procrastinate too much,discipline
Can you explain how to i procrastinate too much?,discipline
I need support with i procrastinate too much,discipline
I want help with i procrastinate too much,discipline
Give me advice about i procrastinate too much,discipline
I need more willpower,discipline
Can you help me i need more willpower?,discipline
Could you help me i need more willpower?,discipline
Please help me i need more willpower,discipline
I need help to i need more willpower,discipline
Show me how to i need more willpower,discipline
Guide me to i need more willpower,discipline
Can you explain how to i need more willpower?,discipline
I need support with i need more willpower,discipline
I want help with i need more willpower,discipline
Give me advice about i need more willpower,discipline
I have zero discipline,discipline
Can you help me i have zero discipline?,discipline
Could you help me i have zero discipline?,discipline
Please help me i have zero discipline,discipline
I need help to i have zero discipline,discipline
Show me how to i have zero discipline,discipline
Guide me to i have zero discipline,discipline
Can you explain how to i have zero discipline?,discipline
I need support with i have zero discipline,discipline
How can i relax?,relaxation-techniques
How do i relax?,relaxation-techniques
What can i do to relax?,relaxation-techniques
What's the best way to relax?,relaxation-techniques
Any tips to relax?,relaxation-techniques
I need to relax,relaxation-techniques
Can you help me i need to relax?,relaxation-techniques
Could you help me i need to relax?,relaxation-techniques
Please help me i need to relax,relaxation-techniques
I need help to i need to relax,relaxation-techniques
Show me how to i need to relax,relaxation-techniques
Guide me to i need to relax,relaxation-techniques
Can you explain how to i need to relax?,relaxation-techniques
I need support with i need to relax,relaxation-techniques
I want help with i need to relax,relaxation-techniques
Give me advice about i need to relax,relaxation-techniques
Teach me a relaxation technique,relaxation-techniques
Can you help me teach me a relaxation technique?,relaxation-techniques
Could you help me teach me a relaxation technique?,relaxation-techniques
Please help me teach me a relaxation technique,relaxation-techniques
I need help to teach me a relaxation technique,relaxation-techniques
Show me how to teach me a relaxation technique,relaxation-techniques
Guide me to teach me a relaxation technique,relaxation-techniques
Can you explain how to teach me a relaxation technique?,relaxation-techniques
I need support with teach me a relaxation technique,relaxation-techniques
I want help with teach me a relaxation technique,relaxation-techniques
Give me advice about teach me a relaxation technique,relaxation-techniques
Help me calm down,relaxation-techniques
Can you help me help me calm down?,relaxation-techniques
Could you help me help me calm down?,relaxation-techniques
Please help me help me calm down,relaxation-techniques
I need help to help me calm down,relaxation-techniques
Show me how to help me calm down,relaxation-techniques
Guide me to help me calm down,relaxation-techniques
Can you explain how to help me calm down?,relaxation-techniques
I need support with help me calm down,relaxation-techniques
I want help with help me calm down,relaxation-techniques
Give me advice about help me calm down,relaxation-techniques
I want to unwind,relaxation-techniques
Can you help me i want to unwind?,relaxation-techniques
Could you help me i want to unwind?,relaxation-techniques
Please help me i want to unwind,relaxation-techniques
I need help to i want to unwind,relaxation-techniques
Show me how to i want to unwind,relaxation-techniques
Guide me to i want to unwind,relaxation-techniques
Can you explain how to i want to unwind?,relaxation-techniques
I need support with i want to unwind,relaxation-techniques
I want help with i want to unwind,relaxation-techniques
Give me advice about i want to unwind,relaxation-techniques
What helps with relaxation?,relaxation-techniques
Can you explain what helps with relaxation?,relaxation-techniques
Could you explain what helps with relaxation?,relaxation-techniques
Can you tell me what helps with relaxation?,relaxation-techniques
Could you tell me what helps with relaxation?,relaxation-techniques
Help me understand what helps with relaxation?,relaxation-techniques
I want to know what helps with relaxation?,relaxation-techniques
I'd like to know what helps with relaxation?,relaxation-techniques
What helps with relaxation please?,relaxation-techniques
What helps with relaxation briefly?,relaxation-techniques
What helps with relaxation in simple words?,relaxation-techniques
What helps with relaxation clearly?,relaxation-techniques
What helps with relaxation for me?,relaxation-techniques
Quick question: what helps with relaxation?,relaxation-techniques
I have a question: what helps with relaxation?,relaxation-techniques
I can't relax,relaxation-techniques
Can you help me i can't relax?,relaxation-techniques
Could you help me i can't relax?,relaxation-techniques
Please help me i can't relax,relaxation-techniques
I need help to i can't relax,relaxation-techniques
Show me how to i can't relax,relaxation-techniques
Guide me to i can't relax,relaxation-techniques
Can you explain how to i can't relax?,relaxation-techniques
I need support with i can't relax,relaxation-techniques
I want help with i can't relax,relaxation-techniques
Give me advice about i can't relax,relaxation-techniques
I have a question: can you help me teach me a relaxation technique?,relaxation-techniques
Could you help me i can't relax for me?,relaxation-techniques
Quick question: what helps with relaxation clearly?,relaxation-techniques
I need support with show me how to help me calm down,relaxation-techniques
I need support with i can't relax clearly,relaxation-techniques
How can i manage stress?,stress-management
How do i manage stress?,stress-management
What can i do to manage stress?,stress-management
What's the best way to manage stress?,stress-management
Any tips to manage stress?,stress-management
I'm so stressed out,stress-management
Can you help me i'm so stressed out?,stress-management
Could you help me i'm so stressed out?,stress-management
Please help me i'm so stressed out,stress-management
I need help to i'm so stressed out,stress-management
Show me how to i'm so stressed out,stress-management
Guide me to i'm so stressed out,stress-management
Can you explain how to i'm so stressed out?,stress-management
I need support with i'm so stressed out,stress-management
I want help with i'm so stressed out,stress-management
Give me advice about i'm so stressed out,stress-management
I need stress relief,stress-management
Can you help me i need stress relief?,stress-management
Could you help me i need stress relief?,stress-management
Please help me i need stress relief,stress-management
I need help to i need stress relief,stress-management
Show me how to i need stress relief,stress-management
Guide me to i need stress relief,stress-management
Can you explain how to i need stress relief?,stress-management
I need support with i need stress relief,stress-management
I want help with i need stress relief,stress-management
Give me advice about i need stress relief,stress-management
Help me handle stress,stress-management
Can you help me help me handle stress?,stress-management
Could you help me help me handle stress?,stress-management
Please help me help me handle stress,stress-management
I need help to help me handle stress,stress-management
Show me how to help me handle stress,stress-management
Guide me to help me handle stress,stress-management
Can you explain how to help me handle stress?,stress-management
I need support with help me handle stress,stress-management
I want help with help me handle stress,stress-management
Give me advice about help me handle stress,stress-management
What are stress management tips?,stress-management
Can you explain what are stress management tips?,stress-management
Could you explain what are stress management tips?,stress-management
Can you tell me what are stress management tips?,stress-management
Could you tell me what are stress management tips?,stress-management
Help me understand what are stress management tips?,stress-management
I want to know what are stress management tips?,stress-management
I'd like to know what are stress management tips?,stress-management
What are stress management tips please?,stress-management
What are stress management tips briefly?,stress-management
What are stress management tips in simple words?,stress-management
What are stress management tips clearly?,stress-management
What are stress management tips for me?,stress-management
Quick question: what are stress management tips?,stress-management
I have a question: what are stress management tips?,stress-management
Stress is overwhelming me,stress-management
Can you help me stress is overwhelming me?,stress-management
Could you help me stress is overwhelming me?,stress-management
Please help me stress is overwhelming me,stress-management
I need help to stress is overwhelming me,stress-management
Show me how to stress is overwhelming me,stress-management
Guide me to stress is overwhelming me,stress-management
Can you explain how to stress is overwhelming me?,stress-management
I need support with stress is overwhelming me,stress-management
I want help with stress is overwhelming me,stress-management
Give me advice about stress is overwhelming me,stress-management
Im constantly stressed,stress-management
Can you help me im constantly stressed?,stress-management
Could you help me im constantly stressed?,stress-management
Please help me im constantly stressed,stress-management
I need help to im constantly stressed,stress-management
Show me how to im constantly stressed,stress-management
Guide me to im constantly stressed,stress-management
Can you explain how to im constantly stressed?,stress-management
I need support with im constantly stressed,stress-management
I want help with im constantly stressed,stress-management
Give me advice about im constantly stressed,stress-management
Stress is ruining my life,stress-management
Can you help me stress is ruining my life?,stress-management
Could you help me stress is ruining my life?,stress-management
Please help me stress is ruining my life,stress-management
I need help to stress is ruining my life,stress-management
I have no time,time-management
Can you help me i have no time?,time-management
Could you help me i have no time?,time-management
Please help me i have no time,time-management
I need help to i have no time,time-management
Show me how to i have no time,time-management
Guide me to i have no time,time-management
Can you explain how to i have no time?,time-management
I need support with i have no time,time-management
I want help with i have no time,time-management
Give me advice about i have no time,time-management
How can i manage my time?,time-management
How do i manage my time?,time-management
What can i do to manage my time?,time-management
What's the best way to manage my time?,time-management
Any tips to manage my time?,time-management
I'm always busy,time-management
Can you help me i'm always busy?,time-management
Could you help me i'm always busy?,time-management
Please help me i'm always busy,time-management
I need help to i'm always busy,time-management
Show me how to i'm always busy,time-management
Guide me to i'm always busy,time-management
Can you explain how to i'm always busy?,time-management
I need support with i'm always busy,time-management
I want help with i'm always busy,time-management
Give me advice about i'm always busy,time-management
I can't get anything done,time-management
Can you help me i can't get anything done?,time-management
Could you help me i can't get anything done?,time-management
Please help me i can't get anything done,time-management
I need help to i can't get anything done,time-management
Show me how to i can't get anything done,time-management
Guide me to i can't get anything done,time-management
Can you explain how to i can't get anything done?,time-management
I need support with i can't get anything done,time-management
I want help with i can't get anything done,time-management
Give me advice about i can't get anything done,time-management
Help me with time management,time-management
Can you help me help me with time management?,time-management
Could you help me help me with time management?,time-management
Please help me help me with time management,time-management
I need help to help me with time management,time-management
Show me how to help me with time management,time-management
Guide me to help me with time management,time-management
Can you explain how to help me with time management?,time-management
I need support with help me with time management,time-management
I want help with help me with time management,time-management
Give me advice about help me with time management,time-management
I waste too much time,time-management
Can you help me i waste too much time?,time-management
Could you help me i waste too much time?,time-management
Please help me i waste too much time,time-management
I need help to i waste too much time,time-management
Show me how to i waste too much time,time-management
Guide me to i waste too much time,time-management
Can you explain how to i waste too much time?,time-management
I need support with i waste too much time,time-management
I want help with i waste too much time,time-management
Give me advice about i waste too much time,time-management
I need to be more productive,time-management
Can you help me i need to be more productive?,time-management
Could you help me i need to be more productive?,time-management
Please help me i need to be more productive,time-management
I need help to i need to be more productive,time-management
Show me how to i need to be more productive,time-management
Guide me to i need to be more productive,time-management
Can you explain how to i need to be more productive?,time-management
I need support with i need to be more productive,time-management
I want help with i need to be more productive,time-management
Give me advice about i need to be more productive,time-management
I never have time,time-management
Can you help me i never have time?,time-management
Could you help me i never have time?,time-management
Please help me i never have time,time-management
I need help to i never have time,time-management
Show me how to i never have time,time-management
Guide me to i never have time,time-management
Can you explain how to i never have time?,time-management
I need support with i never have time,time-management
