text,emotion,label
i just feel totally fearful i don't know why.,anxiety,1
sometimes i feel deeply resentful honestly.,anger,0
it seems i'm a bit low more than usual.,sadness,10
tbh i'm quite stressed about my exams.,exam_stress,5
right now i'm totally like i don't matter and i can't shake it.,low_self_esteem,8
right now i'm really like nobody likes me,low_self_esteem,8
i just feel very optimistic.,joy,6
i've been incredibly gloomy today.,sadness,10
really apprehensive more than usual.,anxiety,1
lately i feel incredibly empty lately.,depression,4
i'm so irritated...,anger,0
tbh i'm deeply exhausted from work...,burnout,3
lately i feel really hopeless right now.,depression,4
i think i'm quite mad these days.,anger,0
i've been kind of fat right now.,body_image_issue,2
i'm deeply fine honestly.,neutral,9
i am really tense from work and i can't shake it.,stress,11
these days i feel really scared honestly.,anxiety,1
completely stressed about my exams.,exam_stress,5
it seems i'm very light-hearted,joy,6
"honestly, i'm somewhat emotionally exhausted...",burnout,3
i'm incredibly shaky honestly.,anxiety,1
today i feel incredibly miserable today.,sadness,10
right now i'm completely hopeless these days.,depression,4
i just feel deeply ugly these days.,body_image_issue,2
sometimes i feel somewhat nervous i don't know why.,anxiety,1
lately i feel a bit burnt out i don't know why.,burnout,3
i've been a bit worried about the test these days.,exam_stress,5
today i feel totally annoyed and i can't shake it.,anger,0
right now i'm incredibly anxious about my upcoming exam honestly.,exam_stress,5
these days i feel miserable and i can't shake it.,sadness,10
it seems i'm really light-hearted today.,joy,6
normal,neutral,9
somewhat forgotten.,loneliness,7
today i feel completely disconnected today.,loneliness,7
i'm really incredibly optimistic.,joy,6
i am extremely blessed i don't know why.,joy,6
really glad honestly.,joy,6
it seems i'm quite run down today.,stress,11
i keep feeling deeply thankful...,joy,6
i'm really kind of irritated,anger,0
i'm totally insecure about my appearance honestly.,body_image_issue,2
completely worthless and i can't shake it.,low_self_esteem,8
i am a bit neutral right now.,neutral,9
tbh i'm incredibly at ease lately.,neutral,9
these days i feel somewhat worthless lately.,low_self_esteem,8
it seems i'm kind of melancholic and i can't shake it.,sadness,10
i just feel a bit left out right now.,loneliness,7
i feel completely neutral,neutral,9
i think i'm very drained,burnout,3
"honestly, i'm completely smiling and i can't shake it.",joy,6
i'm really totally angry more than usual.,anger,0
i am very miserable,sadness,10
i'm kind of scared i'll fail my exam...,exam_stress,5
today i feel totally isolated.,loneliness,7
tbh i'm quite like nothing matters today.,depression,4
tbh i'm deeply disconnected.,loneliness,7
these days i feel kind of at ease.,neutral,9
i'm quite depleted right now.,burnout,3
i'm deeply worried...,anxiety,1
i think i'm so thankful today.,joy,6
i keep feeling run down lately.,stress,11
it seems i'm quite just chilling i don't know why.,neutral,9
lately i feel worthless and i can't shake it.,depression,4
today i feel somewhat fried honestly.,burnout,3
i've been deeply nervous,anxiety,1
i am really running on empty honestly.,burnout,3
i keep feeling deeply ugly,body_image_issue,2
i feel very scared i'll fail my exam i don't know why.,exam_stress,5
i feel kind of calm right now.,neutral,9
these days i feel deeply optimistic honestly.,joy,6
right now i'm very scared i'll fail my exam i don't know why.,exam_stress,5
these days i feel really delighted...,joy,6
i'm really very emotionally exhausted and i can't shake it.,burnout,3
sometimes i feel a bit like nobody likes me today.,low_self_esteem,8
tbh i spend every weekend alone,loneliness,7
i feel extremely ashamed of my body lately.,body_image_issue,2
tbh i'm deeply empty.,depression,4
today i feel quite uneasy.,anxiety,1
"honestly, i'm kind of at ease i don't know why.",neutral,9
i think i'm deeply exhausted from work more than usual.,burnout,3
i am quite blue right now.,sadness,10
sometimes i feel incredibly drained.,burnout,3
i keep feeling a bit panicky.,anxiety,1
i just feel kind of exhausted from work...,burnout,3
i think i'm deeply without purpose today.,depression,4
today i feel somewhat insecure about myself i don't know why.,low_self_esteem,8
lately i feel somewhat left out these days.,loneliness,7
tbh i'm really blessed right now.,joy,6
i'm very light-hearted...,joy,6
sometimes i feel a bit buried in tasks more than usual.,stress,11
these days i feel thankful and i can't shake it.,joy,6
i am somewhat calm more than usual.,neutral,9
i think i'm a bit neutral...,neutral,9
i feel a bit hopeless lately.,depression,4
i am so panicking about finals...,exam_stress,5
tbh i'm completely running on empty more than usual.,burnout,3
i'm calm more than usual.,neutral,9
i am so scared i'll fail my exam today.,exam_stress,5
right now i'm incredibly fearful these days.,anxiety,1
today i feel quite scared honestly.,anxiety,1
i've been a bit melancholic lately.,sadness,10
deeply normal i don't know why.,neutral,9
these days i feel so drained of meaning honestly.,depression,4
i think i'm quite done honestly.,burnout,3
i just feel somewhat exhausted from work these days.,burnout,3
i've been angry lately.,anger,0
i've been really anxious...,anxiety,1
tbh i'm a bit like a burden.,depression,4
i'm kind of disgusting in the mirror right now.,body_image_issue,2
i am very run down honestly.,stress,11
tbh i'm kind of running on empty today.,burnout,3
today i feel so insecure about my appearance.,body_image_issue,2
i just feel really stupid honestly.,low_self_esteem,8
it seems i'm so gloomy more than usual.,sadness,10
i feel kind of unattractive lately.,body_image_issue,2
i am deeply gloomy right now.,sadness,10
these days i feel extremely buried in tasks...,stress,11
"honestly, i'm not good enough i don't know why.",low_self_esteem,8
lately i feel a bit shaky.,anxiety,1
tbh i'm a bit happy honestly.,joy,6
sometimes i feel completely at ease these days.,neutral,9
these days i feel incredibly joyful.,joy,6
lately i feel kind of scared i'll fail my exam...,exam_stress,5
right now i'm like there's no point and i can't shake it.,depression,4
i am so isolated honestly.,loneliness,7
i just feel quite under pressure right now.,stress,11
these days i feel a bit burnt out i don't know why.,burnout,3
i feel extremely like there's no point these days.,depression,4
it seems i'm somewhat okay...,neutral,9
i'm quite burnt out right now.,burnout,3
tbh i'm a bit insecure about my appearance...,body_image_issue,2
lately i feel deeply overwhelmed by studying today.,exam_stress,5
sometimes i feel very numb more than usual.,depression,4
right now i'm really overwhelmed by studying i don't know why.,exam_stress,5
i'm really incredibly normal right now.,neutral,9
i keep feeling completely anxious right now.,anxiety,1
i'm really completely balanced.,neutral,9
right now i'm very tearful today.,sadness,10
tbh i'm totally lonely...,loneliness,7
sometimes i feel kind of fine...,neutral,9
these days i feel totally unattractive right now.,body_image_issue,2
i'm totally drained and i can't shake it.,burnout,3
these days i feel so burnt out...,burnout,3
right now i'm left out.,loneliness,7
i feel totally gloomy lately.,sadness,10
tbh i'm very worried right now.,anxiety,1
lately i feel run down i don't know why.,stress,11
"honestly, i'm completely ugly these days.",body_image_issue,2
i feel totally tearful i don't know why.,sadness,10
sometimes i feel kind of afraid i don't know why.,anxiety,1
i'm really deeply insecure about myself,low_self_esteem,8
today i feel somewhat mad,anger,0
i'm completely unhappy lately.,sadness,10
tbh i'm really hopeless,depression,4
i'm totally heartbroken right now.,sadness,10
i've been quite tense from work these days.,stress,11
i think i'm a bit at ease today.,neutral,9
these days i feel really content right now.,joy,6
i'm really very fried these days.,burnout,3
i feel swamped lately.,stress,11
tbh i'm totally forgotten right now.,loneliness,7
i feel kind of tense more than usual.,anxiety,1
i am stupid today.,low_self_esteem,8
sometimes i feel totally panicking about finals today.,exam_stress,5
i am incredibly worried about the test right now.,exam_stress,5
sometimes i feel deeply fuming and i can't shake it.,anger,0
lately i feel completely pressured and i can't shake it.,stress,11
i feel incredibly angry lately.,anger,0
i am incredibly panicking about finals today.,exam_stress,5
i am very light-hearted more than usual.,joy,6
today i feel quite unhappy right now.,sadness,10
i feel forgotten.,loneliness,7
tbh i'm quite normal right now.,neutral,9
totally depleted honestly.,burnout,3
"honestly, i'm so balanced today.",neutral,9
sometimes i feel so insecure about myself,low_self_esteem,8
lately i feel completely forgotten i don't know why.,loneliness,7
today i feel really unattractive more than usual.,body_image_issue,2
i'm somewhat heartbroken right now.,sadness,10
right now i'm kind of swamped honestly.,stress,11
i just feel incredibly by myself lately.,loneliness,7
lately i feel kind of delighted,joy,6
deeply depleted,burnout,3
i am sad right now.,sadness,10
sometimes i feel incredibly fried i don't know why.,burnout,3
tbh i'm totally mad more than usual.,anger,0
lately i feel really overwhelmed by studying these days.,exam_stress,5
kind of heartbroken and i can't shake it.,sadness,10
i'm incredibly like there's no point these days.,depression,4
i think i'm so glad...,joy,6
i'm a bit just chilling i don't know why.,neutral,9
it seems i'm somewhat useless...,low_self_esteem,8
tbh i'm scared something bad will happen,anxiety,1
i just feel a bit delighted.,joy,6
i'm extremely running on empty lately.,burnout,3
today i feel a bit exhausted from work right now.,burnout,3
i've been very alone,loneliness,7
i am so cheerful.,joy,6
sometimes i feel really alright.,neutral,9
it seems i'm very horrible about how i look today.,body_image_issue,2
really heartbroken these days.,sadness,10
sometimes i feel very neutral more than usual.,neutral,9
tbh i'm incredibly on edge honestly.,anxiety,1
i've been somewhat isolated more than usual.,loneliness,7
"honestly, i'm kind of upset and i can't shake it.",sadness,10
today i feel so panicking about finals right now.,exam_stress,5
i am kind of depleted.,burnout,3
i just feel really frustrated right now.,anger,0
tbh i'm quite drained of meaning.,depression,4
lately i feel totally drained i don't know why.,burnout,3
i'm really incredibly forgotten more than usual.,loneliness,7
it seems i'm quite mad i don't know why.,anger,0
"honestly, i'm really fried right now.",burnout,3
these days i feel a bit fat these days.,body_image_issue,2
it seems i'm quite insecure about my appearance i don't know why.,body_image_issue,2
i'm so insecure about myself today.,low_self_esteem,8
i just feel really neutral right now.,neutral,9
tbh i'm quite resentful honestly.,anger,0
i can't believe they did that to me...,anger,0
lately i feel very smiling...,joy,6
i think i'm somewhat optimistic.,joy,6
it seems i'm somewhat burnt out these days.,burnout,3
lately i feel so drained of meaning,depression,4
i've been gloomy i don't know why.,sadness,10
lately i feel extremely neutral right now.,neutral,9
quite panicking about finals and i can't shake it.,exam_stress,5
it seems i'm deeply resentful.,anger,0
i just feel extremely anxious about my upcoming exam today.,exam_stress,5
i've been joyful right now.,joy,6
these days i feel kind of on edge right now.,anxiety,1
"honestly, i'm incredibly insecure about myself and i can't shake it.",low_self_esteem,8
today i feel completely unattractive today.,body_image_issue,2
"honestly, i'm completely insecure about my appearance honestly.",body_image_issue,2
i am totally hopeless these days.,depression,4
i've been furious,anger,0
sometimes i feel extremely panicky and i can't shake it.,anxiety,1
i just feel a bit not good enough right now.,low_self_esteem,8
i think i'm kind of like giving up,depression,4
i've been really running on empty,burnout,3
"honestly, i'm deeply annoyed right now.",anger,0
today i feel completely isolated...,loneliness,7
a bit tearful lately.,sadness,10
it seems i'm deeply hopeless today.,depression,4
i think i'm kind of irritated,anger,0
"honestly, i'm somewhat tearful and i can't shake it.",sadness,10
i'm really kind of ashamed of my body.,body_image_issue,2
i think i'm incredibly useless i don't know why.,low_self_esteem,8
these days i feel very in a good mood honestly.,joy,6
very fine today.,neutral,9
i keep feeling completely under pressure more than usual.,stress,11
i'm really deeply overwhelmed by studying right now.,exam_stress,5
i am very running on empty right now.,burnout,3
i'm very stupid these days.,low_self_esteem,8
i think i'm somewhat just chilling these days.,neutral,9
i'm really like there's no point,depression,4
i feel extremely mad today.,anger,0
i am horrible about how i look more than usual.,body_image_issue,2
i keep feeling a bit angry...,anger,0
it seems i'm so delighted and i can't shake it.,joy,6
sometimes i feel extremely content right now.,joy,6
i am very heartbroken more than usual.,sadness,10
i've been deeply under pressure...,stress,11
i am somewhat overwhelmed by studying honestly.,exam_stress,5
i feel kind of by myself right now.,loneliness,7
right now i'm incredibly like giving up,depression,4
today i feel a bit burnt out...,burnout,3
right now i'm totally empty right now.,depression,4
i've been completely melancholic.,sadness,10
deeply empty and i can't shake it.,depression,4
quite overwhelmed lately.,stress,11
i just feel extremely tense from work right now.,stress,11
i feel drained of meaning...,depression,4
completely irritated...,anger,0
it seems i'm completely mad these days.,anger,0
these days i feel deeply happy right now.,joy,6
i am so buried in tasks more than usual.,stress,11
sometimes i feel very sad i don't know why.,sadness,10
i think i'm very fat honestly.,body_image_issue,2
i'm really very like there's no point and i can't shake it.,depression,4
really alright lately.,neutral,9
i've been a bit uneasy and i can't shake it.,anxiety,1
right now i'm really alone today.,loneliness,7
lately i feel worthless today.,depression,4
i am a bit by myself right now.,loneliness,7
i just feel quite grateful i don't know why.,joy,6
it seems i'm kind of stupid,low_self_esteem,8
tbh i'm really insecure about my appearance honestly.,body_image_issue,2
today i feel quite glad...,joy,6
i keep feeling incredibly glad these days.,joy,6
sometimes i feel quite like nobody likes me more than usual.,low_self_esteem,8
sometimes i feel somewhat fat more than usual.,body_image_issue,2
i am somewhat heartbroken i don't know why.,sadness,10
i feel really scared honestly.,anxiety,1
i feel very like i don't matter lately.,low_self_esteem,8
i'm really completely useless honestly.,low_self_esteem,8
today i feel really melancholic these days.,sadness,10
today i feel a bit like giving up,depression,4
i just feel so content...,joy,6
sometimes i feel somewhat drained.,burnout,3
i just feel somewhat running on empty lately.,burnout,3
i think i'm quite left out these days.,loneliness,7
lately i feel totally ashamed of my body today.,body_image_issue,2
tbh i'm quite like nothing matters.,depression,4
i'm really somewhat unhappy.,sadness,10
right now i'm so ashamed of my body these days.,body_image_issue,2
tbh i'm quite isolated i don't know why.,loneliness,7
i'm somewhat afraid these days.,anxiety,1
i am very cheerful honestly.,joy,6
"honestly, i'm completely tense honestly.",anxiety,1
i'm really a bit like nobody likes me,low_self_esteem,8
a bit like there's no point,depression,4
"honestly, i'm extremely angry right now.",anger,0
i'm totally down these days.,sadness,10
i just feel totally stressed about my exams lately.,exam_stress,5
i've been incredibly apprehensive...,anxiety,1
i just feel somewhat heartbroken.,sadness,10
i've been so on edge more than usual.,anxiety,1
tbh i'm incredibly upset i don't know why.,sadness,10
i think i'm deeply run down more than usual.,stress,11
right now i'm really shaky these days.,anxiety,1
these days i feel kind of by myself.,loneliness,7
it seems i'm really alone.,loneliness,7
right now i'm quite cheerful right now.,joy,6
these days i feel deeply resentful honestly.,anger,0
lately i feel incredibly invisible honestly.,loneliness,7
it seems i'm deeply without purpose more than usual.,depression,4
tbh i'm quite like nothing matters and i can't shake it.,depression,4
i've been kind of numb today.,depression,4
i just feel completely on edge,anxiety,1
i've been so cheerful today.,joy,6
it seems i'm incredibly pissed off.,anger,0
right now i'm incredibly alone...,loneliness,7
it seems i'm totally invisible more than usual.,loneliness,7
i am really irritated i don't know why.,anger,0
i just feel very forgotten i don't know why.,loneliness,7
sometimes i feel very joyful lately.,joy,6
i've been deeply resentful...,anger,0
i've been kind of fearful more than usual.,anxiety,1
these days i feel completely run down and i can't shake it.,stress,11
i feel quite blue.,sadness,10
these days i feel incredibly ugly i don't know why.,body_image_issue,2
these days i feel very fried and i can't shake it.,burnout,3
incredibly happy,joy,6
these days i feel incredibly fat more than usual.,body_image_issue,2
sometimes i feel kind of under pressure.,stress,11
i am completely worried about the test today.,exam_stress,5
i just feel fuming and i can't shake it.,anger,0
i've been really like there's no point.,depression,4
i think i'm stressed,stress,11
sometimes i feel kind of exhausted from work i don't know why.,burnout,3
i've been pissed off lately.,anger,0
today i feel very unattractive right now.,body_image_issue,2
i think i'm kind of disconnected.,loneliness,7
i am completely fine more than usual.,neutral,9
i am a bit like there's no point...,depression,4
right now i'm fried these days.,burnout,3
i keep feeling somewhat anxious about my upcoming exam i don't know why.,exam_stress,5
i feel somewhat alright these days.,neutral,9
"honestly, i'm kind of worried more than usual.",anxiety,1
these days i feel extremely fine honestly.,neutral,9
i keep feeling totally not good enough honestly.,low_self_esteem,8
right now i'm a bit delighted today.,joy,6
tbh i'm somewhat low i don't know why.,sadness,10
i'm really really cheerful,joy,6
these days i feel incredibly blue these days.,sadness,10
"honestly, i'm extremely pressured right now.",stress,11
i think i'm so fuming i don't know why.,anger,0
i am a bit blessed these days.,joy,6
i'm really kind of sad.,sadness,10
"honestly, i'm upset more than usual.",sadness,10
quite forgotten today.,loneliness,7
i'm so drained of meaning...,depression,4
i'm really somewhat worried these days.,anxiety,1
sometimes i feel completely like i don't matter today.,low_self_esteem,8
i'm really so blue more than usual.,sadness,10
"honestly, i'm so like a failure.",low_self_esteem,8
i think i'm extremely okay honestly.,neutral,9
i just feel very miserable,sadness,10
"honestly, i'm totally fearful and i can't shake it.",anxiety,1
today i feel somewhat glad lately.,joy,6
i think i'm incredibly fine and i can't shake it.,neutral,9
i keep feeling really overwhelmed right now.,stress,11
i am a bit unhappy today.,sadness,10
lately i feel incredibly pressured right now.,stress,11
i just feel a bit fine more than usual.,neutral,9
i feel completely tense from work lately.,stress,11
i'm worthless lately.,low_self_esteem,8
i've been so at ease...,neutral,9
i think i'm so like i don't matter more than usual.,low_self_esteem,8
"honestly, i'm so insecure about my appearance and i can't shake it.",body_image_issue,2
these days i feel somewhat hopeless more than usual.,depression,4
today i feel a bit thankful,joy,6
i've been quite stressed about my exams lately.,exam_stress,5
i keep feeling a bit worthless these days.,low_self_esteem,8
today i feel extremely empty and i can't shake it.,depression,4
today i feel quite numb honestly.,depression,4
i keep feeling so anxious about my upcoming exam these days.,exam_stress,5
these days i feel incredibly worthless today.,low_self_esteem,8
i've been so isolated honestly.,loneliness,7
"honestly, i'm kind of gloomy more than usual.",sadness,10
it seems i'm incredibly forgotten these days.,loneliness,7
i think i'm really furious honestly.,anger,0
i think i'm a bit afraid honestly.,anxiety,1
i am quite empty honestly.,depression,4
i'm incredibly annoyed...,anger,0
sometimes i feel very ugly lately.,body_image_issue,2
"honestly, i'm so shaky today.",anxiety,1
i just feel deeply like nobody likes me today.,low_self_esteem,8
i am kind of panicky right now.,anxiety,1
sometimes i feel incredibly angry honestly.,anger,0
lately i feel quite hopeless...,depression,4
i just feel very emotionally exhausted honestly.,burnout,3
i've been very grateful lately.,joy,6
i've been somewhat alone today.,loneliness,7
right now i'm totally drained today.,burnout,3
i keep feeling deeply cheerful lately.,joy,6
i am totally fried.,burnout,3
quite angry right now.,anger,0
"honestly, i'm really like there's no point today.",depression,4
i am really frustrated.,anger,0
i feel really overwhelmed by studying honestly.,exam_stress,5
i've been totally just chilling and i can't shake it.,neutral,9
i feel kind of stressed about my exams and i can't shake it.,exam_stress,5
these days i feel deeply worried,anxiety,1
lately i feel really under pressure,stress,11
i'm kind of emotionally exhausted.,burnout,3
it seems i'm kind of empty lately.,depression,4
i am quite panicking about finals right now.,exam_stress,5
stressed about my exams more than usual.,exam_stress,5
i'm really quite exhausted from work more than usual.,burnout,3
i think i'm incredibly smiling today.,joy,6
i've been incredibly horrible about how i look lately.,body_image_issue,2
it seems i'm incredibly swamped.,stress,11
right now i'm enraged...,anger,0
these days i feel totally upset today.,sadness,10
"honestly, i'm really without purpose and i can't shake it.",depression,4
right now i'm quite swamped and i can't shake it.,stress,11
i think i'm quite okay lately.,neutral,9
today i feel kind of hopeless,depression,4
right now i'm quite like nothing matters.,depression,4
lately i feel somewhat forgotten.,loneliness,7
sometimes i feel a bit done right now.,burnout,3
right now i'm deeply drained of meaning i don't know why.,depression,4
very calm...,neutral,9
i just feel a bit hopeless i don't know why.,depression,4
these days i feel deeply just chilling.,neutral,9
i'm somewhat exhausted from work.,burnout,3
"honestly, i'm completely content and i can't shake it.",joy,6
quite empty today.,depression,4
tbh i'm afraid of what tomorrow will bring,anxiety,1
i think i'm deeply balanced...,neutral,9
i'm completely burnt out lately.,burnout,3
i just feel so disconnected these days.,loneliness,7
i think i'm very not good enough today.,low_self_esteem,8
i'm really a bit depleted honestly.,burnout,3
"honestly, i'm extremely like a burden i don't know why.",depression,4
quite pissed off today.,anger,0
today i feel completely nervous,anxiety,1
i keep feeling completely fried honestly.,burnout,3
"honestly, i'm somewhat overwhelmed by studying today.",exam_stress,5
i'm kind of just chilling lately.,neutral,9
it seems i'm so resentful honestly.,anger,0
tbh i'm extremely scared i'll fail my exam honestly.,exam_stress,5
i think i'm somewhat insecure about my appearance these days.,body_image_issue,2
"honestly, i'm totally fearful",anxiety,1
i keep feeling kind of tense i don't know why.,anxiety,1
"honestly, i'm extremely shaky...",anxiety,1
lately i feel really ugly,body_image_issue,2
"honestly, i'm deeply not good enough.",low_self_esteem,8
i keep feeling completely run down,stress,11
running on empty and i can't shake it.,burnout,3
today i feel very ugly today.,body_image_issue,2
it seems i'm totally like a failure right now.,low_self_esteem,8
i am very depleted today.,burnout,3
i've been furious right now.,anger,0
right now i'm totally low honestly.,sadness,10
"honestly, i'm deeply down",sadness,10
i think i'm kind of done more than usual.,burnout,3
i just feel completely stressed these days.,stress,11
i'm so at ease more than usual.,neutral,9
i keep feeling a bit unhappy right now.,sadness,10
it seems i'm completely tense right now.,anxiety,1
sometimes i feel really alone today.,loneliness,7
i think i'm so irritated...,anger,0
it seems i'm completely fuming these days.,anger,0
it seems i'm kind of hopeless.,depression,4
i just feel incredibly empty today.,depression,4
i think i'm kind of anxious about my upcoming exam lately.,exam_stress,5
right now i'm kind of unattractive.,body_image_issue,2
i think i'm deeply disconnected right now.,loneliness,7
i just feel unattractive i don't know why.,body_image_issue,2
tbh i'm incredibly burnt out these days.,burnout,3
it seems i'm completely like nothing matters lately.,depression,4
i think i'm kind of worthless lately.,depression,4
sometimes i feel somewhat like nobody likes me today.,low_self_esteem,8
somewhat worried more than usual.,anxiety,1
i think i'm deeply unhappy lately.,sadness,10
i just feel deeply mad i don't know why.,anger,0
"honestly, i'm lonely today.",loneliness,7
tbh i'm somewhat miserable,sadness,10
i feel totally insecure about my appearance honestly.,body_image_issue,2
lately i feel quite frustrated i don't know why.,anger,0
tbh i'm quite invisible,loneliness,7
it seems i'm deeply stressed i don't know why.,stress,11
i just feel quite sad i don't know why.,sadness,10
it seems i'm completely fat more than usual.,body_image_issue,2
tbh i'm extremely tense from work and i can't shake it.,stress,11
i'm really so overwhelmed by studying,exam_stress,5
i'm deeply angry i don't know why.,anger,0
i'm really really anxious about my upcoming exam more than usual.,exam_stress,5
tbh i'm somewhat invisible and i can't shake it.,loneliness,7
sometimes i feel very afraid...,anxiety,1
i keep feeling tense from work...,stress,11
tbh i'm extremely insecure about my appearance right now.,body_image_issue,2
i feel incredibly irritated.,anger,0
i've been very worthless,depression,4
i'm extremely blue i don't know why.,sadness,10
right now i'm completely swamped more than usual.,stress,11
i've been kind of panicking about finals and i can't shake it.,exam_stress,5
today i feel drained.,burnout,3
a bit anxious about my upcoming exam i don't know why.,exam_stress,5
i'm really somewhat at ease honestly.,neutral,9
today i feel deeply insecure about myself honestly.,low_self_esteem,8
i think i'm incredibly like nobody likes me,low_self_esteem,8
tbh i'm a bit like giving up,depression,4
i'm deeply alone honestly.,loneliness,7
tbh i'm really pressured lately.,stress,11
i've been completely anxious i don't know why.,anxiety,1
sometimes i feel ugly more than usual.,body_image_issue,2
today i feel completely pressured honestly.,stress,11
these days i feel a bit balanced more than usual.,neutral,9
lately i feel extremely overwhelmed by studying i don't know why.,exam_stress,5
tbh i'm deeply stressed right now.,stress,11
today i feel incredibly not good enough these days.,low_self_esteem,8
it seems i'm very invisible more than usual.,loneliness,7
these days i feel completely upset honestly.,sadness,10
i am totally without purpose,depression,4
right now i'm somewhat under pressure i don't know why.,stress,11
sometimes i feel incredibly like a failure i don't know why.,low_self_esteem,8
right now i'm deeply anxious about my upcoming exam lately.,exam_stress,5
deeply furious these days.,anger,0
i'm really very normal more than usual.,neutral,9
i'm really very insecure about myself...,low_self_esteem,8
i'm totally horrible about how i look.,body_image_issue,2
sometimes i feel somewhat running on empty today.,burnout,3
"honestly, i'm quite panicking about finals these days.",exam_stress,5
right now i'm kind of tense honestly.,anxiety,1
i think i'm very empty.,depression,4
right now i'm quite stupid more than usual.,low_self_esteem,8
i think i'm completely smiling these days.,joy,6
"honestly, i'm done lately.",burnout,3
i'm extremely stressed today.,stress,11
it seems i'm completely irritated and i can't shake it.,anger,0
these days i feel a bit panicky.,anxiety,1
kind of useless,low_self_esteem,8
tbh i'm deeply down more than usual.,sadness,10
i've been quite pleased...,joy,6
i think i'm really panicking about finals.,exam_stress,5
"honestly, i'm incredibly like a burden today.",depression,4
these days i feel extremely balanced right now.,neutral,9
these days i feel completely unhappy more than usual.,sadness,10
i've been somewhat smiling...,joy,6
i think i'm deeply empty i don't know why.,depression,4
lately i feel really on edge today.,anxiety,1
lately i feel really tense from work and i can't shake it.,stress,11
today i feel extremely unattractive lately.,body_image_issue,2
tbh i'm very ugly.,body_image_issue,2
tbh i always mess things up :(,low_self_esteem,8
these days i feel very depleted right now.,burnout,3
i keep feeling stressed about my exams right now.,exam_stress,5
sometimes i feel extremely disgusting in the mirror and i can't shake it.,body_image_issue,2
it seems i'm incredibly blessed...,joy,6
sometimes i feel somewhat worthless.,depression,4
sometimes i feel very useless more than usual.,low_self_esteem,8
tbh i'm deeply worried lately.,anxiety,1
these days i feel a bit in a good mood...,joy,6
i am deeply disgusting in the mirror honestly.,body_image_issue,2
i've been somewhat useless more than usual.,low_self_esteem,8
i'm really incredibly apprehensive i don't know why.,anxiety,1
i'm incredibly run down more than usual.,stress,11
sometimes i feel somewhat calm honestly.,neutral,9
i feel totally blue lately.,sadness,10
i am extremely irritated these days.,anger,0
i think i'm quite optimistic right now.,joy,6
it seems i'm kind of not good enough.,low_self_esteem,8
these days i feel extremely disconnected lately.,loneliness,7
these days i feel extremely irritated right now.,anger,0
i am really furious i don't know why.,anger,0
lately i feel incredibly gloomy,sadness,10
deeply stressed about my exams honestly.,exam_stress,5
i'm really totally drained of meaning right now.,depression,4
i'm kind of worthless,low_self_esteem,8
today i feel so lonely i don't know why.,loneliness,7
really disgusting in the mirror...,body_image_issue,2
i just feel a bit pissed off today.,anger,0
lately i feel deeply disconnected lately.,loneliness,7
i am a bit heartbroken.,sadness,10
right now i'm extremely exhausted from work more than usual.,burnout,3
completely drained lately.,burnout,3
it seems i'm completely insecure about myself these days.,low_self_esteem,8
sometimes i feel quite isolated i don't know why.,loneliness,7
really tense...,anxiety,1
right now i'm left out honestly.,loneliness,7
i feel deeply anxious about my upcoming exam right now.,exam_stress,5
lately i feel fine lately.,neutral,9
i keep feeling completely scared i'll fail my exam.,exam_stress,5
these days i feel extremely like i don't matter and i can't shake it.,low_self_esteem,8
i just feel a bit okay right now.,neutral,9
today i feel lonely i don't know why.,loneliness,7
right now i'm quite panicking about finals,exam_stress,5
tbh i'm incredibly unattractive.,body_image_issue,2
right now i'm very ashamed of my body,body_image_issue,2
i am so upset today.,sadness,10
sometimes i feel very ugly today.,body_image_issue,2
i think i'm extremely at ease...,neutral,9
i'm really really normal right now.,neutral,9
i'm really so melancholic more than usual.,sadness,10
i feel incredibly calm right now.,neutral,9
sometimes i feel totally by myself lately.,loneliness,7
sometimes i feel a bit ugly these days.,body_image_issue,2
i feel incredibly nervous and i can't shake it.,anxiety,1
i just feel annoyed these days.,anger,0
"honestly, i'm worthless and i can't shake it.",depression,4
i just feel very stressed.,stress,11
today i feel so okay honestly.,neutral,9
i think i'm really optimistic today.,joy,6
today i feel quite panicking about finals right now.,exam_stress,5
right now i'm very light-hearted right now.,joy,6
these days i feel totally tense lately.,anxiety,1
i've been kind of balanced honestly.,neutral,9
i just feel a bit like i don't matter honestly.,low_self_esteem,8
"honestly, i'm completely pressured",stress,11
sometimes i feel extremely annoyed honestly.,anger,0
"honestly, i'm somewhat scared i'll fail my exam more than usual.",exam_stress,5
today i feel quite alright more than usual.,neutral,9
it seems i'm somewhat emotionally exhausted and i can't shake it.,burnout,3
lately i feel ashamed of my body and i can't shake it.,body_image_issue,2
i think i'm kind of normal honestly.,neutral,9
right now i'm totally upset more than usual.,sadness,10
i just feel kind of drained of meaning,depression,4
it seems i'm deeply tense from work these days.,stress,11
i am anxious about my upcoming exam and i can't shake it.,exam_stress,5
right now i'm somewhat insecure about my appearance more than usual.,body_image_issue,2
kind of calm and i can't shake it.,neutral,9
tbh i'm just chilling honestly.,neutral,9
tbh i'm somewhat lonely right now.,loneliness,7
lately i feel totally like a burden lately.,depression,4
tbh i'm physically and mentally wiped out :(,burnout,3
these days i feel very like nothing matters these days.,depression,4
i keep feeling so pleased.,joy,6
i'm very happy these days.,joy,6
i keep feeling kind of not good enough...,low_self_esteem,8
these days i feel deeply annoyed these days.,anger,0
i think i'm quite fearful today.,anxiety,1
i keep feeling somewhat unattractive today.,body_image_issue,2
tbh i'm a bit nervous.,anxiety,1
sometimes i feel totally pressured more than usual.,stress,11
today i feel extremely emotionally exhausted these days.,burnout,3
these days i feel somewhat blessed i don't know why.,joy,6
right now i'm completely just chilling and i can't shake it.,neutral,9
today i feel incredibly joyful.,joy,6
i'm somewhat left out honestly.,loneliness,7
sometimes i feel apprehensive honestly.,anxiety,1
sometimes i feel extremely stressed lately.,stress,11
today i feel quite upset,sadness,10
i just feel deeply worthless,low_self_esteem,8
tbh i'm really resentful i don't know why.,anger,0
i'm really somewhat pressured these days.,stress,11
tbh i'm kind of neutral lately.,neutral,9
i keep feeling a bit fuming i don't know why.,anger,0
i am totally cheerful more than usual.,joy,6
i'm quite ugly...,body_image_issue,2
i've been kind of left out today.,loneliness,7
today i feel totally invisible.,loneliness,7
i'm really completely left out more than usual.,loneliness,7
lately i feel extremely miserable these days.,sadness,10
i think i'm completely left out,loneliness,7
tbh i'm incredibly like i don't matter.,low_self_esteem,8
sometimes i feel so worthless i don't know why.,low_self_esteem,8
these days i feel buried in tasks i don't know why.,stress,11
today i feel really miserable more than usual.,sadness,10
i am extremely alright right now.,neutral,9
it seems i'm really unhappy these days.,sadness,10
incredibly left out lately.,loneliness,7
tbh i'm kind of running on empty,burnout,3
today i feel kind of like a failure more than usual.,low_self_esteem,8
today i feel really like nobody likes me...,low_self_esteem,8
today i feel like there's no point today.,depression,4
lately i feel completely by myself honestly.,loneliness,7
i am incredibly emotionally exhausted honestly.,burnout,3
lately i feel lonely lately.,loneliness,7
kind of forgotten...,loneliness,7
i just feel really shaky...,anxiety,1
i am extremely pressured...,stress,11
today i feel extremely anxious about my upcoming exam i don't know why.,exam_stress,5
right now i'm quite exhausted from work right now.,burnout,3
i feel very fine...,neutral,9
sometimes i feel extremely worried about the test,exam_stress,5
i keep feeling quite drained lately.,burnout,3
these days i feel very insecure about myself i don't know why.,low_self_esteem,8
i've been very buried in tasks honestly.,stress,11
"honestly, i'm very insecure about my appearance more than usual.",body_image_issue,2
today i feel kind of swamped...,stress,11
these days i feel fine right now.,neutral,9
sometimes i feel completely like a burden honestly.,depression,4
i'm really so scared i'll fail my exam.,exam_stress,5
"honestly, i'm so sad and i can't shake it.",sadness,10
lately i feel a bit anxious about my upcoming exam.,exam_stress,5
these days i feel kind of tense today.,anxiety,1
right now i'm deeply disgusting in the mirror more than usual.,body_image_issue,2
i feel so ashamed of my body right now.,body_image_issue,2
"honestly, i'm incredibly scared...",anxiety,1
i've been totally fearful today.,anxiety,1
"honestly, i'm kind of alright these days.",neutral,9
i'm really incredibly joyful...,joy,6
i'm really quite pissed off lately.,anger,0
i just feel deeply numb today.,depression,4
i'm really a bit just chilling more than usual.,neutral,9
lately i feel really gloomy and i can't shake it.,sadness,10
i'm really completely fat today.,body_image_issue,2
tbh why does this keep happening to me :(,anger,0
i think i'm deeply emotionally exhausted today.,burnout,3
i feel quite not good enough honestly.,low_self_esteem,8
tbh i'm a bit disconnected more than usual.,loneliness,7
i am incredibly irritated i don't know why.,anger,0
i am totally low these days.,sadness,10
it seems i'm totally optimistic lately.,joy,6
quite stressed...,stress,11
i feel extremely like nothing matters and i can't shake it.,depression,4
i just feel like there's no point and i can't shake it.,depression,4
lately i feel kind of furious...,anger,0
i just feel extremely fuming lately.,anger,0
i'm really nervous today.,anxiety,1
i keep feeling very gloomy...,sadness,10
i think i'm completely okay right now.,neutral,9
i'm really deeply overwhelmed by studying.,exam_stress,5
i just feel extremely scared honestly.,anxiety,1
it seems i'm deeply unattractive lately.,body_image_issue,2
today i feel completely like a failure lately.,low_self_esteem,8
i think i'm completely fuming right now.,anger,0
tbh i'm incredibly unattractive right now.,body_image_issue,2
i'm so like there's no point these days.,depression,4
sometimes i feel extremely angry lately.,anger,0
"honestly, i'm so worthless lately.",low_self_esteem,8
i keep feeling quite disgusting in the mirror today.,body_image_issue,2
i am incredibly smiling...,joy,6
today i feel somewhat disconnected more than usual.,loneliness,7
i'm completely alright more than usual.,neutral,9
i feel totally like nothing matters more than usual.,depression,4
i've been really running on empty more than usual.,burnout,3
sometimes i feel completely at ease today.,neutral,9
i'm very insecure about my appearance these days.,body_image_issue,2
i'm really stressed about my exams.,exam_stress,5
i just feel kind of fine...,neutral,9
i keep feeling incredibly lonely these days.,loneliness,7
i think i'm incredibly melancholic today.,sadness,10
i think i'm extremely exhausted from work today.,burnout,3
tbh i'm somewhat stressed...,stress,11
i keep feeling very worried about the test i don't know why.,exam_stress,5
i think i'm totally glad i don't know why.,joy,6
sometimes i feel very worthless right now.,low_self_esteem,8
i am totally stupid i don't know why.,low_self_esteem,8
i just feel a bit neutral more than usual.,neutral,9
i am very pressured,stress,11
i've been kind of stressed about my exams today.,exam_stress,5
today i feel like a burden.,depression,4
i think i'm somewhat fat more than usual.,body_image_issue,2
i think i'm somewhat resentful.,anger,0
sometimes i feel very uneasy.,anxiety,1
i'm fried these days.,burnout,3
i'm really somewhat down more than usual.,sadness,10
i am so emotionally exhausted...,burnout,3
"honestly, i'm incredibly fuming right now.",anger,0
i keep feeling extremely melancholic.,sadness,10
i just feel completely annoyed more than usual.,anger,0
tbh i'm a bit without purpose honestly.,depression,4
i think i'm worthless lately.,low_self_esteem,8
tbh i'm deeply stressed about my exams and i can't shake it.,exam_stress,5
i think i'm quite drained i don't know why.,burnout,3
these days i feel somewhat melancholic more than usual.,sadness,10
today i feel deeply not good enough i don't know why.,low_self_esteem,8
tbh i'm very disconnected lately.,loneliness,7
i keep feeling totally fat...,body_image_issue,2
i just feel deeply insecure about my appearance.,body_image_issue,2
i think i'm somewhat tense today.,anxiety,1
extremely blue,sadness,10
lately i feel quite numb lately.,depression,4
i am completely ugly...,body_image_issue,2
i keep feeling so under pressure and i can't shake it.,stress,11
i keep feeling kind of fine honestly.,neutral,9
right now i'm stupid and i can't shake it.,low_self_esteem,8
somewhat disgusting in the mirror more than usual.,body_image_issue,2
these days i feel kind of drained more than usual.,burnout,3
tbh i'm just chilling today.,neutral,9
i am totally normal right now.,neutral,9
i keep feeling deeply anxious about my upcoming exam lately.,exam_stress,5
"honestly, i'm completely isolated more than usual.",loneliness,7
somewhat left out today.,loneliness,7
i've been a bit tearful i don't know why.,sadness,10
i feel totally blessed more than usual.,joy,6
right now i'm so fearful,anxiety,1
i've been very pissed off lately.,anger,0
incredibly scared,anxiety,1
today i feel totally left out honestly.,loneliness,7
today i feel kind of panicky today.,anxiety,1
lately i feel completely left out today.,loneliness,7
i am somewhat disgusting in the mirror lately.,body_image_issue,2
i just feel so frustrated lately.,anger,0
i'm really extremely fat these days.,body_image_issue,2
sometimes i feel somewhat content more than usual.,joy,6
lately i feel very done.,burnout,3
i think i'm a bit nervous today.,anxiety,1
tbh i'm incredibly scared i'll fail my exam,exam_stress,5
these days i feel a bit left out lately.,loneliness,7
it seems i'm somewhat just chilling today.,neutral,9
i just feel a bit afraid honestly.,anxiety,1
ngl today was a great day :(,joy,6
"honestly, i'm somewhat angry",anger,0
right now i'm totally fat today.,body_image_issue,2
kind of worthless...,depression,4
these days i feel quite stressed these days.,stress,11
right now i'm totally anxious about my upcoming exam honestly.,exam_stress,5
i feel burnt out today.,burnout,3
i just feel incredibly anxious about my upcoming exam more than usual.,exam_stress,5
i feel scared right now.,anxiety,1
i just feel so done more than usual.,burnout,3
i just feel totally panicking about finals i don't know why.,exam_stress,5
these days i feel quite numb these days.,depression,4
i feel deeply fearful and i can't shake it.,anxiety,1
i think i'm totally okay lately.,neutral,9
ngl i'm scared something bad will happen :(,anxiety,1
i'm really a bit anxious about my upcoming exam lately.,exam_stress,5
sometimes i feel extremely fuming these days.,anger,0
right now i'm deeply forgotten honestly.,loneliness,7
today i feel incredibly lonely more than usual.,loneliness,7
i've been so balanced right now.,neutral,9
it seems i'm extremely just chilling honestly.,neutral,9
i keep feeling very in a good mood today.,joy,6
i think i'm kind of worthless honestly.,low_self_esteem,8
tbh i'm somewhat furious.,anger,0
i think i'm really horrible about how i look i don't know why.,body_image_issue,2
tbh i'm ugly honestly.,body_image_issue,2
quite empty,depression,4
i just feel a bit mad today.,anger,0
right now i'm extremely gloomy more than usual.,sadness,10
i keep feeling kind of neutral.,neutral,9
i just feel so panicky honestly.,anxiety,1
i keep feeling a bit normal and i can't shake it.,neutral,9
i just feel so overwhelmed by studying honestly.,exam_stress,5
lately i feel so at ease more than usual.,neutral,9
i am incredibly insecure about my appearance right now.,body_image_issue,2
"honestly, i'm emotionally exhausted and i can't shake it.",burnout,3
i feel deeply pressured honestly.,stress,11
tbh i'm extremely invisible these days.,loneliness,7
i just feel totally invisible lately.,loneliness,7
really like a failure today.,low_self_esteem,8
tbh there's just too much going on right now.,stress,11
i'm somewhat alone these days.,loneliness,7
it seems i'm completely blue today.,sadness,10
it seems i'm a bit scared and i can't shake it.,anxiety,1
i'm so alone lately.,loneliness,7
today i feel incredibly mad i don't know why.,anger,0
lately i feel alright...,neutral,9
lately i feel totally tense honestly.,anxiety,1
sometimes i feel deeply enraged lately.,anger,0
i am somewhat like nothing matters today.,depression,4
sometimes i feel somewhat buried in tasks.,stress,11
i just feel somewhat run down and i can't shake it.,stress,11
i am really frustrated and i can't shake it.,anger,0
i've been completely invisible...,loneliness,7
i've been a bit down lately.,sadness,10
i'm really incredibly alone more than usual.,loneliness,7
i am alright i don't know why.,neutral,9
somewhat blessed honestly.,joy,6
i've been totally miserable right now.,sadness,10
tbh i'm totally done and i can't shake it.,burnout,3
lately i feel quite furious honestly.,anger,0
sometimes i feel really content more than usual.,joy,6
a bit overwhelmed right now.,stress,11
tbh i'm completely tense from work today.,stress,11
i'm somewhat anxious about my upcoming exam honestly.,exam_stress,5
i've been deeply disgusting in the mirror and i can't shake it.,body_image_issue,2
sometimes i feel run down,stress,11
sometimes i feel deeply shaky honestly.,anxiety,1
i've been quite irritated,anger,0
i just feel incredibly overwhelmed by studying...,exam_stress,5
i'm really deeply scared right now.,anxiety,1
i'm really extremely scared these days.,anxiety,1
today i feel so under pressure honestly.,stress,11
i feel extremely enraged and i can't shake it.,anger,0
today i feel very ashamed of my body...,body_image_issue,2
right now i'm completely cheerful honestly.,joy,6
i feel a bit blessed...,joy,6
today i feel ashamed of my body honestly.,body_image_issue,2
i'm totally blessed and i can't shake it.,joy,6
tbh i'm deeply numb...,depression,4
it seems i'm completely exhausted from work...,burnout,3
these days i feel totally stressed about my exams more than usual.,exam_stress,5
i think i'm so scared i don't know why.,anxiety,1
i am very like nobody likes me these days.,low_self_esteem,8
today i feel run down more than usual.,stress,11
sometimes i feel kind of drained of meaning lately.,depression,4
right now i'm quite blue i don't know why.,sadness,10
right now i'm so delighted lately.,joy,6
today i feel incredibly emotionally exhausted and i can't shake it.,burnout,3
i am completely disgusting in the mirror honestly.,body_image_issue,2
tbh i'm enraged these days.,anger,0
today i feel extremely grateful these days.,joy,6
i keep feeling deeply furious and i can't shake it.,anger,0
right now i'm deeply burnt out more than usual.,burnout,3
totally insecure about myself honestly.,low_self_esteem,8
i've been so melancholic right now.,sadness,10
i am irritated.,anger,0
i am kind of isolated honestly.,loneliness,7
today i feel a bit without purpose i don't know why.,depression,4
a bit disgusting in the mirror i don't know why.,body_image_issue,2
it seems i'm really calm right now.,neutral,9
it seems i'm extremely insecure about myself...,low_self_esteem,8
these days i feel a bit empty,depression,4
so numb lately.,depression,4
i think i'm quite blessed i don't know why.,joy,6
sometimes i feel very insecure about myself...,low_self_esteem,8
"honestly, i'm burnt out right now.",burnout,3
sometimes i feel somewhat ugly,body_image_issue,2
i think i'm kind of burnt out,burnout,3
i keep feeling totally melancholic honestly.,sadness,10
i just feel extremely anxious about my upcoming exam,exam_stress,5
i'm completely calm lately.,neutral,9
i've been deeply thankful honestly.,joy,6
i'm really kind of drained and i can't shake it.,burnout,3
really delighted.,joy,6
i just feel deeply stressed about my exams lately.,exam_stress,5
i just feel kind of joyful lately.,joy,6
i just feel completely ugly...,body_image_issue,2
right now i'm quite overwhelmed i don't know why.,stress,11
i feel a bit mad right now.,anger,0
tbh i'm completely overwhelmed...,stress,11
i am quite numb,depression,4
these days i feel completely angry right now.,anger,0
i am really left out i don't know why.,loneliness,7
i keep feeling tearful right now.,sadness,10
i've been so calm more than usual.,neutral,9
i think i'm extremely emotionally exhausted...,burnout,3
i'm really so useless these days.,low_self_esteem,8
i am totally resentful more than usual.,anger,0
right now i'm so like giving up honestly.,depression,4
quite okay.,neutral,9
i just feel somewhat horrible about how i look more than usual.,body_image_issue,2
i'm completely irritated i don't know why.,anger,0
"honestly, i'm really grateful more than usual.",joy,6
i am incredibly low more than usual.,sadness,10
i'm really totally insecure about myself lately.,low_self_esteem,8
deeply blue i don't know why.,sadness,10
i keep feeling quite in a good mood these days.,joy,6
today i feel so lonely these days.,loneliness,7
i feel somewhat worried about the test right now.,exam_stress,5
lately i feel quite insecure about myself and i can't shake it.,low_self_esteem,8
"honestly, i'm incredibly happy more than usual.",joy,6
i am really lonely these days.,loneliness,7
extremely neutral i don't know why.,neutral,9
extremely overwhelmed more than usual.,stress,11
sometimes i feel very disgusting in the mirror and i can't shake it.,body_image_issue,2
i've been so panicking about finals i don't know why.,exam_stress,5
i keep feeling so blessed.,joy,6
extremely stupid lately.,low_self_esteem,8
i'm really totally left out right now.,loneliness,7
"honestly, i'm kind of in a good mood...",joy,6
i've been kind of drained...,burnout,3
i'm completely afraid and i can't shake it.,anxiety,1
lately i feel completely anxious and i can't shake it.,anxiety,1
i've been very tearful today.,sadness,10
i keep feeling very stressed about my exams these days.,exam_stress,5
i'm really fat and i can't shake it.,body_image_issue,2
i just feel insecure about my appearance i don't know why.,body_image_issue,2
i keep feeling really happy,joy,6
i'm quite anxious honestly.,anxiety,1
it seems i'm swamped these days.,stress,11
really angry lately.,anger,0
i feel so depleted these days.,burnout,3
right now i'm completely pressured,stress,11
these days i feel completely apprehensive...,anxiety,1
sometimes i feel kind of blessed right now.,joy,6
"honestly, i'm so by myself...",loneliness,7
i feel deeply like nobody likes me,low_self_esteem,8
i keep feeling completely low i don't know why.,sadness,10
i'm really extremely drained,burnout,3
i've been extremely worthless these days.,depression,4
these days i feel totally disconnected today.,loneliness,7
it seems i'm really done,burnout,3
tbh i'm extremely like a failure...,low_self_esteem,8
i'm deeply worried about the test more than usual.,exam_stress,5
today i feel incredibly overwhelmed.,stress,11
these days i feel really horrible about how i look.,body_image_issue,2
"honestly, i'm quite under pressure lately.",stress,11
i just feel so numb lately.,depression,4
sometimes i feel extremely numb today.,depression,4
these days i feel somewhat pleased.,joy,6
lately i feel completely at ease right now.,neutral,9
"honestly, i'm deeply exhausted from work...",burnout,3
sometimes i feel kind of just chilling right now.,neutral,9
i think i'm somewhat like a burden right now.,depression,4
i keep feeling really content i don't know why.,joy,6
i just feel completely alone today.,loneliness,7
extremely neutral...,neutral,9
sometimes i feel really glad right now.,joy,6
i am completely optimistic honestly.,joy,6
"honestly, i'm under pressure these days.",stress,11
tbh i'm incredibly thankful these days.,joy,6
i feel a bit in a good mood lately.,joy,6
i feel completely lonely these days.,loneliness,7
"honestly, i'm a bit disgusting in the mirror more than usual.",body_image_issue,2
i feel annoyed more than usual.,anger,0
i keep feeling somewhat optimistic lately.,joy,6
tbh i'm incredibly alone lately.,loneliness,7
today i feel really isolated.,loneliness,7
i've been really afraid right now.,anxiety,1
i just feel very ugly,body_image_issue,2
right now i'm somewhat tense these days.,anxiety,1
lately i feel totally pissed off more than usual.,anger,0
today i feel totally mad honestly.,anger,0
i'm really completely hopeless.,depression,4
right now i'm very hopeless i don't know why.,depression,4
i feel quite glad these days.,joy,6
i've been totally low these days.,sadness,10
today i feel a bit resentful lately.,anger,0
i keep feeling extremely swamped lately.,stress,11
today i feel deeply like nothing matters...,depression,4
i'm quite smiling,joy,6
tbh i'm a bit insecure about myself more than usual.,low_self_esteem,8
i'm quite delighted and i can't shake it.,joy,6
i've been really buried in tasks.,stress,11
i'm really incredibly fearful i don't know why.,anxiety,1
"honestly, i'm somewhat blue these days.",sadness,10
i keep feeling extremely depleted honestly.,burnout,3
i keep feeling kind of swamped right now.,stress,11
"honestly, i'm kind of worried lately.",anxiety,1
i just feel quite ugly.,body_image_issue,2
i feel so disgusting in the mirror more than usual.,body_image_issue,2
it seems i'm somewhat without purpose and i can't shake it.,depression,4
i am kind of like there's no point these days.,depression,4
i think i'm incredibly scared i'll fail my exam honestly.,exam_stress,5
"honestly, i'm very exhausted from work today.",burnout,3
i think i'm a bit at ease more than usual.,neutral,9
today i feel incredibly by myself and i can't shake it.,loneliness,7
kind of not good enough these days.,low_self_esteem,8
right now i'm kind of alright lately.,neutral,9
i keep feeling incredibly nervous more than usual.,anxiety,1
i'm extremely disgusting in the mirror.,body_image_issue,2
i keep feeling a bit insecure about myself...,low_self_esteem,8
i just feel incredibly fine and i can't shake it.,neutral,9
i feel quite insecure about my appearance and i can't shake it.,body_image_issue,2
it seems i'm extremely worried,anxiety,1
completely emotionally exhausted more than usual.,burnout,3
i think i'm kind of empty,depression,4
i'm really really panicky lately.,anxiety,1
these days i feel incredibly fearful these days.,anxiety,1
right now i'm a bit swamped and i can't shake it.,stress,11
i think i'm deeply pleased lately.,joy,6
sometimes i feel so mad today.,anger,0
"honestly, i spend every weekend alone",loneliness,7
i've been deeply fine.,neutral,9
it seems i'm completely down...,sadness,10
"honestly, i'm kind of unattractive these days.",body_image_issue,2
i think i'm completely drained of meaning more than usual.,depression,4
i feel kind of tense from work honestly.,stress,11
i am really fat honestly.,body_image_issue,2
i keep feeling incredibly tense...,anxiety,1
i've been incredibly stressed about my exams.,exam_stress,5
a bit normal,neutral,9
i just feel exhausted from work more than usual.,burnout,3
i think i'm a bit like i don't matter right now.,low_self_esteem,8
i've been extremely run down i don't know why.,stress,11
today i feel completely panicking about finals today.,exam_stress,5
it seems i'm just chilling i don't know why.,neutral,9
i keep feeling completely like there's no point.,depression,4
these days i feel deeply cheerful lately.,joy,6
"honestly, i'm very grateful more than usual.",joy,6
it seems i'm totally shaky and i can't shake it.,anxiety,1
i'm really so furious...,anger,0
lately i feel so just chilling i don't know why.,neutral,9
i'm really overwhelmed by studying and i can't shake it.,exam_stress,5
i think i'm so pressured right now.,stress,11
lately i feel totally disconnected today.,loneliness,7
i am deeply fearful more than usual.,anxiety,1
i think i'm somewhat drained of meaning today.,depression,4
i am quite okay i don't know why.,neutral,9
"honestly, i'm very insecure about my appearance and i can't shake it.",body_image_issue,2
i think i'm extremely heartbroken.,sadness,10
lately i feel incredibly under pressure.,stress,11
lately i feel kind of horrible about how i look and i can't shake it.,body_image_issue,2
"honestly, i'm totally light-hearted today.",joy,6
it seems i'm really enraged more than usual.,anger,0
"honestly, i'm a bit like nobody likes me",low_self_esteem,8
"honestly, i'm quite scared i'll fail my exam honestly.",exam_stress,5
i feel kind of empty these days.,depression,4
i've been completely melancholic lately.,sadness,10
i just feel so delighted more than usual.,joy,6
i think i'm deeply running on empty i don't know why.,burnout,3
lately i feel somewhat disgusting in the mirror lately.,body_image_issue,2
it seems i'm extremely fine honestly.,neutral,9
i am very unhappy and i can't shake it.,sadness,10
quite like there's no point right now.,depression,4
"honestly, i'm kind of pressured honestly.",stress,11
i keep feeling extremely irritated right now.,anger,0
i just feel totally numb today.,depression,4
it seems i'm kind of low right now.,sadness,10
i've been extremely fat today.,body_image_issue,2
today i feel extremely like nothing matters honestly.,depression,4
i keep feeling somewhat blessed more than usual.,joy,6
i think i'm deeply shaky honestly.,anxiety,1
i just feel really emotionally exhausted today.,burnout,3
i think i'm kind of blessed right now.,joy,6
today i feel left out,loneliness,7
i think i'm quite anxious about my upcoming exam honestly.,exam_stress,5
i am quite unhappy honestly.,sadness,10
i think i'm deeply hopeless lately.,depression,4
i'm so frustrated i don't know why.,anger,0
sometimes i feel extremely scared lately.,anxiety,1
i feel really tearful lately.,sadness,10
i just feel quite like giving up and i can't shake it.,depression,4
i just feel totally under pressure.,stress,11
i think i'm totally unattractive i don't know why.,body_image_issue,2
i'm really a bit horrible about how i look right now.,body_image_issue,2
i am so fried,burnout,3
"honestly, i'm deeply not good enough more than usual.",low_self_esteem,8
"honestly, i'm extremely nervous right now.",anxiety,1
right now i'm very drained lately.,burnout,3
"honestly, i'm incredibly just chilling more than usual.",neutral,9
right now i'm kind of overwhelmed by studying right now.,exam_stress,5
"honestly, i'm irritated...",anger,0
right now i'm isolated.,loneliness,7
these days i feel so light-hearted honestly.,joy,6
tbh i'm deeply tearful lately.,sadness,10
i'm so miserable i don't know why.,sadness,10
right now i'm so without purpose today.,depression,4
today i feel very overwhelmed right now.,stress,11
tbh i'm completely afraid honestly.,anxiety,1
i'm very anxious about my upcoming exam i don't know why.,exam_stress,5
light-hearted right now.,joy,6
i keep feeling somewhat disgusting in the mirror...,body_image_issue,2
it seems i'm incredibly exhausted from work these days.,burnout,3
i feel very on edge,anxiety,1
i'm really quite swamped right now.,stress,11
today i feel somewhat run down honestly.,stress,11
i'm totally worried about the test more than usual.,exam_stress,5
i feel so pissed off,anger,0
i just feel quite ugly right now.,body_image_issue,2
i'm deeply lonely more than usual.,loneliness,7
i feel a bit happy right now.,joy,6
i've been really scared and i can't shake it.,anxiety,1
sometimes i feel very annoyed,anger,0
it seems i'm deeply panicking about finals lately.,exam_stress,5
sometimes i feel deeply emotionally exhausted lately.,burnout,3
sometimes i feel extremely mad these days.,anger,0
tbh i'm kind of tearful more than usual.,sadness,10
i've been incredibly stressed about my exams right now.,exam_stress,5
sometimes i feel somewhat ashamed of my body these days.,body_image_issue,2
sometimes i feel somewhat nervous,anxiety,1
lately i feel kind of irritated lately.,anger,0
i am incredibly disgusting in the mirror...,body_image_issue,2
tbh i'm incredibly unhappy lately.,sadness,10
today i feel very grateful today.,joy,6
tbh i'm completely fried today.,burnout,3
i keep feeling deeply useless these days.,low_self_esteem,8
it seems i'm joyful lately.,joy,6
today i feel so not good enough more than usual.,low_self_esteem,8
"honestly, i'm totally horrible about how i look today.",body_image_issue,2
today i feel incredibly horrible about how i look right now.,body_image_issue,2
quite enraged today.,anger,0
these days i feel totally blue honestly.,sadness,10
i've been very insecure about my appearance.,body_image_issue,2
sometimes i feel completely pleased i don't know why.,joy,6
right now i'm totally angry i don't know why.,anger,0
these days i feel very angry today.,anger,0
so unattractive right now.,body_image_issue,2
sometimes i feel really grateful and i can't shake it.,joy,6
sometimes i feel incredibly disgusting in the mirror honestly.,body_image_issue,2
i'm totally frustrated honestly.,anger,0
i feel quite stressed.,stress,11
lately i feel so glad these days.,joy,6
sometimes i feel quite overwhelmed by studying lately.,exam_stress,5
work is piling up on me.,stress,11
i am tense,anxiety,1
i keep feeling somewhat like nobody likes me and i can't shake it.,low_self_esteem,8
right now i'm completely fine,neutral,9
"honestly, i'm very panicky lately.",anxiety,1
i'm really just chilling today.,neutral,9
today i feel totally useless today.,low_self_esteem,8
i am a bit forgotten today.,loneliness,7
somewhat by myself lately.,loneliness,7
it seems i'm completely melancholic,sadness,10
i am incredibly down lately.,sadness,10
sometimes i feel so panicking about finals i don't know why.,exam_stress,5
i think i'm somewhat panicking about finals more than usual.,exam_stress,5
i feel quite lonely today.,loneliness,7
today i feel extremely pleased today.,joy,6
i'm really completely exhausted from work lately.,burnout,3
these days i feel really forgotten and i can't shake it.,loneliness,7
sometimes i feel totally anxious about my upcoming exam right now.,exam_stress,5
lately i feel completely irritated...,anger,0
completely annoyed more than usual.,anger,0
i'm really smiling...,joy,6
i am a bit heartbroken and i can't shake it.,sadness,10
i think i'm totally in a good mood right now.,joy,6
sometimes i feel somewhat swamped.,stress,11
i feel incredibly like there's no point lately.,depression,4
i keep feeling very enraged.,anger,0
sometimes i feel balanced today.,neutral,9
i'm so hopeless right now.,depression,4
i'm kind of furious,anger,0
i feel quite left out.,loneliness,7
i'm really a bit thankful i don't know why.,joy,6
it seems i'm really miserable more than usual.,sadness,10
i am very panicking about finals honestly.,exam_stress,5
"honestly, i'm alone these days.",loneliness,7
it seems i'm very run down honestly.,stress,11
right now i'm angry lately.,anger,0
these days i feel so ashamed of my body lately.,body_image_issue,2
right now i'm fat these days.,body_image_issue,2
"honestly, i'm incredibly like a failure i don't know why.",low_self_esteem,8
somewhat scared i'll fail my exam today.,exam_stress,5
i've been quite scared i'll fail my exam and i can't shake it.,exam_stress,5
i keep feeling completely like nothing matters these days.,depression,4
right now i'm really frustrated today.,anger,0
right now i'm kind of drained these days.,burnout,3
today i feel numb...,depression,4
"honestly, i'm a bit worried about the test i don't know why.",exam_stress,5
i've been very just chilling...,neutral,9
these days i feel totally gloomy more than usual.,sadness,10
i'm really incredibly disconnected and i can't shake it.,loneliness,7
tbh i'm extremely like a failure today.,low_self_esteem,8
i am deeply just chilling and i can't shake it.,neutral,9
i'm really completely heartbroken more than usual.,sadness,10
lately i feel somewhat like a failure today.,low_self_esteem,8
i've been somewhat like a failure...,low_self_esteem,8
these days i feel really angry today.,anger,0
i just feel somewhat disconnected...,loneliness,7
i'm really so worthless more than usual.,depression,4
lately i feel completely stressed about my exams i don't know why.,exam_stress,5
i'm really really stupid...,low_self_esteem,8
i've been totally calm honestly.,neutral,9
sometimes i feel incredibly unhappy,sadness,10
right now i'm deeply resentful these days.,anger,0
i feel somewhat empty,depression,4
i'm totally anxious today.,anxiety,1
right now i'm somewhat left out,loneliness,7
"honestly, i'm in a good mood lately.",joy,6
lately i feel totally grateful today.,joy,6
i'm really incredibly pressured...,stress,11
i feel very tearful right now.,sadness,10
i'm really quite nervous...,anxiety,1
i'm really extremely worried about the test honestly.,exam_stress,5
right now i'm horrible about how i look.,body_image_issue,2
right now i'm quite left out today.,loneliness,7
i am very like nothing matters i don't know why.,depression,4
really annoyed,anger,0
i just feel very down more than usual.,sadness,10
it seems i'm very stressed about my exams more than usual.,exam_stress,5
i feel a bit miserable today.,sadness,10
tbh i'm somewhat resentful.,anger,0
incredibly scared i'll fail my exam honestly.,exam_stress,5
it seems i'm kind of without purpose,depression,4
i'm extremely without purpose i don't know why.,depression,4
tbh i'm a bit calm these days.,neutral,9
i'm very stressed about my exams,exam_stress,5
i'm kind of insecure about myself...,low_self_esteem,8
it seems i'm kind of ashamed of my body honestly.,body_image_issue,2
totally smiling right now.,joy,6
i think i'm incredibly forgotten.,loneliness,7
i'm really a bit stupid these days.,low_self_esteem,8
i feel very not good enough more than usual.,low_self_esteem,8
a bit by myself today.,loneliness,7
right now i'm quite neutral honestly.,neutral,9
sometimes i feel extremely ugly today.,body_image_issue,2
i've been kind of afraid i don't know why.,anxiety,1
these days i feel somewhat ugly right now.,body_image_issue,2
i am extremely worried about the test,exam_stress,5
i am quite depleted,burnout,3
i feel so worthless these days.,depression,4
i feel a bit down right now.,sadness,10
i feel a bit calm more than usual.,neutral,9
"honestly, i'm deeply isolated these days.",loneliness,7
these days i feel extremely worried about the test...,exam_stress,5
i've been very like i don't matter...,low_self_esteem,8
it seems i'm kind of depleted...,burnout,3
i'm really extremely scared i'll fail my exam honestly.,exam_stress,5
i think i'm incredibly like there's no point more than usual.,depression,4
i feel quite not good enough today.,low_self_esteem,8
i'm really completely ugly more than usual.,body_image_issue,2
these days i feel somewhat furious these days.,anger,0
right now i'm balanced i don't know why.,neutral,9
right now i'm extremely annoyed right now.,anger,0
"honestly, i'm a bit enraged these days.",anger,0
i am somewhat depleted,burnout,3
i keep feeling very fat right now.,body_image_issue,2
i'm so normal.,neutral,9
lately i feel fat these days.,body_image_issue,2
lately i feel deeply resentful and i can't shake it.,anger,0
i'm really completely stressed and i can't shake it.,stress,11
"honestly, i'm kind of balanced these days.",neutral,9
i'm quite down honestly.,sadness,10
it seems i'm really worthless lately.,low_self_esteem,8
i'm really completely running on empty.,burnout,3
lately i feel totally lonely,loneliness,7
i feel depleted honestly.,burnout,3
a bit like nothing matters.,depression,4
"honestly, i'm incredibly like nobody likes me i don't know why.",low_self_esteem,8
it seems i'm really left out.,loneliness,7
i think i'm happy,joy,6
i just feel totally uneasy honestly.,anxiety,1
today i feel deeply down these days.,sadness,10
i feel somewhat fat honestly.,body_image_issue,2
sometimes i feel incredibly swamped these days.,stress,11
i'm really somewhat in a good mood and i can't shake it.,joy,6
i just feel very emotionally exhausted...,burnout,3
i think i'm so disgusting in the mirror i don't know why.,body_image_issue,2
i keep feeling very numb.,depression,4
"honestly, i'm completely gloomy lately.",sadness,10
lately i feel kind of content today.,joy,6
lately i feel totally tense from work...,stress,11
i'm very like nothing matters more than usual.,depression,4
i keep feeling incredibly invisible.,loneliness,7
i feel incredibly insecure about myself today.,low_self_esteem,8
today i feel kind of under pressure and i can't shake it.,stress,11
i keep feeling a bit ugly today.,body_image_issue,2
these days i feel extremely enraged lately.,anger,0
right now i'm deeply smiling these days.,joy,6
sometimes i feel completely shaky today.,anxiety,1
i just feel so unattractive.,body_image_issue,2
lately i feel so uneasy more than usual.,anxiety,1
"honestly, i'm grateful i don't know why.",joy,6
i feel incredibly in a good mood lately.,joy,6
right now i'm quite upset more than usual.,sadness,10
sometimes i feel kind of ashamed of my body i don't know why.,body_image_issue,2
lately i feel somewhat fearful...,anxiety,1
i am somewhat disgusting in the mirror,body_image_issue,2
"honestly, i'm very done lately.",burnout,3
these days i feel kind of scared these days.,anxiety,1
i'm really completely fine,neutral,9
i just feel insecure about myself and i can't shake it.,low_self_esteem,8
i am just chilling these days.,neutral,9
it's a quiet afternoon...,neutral,9
i just feel extremely insecure about myself and i can't shake it.,low_self_esteem,8
i think i'm quite run down i don't know why.,stress,11
i think i'm totally fearful these days.,anxiety,1
completely stupid more than usual.,low_self_esteem,8
i'm really kind of apprehensive more than usual.,anxiety,1
it seems i'm gloomy these days.,sadness,10
i just feel incredibly calm.,neutral,9
i've been deeply on edge these days.,anxiety,1
incredibly worried about the test right now.,exam_stress,5
i think i'm incredibly ashamed of my body lately.,body_image_issue,2
sometimes i feel extremely joyful and i can't shake it.,joy,6
today i feel completely fearful right now.,anxiety,1
i'm really completely worried about the test these days.,exam_stress,5
i think i'm incredibly anxious about my upcoming exam right now.,exam_stress,5
i am so horrible about how i look these days.,body_image_issue,2
today i feel somewhat just chilling today.,neutral,9
it seems i'm completely scared i'll fail my exam honestly.,exam_stress,5
completely stressed more than usual.,stress,11
tbh i'm like nothing matters,depression,4
lately i feel really empty right now.,depression,4
i'm really kind of anxious about my upcoming exam.,exam_stress,5
i think i'm very balanced honestly.,neutral,9
tbh i'm kind of overwhelmed by studying these days.,exam_stress,5
"honestly, i'm somewhat depleted and i can't shake it.",burnout,3
i've been totally like i don't matter today.,low_self_esteem,8
i just feel so sad lately.,sadness,10
these days i feel quite unhappy these days.,sadness,10
tbh i'm kind of fine more than usual.,neutral,9
i feel incredibly thankful honestly.,joy,6
sometimes i feel extremely blessed and i can't shake it.,joy,6
i'm really totally like i don't matter lately.,low_self_esteem,8
i've been incredibly horrible about how i look...,body_image_issue,2
drained of meaning honestly.,depression,4
today i feel disgusting in the mirror i don't know why.,body_image_issue,2
tbh i'm completely empty today.,depression,4
lately i feel kind of scared these days.,anxiety,1
"honestly, i'm very pleased",joy,6
i'm really totally overwhelmed by studying today.,exam_stress,5
it seems i'm deeply pressured...,stress,11
so nervous honestly.,anxiety,1
i just feel so useless these days.,low_self_esteem,8
these days i feel very ugly i don't know why.,body_image_issue,2
i feel completely furious today.,anger,0
it seems i'm extremely insecure about my appearance today.,body_image_issue,2
i think i'm very panicking about finals honestly.,exam_stress,5
it seems i'm quite low i don't know why.,sadness,10
i'm really kind of blue today.,sadness,10
i keep feeling unattractive and i can't shake it.,body_image_issue,2
i keep feeling very lonely more than usual.,loneliness,7
i am alone today.,loneliness,7
"honestly, i'm incredibly like a failure and i can't shake it.",low_self_esteem,8
sometimes i feel a bit done and i can't shake it.,burnout,3
right now i'm completely invisible more than usual.,loneliness,7
these days i feel incredibly isolated today.,loneliness,7
i feel a bit alright i don't know why.,neutral,9
i keep feeling completely alone today.,loneliness,7
right now i'm really at ease lately.,neutral,9
"honestly, i'm a bit fuming these days.",anger,0
"honestly, i'm useless honestly.",low_self_esteem,8
i'm really completely stupid.,low_self_esteem,8
tbh i'm incredibly drained i don't know why.,burnout,3
right now i'm kind of running on empty lately.,burnout,3
right now i'm completely optimistic...,joy,6
"honestly, i'm a bit enraged and i can't shake it.",anger,0
i think i'm really content more than usual.,joy,6
"honestly, i'm somewhat stupid",low_self_esteem,8
i'm really kind of stressed about my exams.,exam_stress,5
i just feel somewhat apprehensive honestly.,anxiety,1
today i feel really isolated and i can't shake it.,loneliness,7
so alone...,loneliness,7
i'm really without purpose i don't know why.,depression,4
it seems i'm quite worthless today.,depression,4
sometimes i feel extremely nervous more than usual.,anxiety,1
it seems i'm really normal these days.,neutral,9
today i feel quite like a burden...,depression,4
sometimes i feel a bit fine more than usual.,neutral,9
lately i feel really apprehensive...,anxiety,1
i'm really a bit grateful these days.,joy,6
sometimes i feel somewhat melancholic i don't know why.,sadness,10
i just feel irritated these days.,anger,0
i just feel calm i don't know why.,neutral,9
i keep feeling incredibly miserable honestly.,sadness,10
sometimes i feel deeply run down these days.,stress,11
sometimes i feel somewhat lonely and i can't shake it.,loneliness,7
i keep feeling extremely grateful.,joy,6
i'm really so pissed off i don't know why.,anger,0
today i feel kind of fearful i don't know why.,anxiety,1
lately i feel so alright honestly.,neutral,9
it seems i'm kind of disconnected today.,loneliness,7
i just feel extremely heartbroken right now.,sadness,10
sometimes i feel deeply unattractive honestly.,body_image_issue,2
i'm totally isolated lately.,loneliness,7
i feel a bit like a failure these days.,low_self_esteem,8
i just feel so like there's no point i don't know why.,depression,4
i'm deeply smiling...,joy,6
i'm extremely ashamed of my body today.,body_image_issue,2
i keep feeling somewhat in a good mood right now.,joy,6
i keep feeling resentful today.,anger,0
deeply in a good mood i don't know why.,joy,6
i'm really totally worried...,anxiety,1
i feel incredibly numb...,depression,4
it seems i'm not good enough.,low_self_esteem,8
"honestly, i'm incredibly enraged lately.",anger,0
i think i'm very scared i'll fail my exam right now.,exam_stress,5
i just feel kind of horrible about how i look today.,body_image_issue,2
i feel quite upset more than usual.,sadness,10
today i feel kind of depleted lately.,burnout,3
i'm really somewhat depleted these days.,burnout,3
"honestly, i'm kind of like a burden i don't know why.",depression,4
i am completely melancholic these days.,sadness,10
lately i feel totally furious and i can't shake it.,anger,0
i'm really kind of alright.,neutral,9
"honestly, i'm totally uneasy and i can't shake it.",anxiety,1
i keep feeling incredibly unhappy i don't know why.,sadness,10
i feel totally worried about the test lately.,exam_stress,5
i am really fine lately.,neutral,9
today i feel really tearful,sadness,10
i am totally stupid today.,low_self_esteem,8
i feel incredibly neutral...,neutral,9
it seems i'm really grateful.,joy,6
i keep feeling deeply swamped.,stress,11
sometimes i feel a bit calm i don't know why.,neutral,9
in a good mood right now.,joy,6
i keep feeling completely left out right now.,loneliness,7
i've been somewhat exhausted from work honestly.,burnout,3
i'm really completely drained of meaning and i can't shake it.,depression,4
lately i feel normal honestly.,neutral,9
"honestly, i'm extremely alone today.",loneliness,7
it seems i'm totally enraged i don't know why.,anger,0
i keep feeling totally joyful more than usual.,joy,6
i'm really a bit fried...,burnout,3
sometimes i feel a bit anxious about my upcoming exam,exam_stress,5
tbh i'm really left out and i can't shake it.,loneliness,7
"honestly, i'm sad i don't know why.",sadness,10
it seems i'm extremely tense from work i don't know why.,stress,11
it seems i'm kind of emotionally exhausted i don't know why.,burnout,3
today i feel deeply nervous.,anxiety,1
i keep feeling extremely pleased today.,joy,6
i just feel deeply pleased honestly.,joy,6
it seems i'm really anxious about my upcoming exam right now.,exam_stress,5
tbh i'm extremely by myself.,loneliness,7
i feel somewhat isolated i don't know why.,loneliness,7
i'm really so irritated.,anger,0
these days i feel somewhat burnt out these days.,burnout,3
i have nothing left to give...,burnout,3
i'm very calm lately.,neutral,9
i've been very like a burden today.,depression,4
sometimes i feel completely optimistic.,joy,6
"honestly, i'm kind of irritated.",anger,0
sometimes i feel useless i don't know why.,low_self_esteem,8
right now i'm deeply sad honestly.,sadness,10
i'm really incredibly tearful.,sadness,10
sometimes i feel deeply alone and i can't shake it.,loneliness,7
i am totally panicking about finals lately.,exam_stress,5
i'm really incredibly blue these days.,sadness,10
i've been completely afraid i don't know why.,anxiety,1
"honestly, i'm really irritated and i can't shake it.",anger,0
i've been so empty honestly.,depression,4
right now i'm totally uneasy more than usual.,anxiety,1
i'm really incredibly burnt out i don't know why.,burnout,3
i'm really incredibly thankful more than usual.,joy,6
i think i'm really fat lately.,body_image_issue,2
right now i'm very furious honestly.,anger,0
right now i'm incredibly furious right now.,anger,0
it seems i'm very ugly lately.,body_image_issue,2
i keep feeling totally shaky today.,anxiety,1
sometimes i feel totally frustrated...,anger,0
today i feel kind of miserable right now.,sadness,10
i think i'm quite enraged.,anger,0
i've been somewhat just chilling and i can't shake it.,neutral,9
kind of upset,sadness,10
sometimes i feel totally fine and i can't shake it.,neutral,9
it seems i'm totally unhappy today.,sadness,10
lately i feel so unattractive honestly.,body_image_issue,2
i am deeply buried in tasks these days.,stress,11
i just feel very anxious.,anxiety,1
i feel extremely forgotten and i can't shake it.,loneliness,7
"honestly, studying all night and still nothing sticks",exam_stress,5
today i feel totally miserable...,sadness,10
i am deeply fine honestly.,neutral,9
i feel somewhat depleted lately.,burnout,3
i'm really kind of fine and i can't shake it.,neutral,9
sometimes i feel pressured,stress,11
tbh i'm a bit horrible about how i look,body_image_issue,2
i just feel without purpose today.,depression,4
"honestly, i'm totally stressed about my exams honestly.",exam_stress,5
i'm really totally at ease right now.,neutral,9
i think i'm somewhat drained lately.,burnout,3
i am a bit thankful lately.,joy,6
it seems i'm incredibly useless more than usual.,low_self_esteem,8
i feel incredibly unattractive.,body_image_issue,2
these days i feel deeply pissed off honestly.,anger,0
i'm kind of like i don't matter and i can't shake it.,low_self_esteem,8
tbh i'm a bit content,joy,6
it seems i'm extremely anxious about my upcoming exam.,exam_stress,5
sometimes i feel very done today.,burnout,3
i'm really really stressed...,stress,11
i think i'm somewhat running on empty today.,burnout,3
incredibly worthless...,depression,4
sometimes i feel incredibly fine these days.,neutral,9
i feel extremely drained,burnout,3
i keep feeling really unattractive.,body_image_issue,2
today i feel deeply depleted these days.,burnout,3
today i feel completely swamped,stress,11
i'm really extremely upset these days.,sadness,10
completely like nobody likes me,low_self_esteem,8
right now i'm somewhat useless i don't know why.,low_self_esteem,8
i'm extremely ugly honestly.,body_image_issue,2
i'm totally fat i don't know why.,body_image_issue,2
so alone i don't know why.,loneliness,7
tbh i'm so useless.,low_self_esteem,8
i'm really so swamped...,stress,11
right now i'm kind of tearful lately.,sadness,10
today i feel really overwhelmed honestly.,stress,11
right now i'm quite worthless honestly.,low_self_esteem,8
lately i feel really stressed more than usual.,stress,11
right now i'm very depleted today.,burnout,3
tbh i'm somewhat tense honestly.,anxiety,1
i'm really completely on edge...,anxiety,1
i've been completely stupid...,low_self_esteem,8
i keep feeling completely depleted these days.,burnout,3
"honestly, i'm deeply tense from work honestly.",stress,11
right now i'm so burnt out today.,burnout,3
right now i'm deeply burnt out today.,burnout,3
so tearful...,sadness,10
these days i feel somewhat exhausted from work and i can't shake it.,burnout,3
right now i'm very resentful lately.,anger,0
"honestly, i'm very disgusting in the mirror",body_image_issue,2
i think i'm totally drained of meaning honestly.,depression,4
i've been totally depleted today.,burnout,3
quite emotionally exhausted lately.,burnout,3
i think i'm completely by myself right now.,loneliness,7
i keep feeling extremely glad.,joy,6
quite cheerful and i can't shake it.,joy,6
i think i'm extremely emotionally exhausted lately.,burnout,3
right now i'm extremely run down lately.,stress,11
"honestly, i'm deeply panicking about finals",exam_stress,5
i've been somewhat isolated...,loneliness,7
i just feel deeply scared i'll fail my exam i don't know why.,exam_stress,5
i think i'm kind of scared i'll fail my exam...,exam_stress,5
i'm really totally like nobody likes me these days.,low_self_esteem,8
it seems i'm so burnt out right now.,burnout,3
i'm really somewhat calm...,neutral,9
i think i'm incredibly mad i don't know why.,anger,0
i am quite empty.,depression,4
like nobody likes me and i can't shake it.,low_self_esteem,8
today i feel very annoyed right now.,anger,0
it seems i'm kind of like a failure,low_self_esteem,8
it seems i'm completely horrible about how i look honestly.,body_image_issue,2
sometimes i feel deeply alright these days.,neutral,9
tbh i'm a bit fine i don't know why.,neutral,9
"honestly, i'm totally like a failure.",low_self_esteem,8
"honestly, i'm kind of emotionally exhausted i don't know why.",burnout,3
i've been completely like a failure lately.,low_self_esteem,8
tbh i'm really gloomy,sadness,10
lately i feel a bit like nobody likes me right now.,low_self_esteem,8
i just feel somewhat enraged i don't know why.,anger,0
sometimes i feel kind of sad lately.,sadness,10
"honestly, i'm incredibly left out more than usual.",loneliness,7
tbh i'm really fine honestly.,neutral,9
i've been completely swamped.,stress,11
i'm completely by myself,loneliness,7
i just feel deeply panicky right now.,anxiety,1
i am incredibly run down these days.,stress,11
sometimes i feel incredibly disgusting in the mirror and i can't shake it.,body_image_issue,2
i think i'm extremely left out more than usual.,loneliness,7
"honestly, i'm extremely grateful today.",joy,6
right now i'm quite resentful these days.,anger,0
i'm really really joyful lately.,joy,6
i feel extremely light-hearted today.,joy,6
these days i feel incredibly frustrated right now.,anger,0
i think i'm deeply by myself today.,loneliness,7
tbh i'm incredibly isolated lately.,loneliness,7
sometimes i feel so tearful right now.,sadness,10
today i feel really alone right now.,loneliness,7
lately i feel deeply forgotten and i can't shake it.,loneliness,7
i think i'm so worried about the test honestly.,exam_stress,5
i think i'm a bit ugly honestly.,body_image_issue,2
sometimes i feel so fat these days.,body_image_issue,2
today i feel quite upset lately.,sadness,10
today i feel a bit fine these days.,neutral,9
i keep feeling a bit fearful honestly.,anxiety,1
somewhat without purpose i don't know why.,depression,4
these days i feel somewhat by myself right now.,loneliness,7
these days i feel very stressed about my exams and i can't shake it.,exam_stress,5
i feel somewhat content right now.,joy,6
right now i'm so down more than usual.,sadness,10
i keep feeling incredibly under pressure lately.,stress,11
it seems i'm kind of like giving up.,depression,4
i keep feeling incredibly thankful lately.,joy,6
i think i'm kind of calm honestly.,neutral,9
i'm a bit insecure about myself right now.,low_self_esteem,8
sometimes i feel afraid these days.,anxiety,1
i'm a bit cheerful these days.,joy,6
"honestly, i'm completely like giving up today.",depression,4
i've been kind of at ease and i can't shake it.,neutral,9
tbh i'm totally angry honestly.,anger,0
"honestly, i'm very like a burden right now.",depression,4
i just feel really under pressure today.,stress,11
i just feel deeply isolated right now.,loneliness,7
lately i feel extremely disgusting in the mirror i don't know why.,body_image_issue,2
i'm really kind of forgotten and i can't shake it.,loneliness,7
i'm really really scared i'll fail my exam today.,exam_stress,5
deeply low...,sadness,10
these days i feel really like a failure these days.,low_self_esteem,8
lately i feel extremely low lately.,sadness,10
"honestly, i'm incredibly delighted these days.",joy,6
so stressed about my exams i don't know why.,exam_stress,5
i am completely fuming...,anger,0
today i feel somewhat swamped right now.,stress,11
i feel really resentful today.,anger,0
i am really overwhelmed by studying honestly.,exam_stress,5
i keep feeling hopeless i don't know why.,depression,4
i'm incredibly like i don't matter these days.,low_self_esteem,8
i'm incredibly at ease today.,neutral,9
it seems i'm deeply tense from work and i can't shake it.,stress,11
sometimes i feel quite worried about the test i don't know why.,exam_stress,5
right now i'm somewhat overwhelmed by studying i don't know why.,exam_stress,5
i just feel completely drained of meaning,depression,4
i keep feeling completely isolated these days.,loneliness,7
i keep feeling somewhat hopeless i don't know why.,depression,4
i'm a bit furious honestly.,anger,0
right now i'm really alone right now.,loneliness,7
i'm really somewhat afraid i don't know why.,anxiety,1
i keep feeling really drained honestly.,burnout,3
these days i feel really enraged more than usual.,anger,0
i am completely under pressure lately.,stress,11
tbh i'm kind of scared these days.,anxiety,1
lately i feel totally exhausted from work honestly.,burnout,3
i think i'm incredibly resentful more than usual.,anger,0
i am deeply tearful these days.,sadness,10
i just feel really like a failure...,low_self_esteem,8
lately i feel so ugly right now.,body_image_issue,2
i keep feeling completely heartbroken these days.,sadness,10
i've been totally exhausted from work i don't know why.,burnout,3
i am quite empty more than usual.,depression,4
sometimes i feel somewhat unhappy i don't know why.,sadness,10
i'm really somewhat overwhelmed by studying honestly.,exam_stress,5
it seems i'm a bit left out,loneliness,7
right now i'm completely not good enough and i can't shake it.,low_self_esteem,8
it seems i'm somewhat stupid,low_self_esteem,8
right now i'm extremely fearful more than usual.,anxiety,1
today i feel so stupid honestly.,low_self_esteem,8
i just feel extremely by myself today.,loneliness,7
i'm really very sad,sadness,10
today i feel deeply worried about the test.,exam_stress,5
lately i feel somewhat stressed and i can't shake it.,stress,11
tbh i'm incredibly afraid,anxiety,1
i think i'm kind of isolated these days.,loneliness,7
i'm really quite numb,depression,4
i just feel really pressured i don't know why.,stress,11
tbh i'm totally exhausted from work,burnout,3
right now i'm somewhat like nobody likes me and i can't shake it.,low_self_esteem,8
i am so fat...,body_image_issue,2
i'm deeply furious these days.,anger,0
sometimes i feel a bit worried about the test lately.,exam_stress,5
i'm really scared i'll fail my exam more than usual.,exam_stress,5
these days i feel a bit at ease honestly.,neutral,9
right now i'm furious right now.,anger,0
sometimes i feel completely worried about the test,exam_stress,5
it seems i'm really alone right now.,loneliness,7
these days i feel really resentful i don't know why.,anger,0
it seems i'm kind of disgusting in the mirror.,body_image_issue,2
i'm kind of tearful lately.,sadness,10
i think i'm very nervous lately.,anxiety,1
lately i feel kind of numb more than usual.,depression,4
right now i'm somewhat resentful honestly.,anger,0
i am somewhat empty...,depression,4
i just feel completely disgusting in the mirror i don't know why.,body_image_issue,2
i keep feeling completely on edge these days.,anxiety,1
i am quite run down more than usual.,stress,11
i keep feeling extremely panicking about finals today.,exam_stress,5
i'm really kind of pleased lately.,joy,6
totally like giving up and i can't shake it.,depression,4
tbh i'm really worried about the test right now.,exam_stress,5
"honestly, i'm somewhat like i don't matter right now.",low_self_esteem,8
tbh i'm incredibly tense.,anxiety,1
today i feel somewhat sad today.,sadness,10
i feel somewhat low,sadness,10
i feel quite panicking about finals and i can't shake it.,exam_stress,5
i think i'm a bit invisible these days.,loneliness,7
deeply worried about the test i don't know why.,exam_stress,5
tbh i'm horrible about how i look these days.,body_image_issue,2
i keep feeling completely stupid.,low_self_esteem,8
"honestly, i'm a bit scared i'll fail my exam honestly.",exam_stress,5
extremely left out,loneliness,7
sometimes i feel deeply depleted...,burnout,3
today i feel somewhat panicking about finals.,exam_stress,5
i feel extremely insecure about my appearance.,body_image_issue,2
these days i feel kind of like a failure more than usual.,low_self_esteem,8
i just feel somewhat unattractive more than usual.,body_image_issue,2
i feel incredibly exhausted from work,burnout,3
i feel kind of scared i'll fail my exam i don't know why.,exam_stress,5
i am somewhat unhappy right now.,sadness,10
i keep feeling totally melancholic more than usual.,sadness,10
it seems i'm so useless more than usual.,low_self_esteem,8
i just feel really shaky honestly.,anxiety,1
i've been kind of balanced lately.,neutral,9
i've been incredibly like i don't matter these days.,low_self_esteem,8
quite content i don't know why.,joy,6
totally blue and i can't shake it.,sadness,10
it seems i'm very like nothing matters and i can't shake it.,depression,4
i am extremely stressed about my exams right now.,exam_stress,5
i'm really completely emotionally exhausted more than usual.,burnout,3
"honestly, i'm so worthless",low_self_esteem,8
i keep feeling so like giving up these days.,depression,4
right now i'm extremely depleted,burnout,3
i am somewhat alone these days.,loneliness,7
i am extremely miserable lately.,sadness,10
i'm really very not good enough.,low_self_esteem,8
i'm really completely swamped lately.,stress,11
i just feel really low honestly.,sadness,10
quite heartbroken and i can't shake it.,sadness,10
tbh i feel like i'm just existing :(,depression,4
right now i'm quite scared i'll fail my exam today.,exam_stress,5
sometimes i feel completely fuming today.,anger,0
i've been kind of disgusting in the mirror today.,body_image_issue,2
i'm really a bit invisible...,loneliness,7
i just feel really disgusting in the mirror right now.,body_image_issue,2
i'm really very like a failure...,low_self_esteem,8
"honestly, i'm somewhat uneasy i don't know why.",anxiety,1
it seems i'm kind of sad i don't know why.,sadness,10
i am completely grateful,joy,6
it seems i'm very scared i'll fail my exam lately.,exam_stress,5
i am completely in a good mood more than usual.,joy,6
lately i feel smiling lately.,joy,6
extremely worthless lately.,depression,4
tbh i'm extremely okay more than usual.,neutral,9
i'm really irritated,anger,0
i'm somewhat fuming.,anger,0
i'm really incredibly like a burden these days.,depression,4
very enraged right now.,anger,0
today i feel somewhat stupid honestly.,low_self_esteem,8
i've been very pressured these days.,stress,11
tbh i'm somewhat under pressure i don't know why.,stress,11
i think i'm incredibly under pressure these days.,stress,11
"honestly, i'm really angry today.",anger,0
kind of low and i can't shake it.,sadness,10
i think i'm very upset honestly.,sadness,10
lately i feel a bit fuming...,anger,0
very like i don't matter,low_self_esteem,8
tbh i'm totally sad today.,sadness,10
sometimes i feel deeply disconnected and i can't shake it.,loneliness,7
"honestly, i'm really worried about the test lately.",exam_stress,5
i'm a bit anxious about my upcoming exam i don't know why.,exam_stress,5
i just feel a bit pissed off and i can't shake it.,anger,0
sometimes i feel kind of under pressure and i can't shake it.,stress,11
"honestly, my boss keeps adding more tasks :(",stress,11
i keep feeling like a burden right now.,depression,4
i'm really extremely blessed...,joy,6
i just feel somewhat like a failure and i can't shake it.,low_self_esteem,8
i just feel so pleased more than usual.,joy,6
i keep feeling so left out more than usual.,loneliness,7
i just feel kind of annoyed and i can't shake it.,anger,0
i just feel really forgotten more than usual.,loneliness,7
everything feels pointless lately :(,depression,4
tbh studying all night and still nothing sticks...,exam_stress,5
i've been quite uneasy more than usual.,anxiety,1
i'm really scared i'll fail my exam i don't know why.,exam_stress,5
i'm really very okay lately.,neutral,9
lately i feel extremely without purpose lately.,depression,4
tbh i'm incredibly buried in tasks honestly.,stress,11
right now i'm somewhat enraged...,anger,0
tbh i'm a bit without purpose today.,depression,4
lately i feel quite fine and i can't shake it.,neutral,9
i'm totally joyful,joy,6
"honestly, i'm really like giving up these days.",depression,4
i just feel really disconnected more than usual.,loneliness,7
i'm totally alright these days.,neutral,9
these days i feel totally tense,anxiety,1
it seems i'm very panicking about finals,exam_stress,5
it seems i'm a bit panicking about finals and i can't shake it.,exam_stress,5
sometimes i feel deeply worried...,anxiety,1
right now i'm totally tense,anxiety,1
i'm really totally fearful.,anxiety,1
"honestly, i'm really down right now.",sadness,10
sometimes i feel kind of enraged...,anger,0
sometimes i feel totally alone lately.,loneliness,7
"honestly, i'm very like there's no point these days.",depression,4
sometimes i feel incredibly tense from work,stress,11
today i feel incredibly melancholic.,sadness,10
i'm fine right now.,neutral,9
i just feel so blue...,sadness,10
i keep feeling deeply alright right now.,neutral,9
i feel totally uneasy more than usual.,anxiety,1
i am quite grateful.,joy,6
i've been done...,burnout,3
sometimes i feel very scared.,anxiety,1
i keep feeling so invisible honestly.,loneliness,7
tbh i'm completely done today.,burnout,3
sometimes i feel really pressured right now.,stress,11
"honestly, i'm deeply stressed.",stress,11
i'm really totally on edge i don't know why.,anxiety,1
i am deeply stupid...,low_self_esteem,8
i think i'm deeply fuming honestly.,anger,0
i'm extremely happy more than usual.,joy,6
i'm furious today.,anger,0
today i feel incredibly worried about the test these days.,exam_stress,5
"honestly, i'm very like i don't matter honestly.",low_self_esteem,8
it seems i'm quite invisible right now.,loneliness,7
i think i'm kind of disgusting in the mirror.,body_image_issue,2
really worthless right now.,low_self_esteem,8
i keep feeling deeply like i don't matter i don't know why.,low_self_esteem,8
i am completely invisible i don't know why.,loneliness,7
i am extremely upset honestly.,sadness,10
i keep feeling somewhat gloomy today.,sadness,10
sometimes i feel very invisible today.,loneliness,7
i keep feeling kind of balanced right now.,neutral,9
right now i'm somewhat useless more than usual.,low_self_esteem,8
i am really horrible about how i look lately.,body_image_issue,2
tbh i'm completely calm and i can't shake it.,neutral,9
tbh i'm quite unattractive lately.,body_image_issue,2
sometimes i feel extremely fuming,anger,0
i think i'm completely apprehensive...,anxiety,1
i am so disgusting in the mirror...,body_image_issue,2
right now i'm really done these days.,burnout,3
it seems i'm deeply scared i'll fail my exam,exam_stress,5
i feel somewhat enraged...,anger,0
i've been quite anxious about my upcoming exam.,exam_stress,5
i'm worthless.,low_self_esteem,8
these days i feel extremely numb,depression,4
i think i'm so unattractive honestly.,body_image_issue,2
tbh i'm really stressed about my exams.,exam_stress,5
sometimes i feel stressed about my exams lately.,exam_stress,5
"honestly, i'm incredibly worthless today.",low_self_esteem,8
so sad i don't know why.,sadness,10
somewhat apprehensive and i can't shake it.,anxiety,1
today i feel so insecure about myself these days.,low_self_esteem,8
today i feel completely scared and i can't shake it.,anxiety,1
i'm really quite fuming and i can't shake it.,anger,0
i'm completely blue more than usual.,sadness,10
right now i'm really joyful honestly.,joy,6
i just feel overwhelmed more than usual.,stress,11
it seems i'm irritated.,anger,0
i think i'm so not good enough.,low_self_esteem,8
i think i'm kind of tense from work and i can't shake it.,stress,11
i'm really kind of disconnected lately.,loneliness,7
i think i'm somewhat angry right now.,anger,0
i'm like there's no point today.,depression,4
i think i'm so light-hearted and i can't shake it.,joy,6
i'm really a bit hopeless and i can't shake it.,depression,4
"honestly, i'm totally disgusting in the mirror and i can't shake it.",body_image_issue,2
i keep feeling a bit irritated and i can't shake it.,anger,0
these days i feel a bit neutral more than usual.,neutral,9
it seems i'm totally like giving up...,depression,4
i've been so neutral and i can't shake it.,neutral,9
lately i feel extremely by myself.,loneliness,7
i keep feeling totally heartbroken honestly.,sadness,10
right now i'm quite under pressure today.,stress,11
i feel so ashamed of my body i don't know why.,body_image_issue,2
sometimes i feel a bit light-hearted right now.,joy,6
i am completely emotionally exhausted i don't know why.,burnout,3
i'm completely smiling more than usual.,joy,6
lately i feel so miserable,sadness,10
i keep feeling so horrible about how i look today.,body_image_issue,2
i am somewhat depleted today.,burnout,3
tbh i'm extremely ugly honestly.,body_image_issue,2
i've been extremely worried about the test i don't know why.,exam_stress,5
deeply pissed off right now.,anger,0
tbh i'm quite tearful.,sadness,10
i'm really extremely numb honestly.,depression,4
i'm quite tense right now.,anxiety,1
today i feel so shaky right now.,anxiety,1
i keep feeling totally by myself,loneliness,7
i've been quite fearful today.,anxiety,1
lately i feel somewhat running on empty i don't know why.,burnout,3
i feel nervous these days.,anxiety,1
incredibly drained these days.,burnout,3
tbh i'm totally calm,neutral,9
i've been disgusting in the mirror,body_image_issue,2
"honestly, i'm kind of heartbroken honestly.",sadness,10
"honestly, i'm extremely uneasy and i can't shake it.",anxiety,1
today i feel extremely tearful,sadness,10
i feel happy more than usual.,joy,6
sometimes i feel incredibly invisible...,loneliness,7
"honestly, i'm extremely in a good mood more than usual.",joy,6
these days i feel quite frustrated lately.,anger,0
i'm really a bit anxious about my upcoming exam today.,exam_stress,5
i've been horrible about how i look today.,body_image_issue,2
"honestly, i'm somewhat fine and i can't shake it.",neutral,9
right now i'm emotionally exhausted lately.,burnout,3
i'm somewhat depleted today.,burnout,3
"honestly, i'm quite unattractive more than usual.",body_image_issue,2
i just feel somewhat on edge i don't know why.,anxiety,1
i am somewhat angry i don't know why.,anger,0
i think i'm incredibly hopeless right now.,depression,4
these days i feel so isolated honestly.,loneliness,7
i am kind of panicky more than usual.,anxiety,1
today i feel pressured honestly.,stress,11
lately i feel by myself honestly.,loneliness,7
i feel really sad.,sadness,10
today i feel kind of stupid and i can't shake it.,low_self_esteem,8
today i feel deeply lonely right now.,loneliness,7
"honestly, i'm quite like a burden more than usual.",depression,4
i think i'm quite lonely today.,loneliness,7
i think i'm quite blue and i can't shake it.,sadness,10
i am really under pressure...,stress,11
i feel somewhat like giving up...,depression,4
i am very enraged right now.,anger,0
i've been a bit numb right now.,depression,4
somewhat heartbroken,sadness,10
kind of like nobody likes me more than usual.,low_self_esteem,8
it seems i'm kind of lonely right now.,loneliness,7
i've been really fried...,burnout,3
tbh i'm extremely overwhelmed by studying,exam_stress,5
sometimes i feel very light-hearted today.,joy,6
i keep feeling completely uneasy today.,anxiety,1
i am incredibly scared i'll fail my exam...,exam_stress,5
i feel deeply like a burden...,depression,4
today i feel panicking about finals i don't know why.,exam_stress,5
i'm really deeply upset these days.,sadness,10
today i feel incredibly hopeless these days.,depression,4
"honestly, i'm somewhat empty.",depression,4
right now i'm somewhat resentful more than usual.,anger,0
sometimes i feel completely hopeless right now.,depression,4
i feel quite run down these days.,stress,11
tbh i'm a bit worthless right now.,low_self_esteem,8
sometimes i feel totally stupid these days.,low_self_esteem,8
i just feel extremely balanced...,neutral,9
i've been very anxious,anxiety,1
these days i feel pressured.,stress,11
today i feel completely upset honestly.,sadness,10
i just feel kind of left out honestly.,loneliness,7
right now i'm kind of worthless honestly.,low_self_esteem,8
today i feel quite run down i don't know why.,stress,11
i just feel very scared i'll fail my exam right now.,exam_stress,5
i'm deeply uneasy right now.,anxiety,1
i just feel very hopeless,depression,4
"honestly, i'm a bit furious...",anger,0
sometimes i feel completely under pressure honestly.,stress,11
i've been quite disconnected today.,loneliness,7
lately i feel very normal right now.,neutral,9
lately i feel incredibly exhausted from work.,burnout,3
"honestly, i'm really enraged right now.",anger,0
it seems i'm quite worthless these days.,low_self_esteem,8
i'm really very insecure about my appearance i don't know why.,body_image_issue,2
these days i feel kind of overwhelmed by studying and i can't shake it.,exam_stress,5
tbh i'm so run down today.,stress,11
today i feel so depleted today.,burnout,3
today i feel kind of disgusting in the mirror these days.,body_image_issue,2
i feel kind of pissed off.,anger,0
it seems i'm a bit like there's no point right now.,depression,4
lately i feel incredibly depleted i don't know why.,burnout,3
i think i'm incredibly normal lately.,neutral,9
these days i feel somewhat drained of meaning these days.,depression,4
ngl my exam is in two days and i'm not ready...,exam_stress,5
i'm so drained of meaning i don't know why.,depression,4
i just feel incredibly happy these days.,joy,6
i'm really somewhat okay today.,neutral,9
i feel very horrible about how i look honestly.,body_image_issue,2
i just feel afraid and i can't shake it.,anxiety,1
tbh i'm upset,sadness,10
i'm really somewhat glad and i can't shake it.,joy,6
lately i feel deeply depleted.,burnout,3
today i feel a bit insecure about my appearance honestly.,body_image_issue,2
it seems i'm quite anxious about my upcoming exam right now.,exam_stress,5
i'm extremely like a burden,depression,4
sometimes i feel completely fine honestly.,neutral,9
lately i feel under pressure lately.,stress,11
lately i feel totally blue right now.,sadness,10
right now i'm totally burnt out right now.,burnout,3
i feel somewhat disgusting in the mirror lately.,body_image_issue,2
i'm a bit invisible today.,loneliness,7
tbh i'm very overwhelmed these days.,stress,11
i feel extremely fuming.,anger,0
it seems i'm really scared i'll fail my exam and i can't shake it.,exam_stress,5
i'm really somewhat grateful i don't know why.,joy,6
i just feel kind of in a good mood i don't know why.,joy,6
lately i feel totally uneasy honestly.,anxiety,1
tbh i'm a bit overwhelmed today.,stress,11
lately i feel extremely grateful these days.,joy,6
right now i'm deeply on edge right now.,anxiety,1
i think i'm a bit ashamed of my body more than usual.,body_image_issue,2
i'm really totally run down lately.,stress,11
i am incredibly normal these days.,neutral,9
i've been really scared i'll fail my exam right now.,exam_stress,5
tbh i'm extremely like nobody likes me and i can't shake it.,low_self_esteem,8
i've been completely exhausted from work these days.,burnout,3
lately i feel deeply okay.,neutral,9
lately i feel quite like i don't matter today.,low_self_esteem,8
i think i'm quite blue honestly.,sadness,10
sometimes i feel a bit neutral.,neutral,9
right now i'm really not good enough lately.,low_self_esteem,8
lately i feel emotionally exhausted,burnout,3
it seems i'm unattractive right now.,body_image_issue,2
i feel completely normal...,neutral,9
i just feel like a burden...,depression,4
lately i feel kind of neutral and i can't shake it.,neutral,9
i've been deeply left out more than usual.,loneliness,7
i've been quite fine these days.,neutral,9
it seems i'm kind of pleased honestly.,joy,6
i'm really quite neutral more than usual.,neutral,9
i'm really very down,sadness,10
today i feel deeply horrible about how i look honestly.,body_image_issue,2
lately i feel quite fuming more than usual.,anger,0
right now i'm a bit blessed and i can't shake it.,joy,6
i've been completely like nobody likes me these days.,low_self_esteem,8
i am somewhat emotionally exhausted...,burnout,3
i am extremely forgotten...,loneliness,7
today i feel quite insecure about myself these days.,low_self_esteem,8
right now i'm somewhat neutral...,neutral,9
tbh i'm totally like giving up more than usual.,depression,4
i'm really somewhat happy today.,joy,6
today i feel somewhat overwhelmed lately.,stress,11
it seems i'm quite heartbroken honestly.,sadness,10
i just feel disgusting in the mirror lately.,body_image_issue,2
tbh i'm completely exhausted from work honestly.,burnout,3
today i feel so fearful right now.,anxiety,1
extremely run down today.,stress,11
i just feel really anxious about my upcoming exam and i can't shake it.,exam_stress,5
i just feel totally happy,joy,6
i think i'm incredibly worthless honestly.,depression,4
i am very overwhelmed by studying more than usual.,exam_stress,5
i'm really a bit pissed off honestly.,anger,0
i'm really completely left out right now.,loneliness,7
tbh i'm somewhat overwhelmed by studying i don't know why.,exam_stress,5
right now i'm quite shaky honestly.,anxiety,1
i'm really totally numb today.,depression,4
i am totally okay honestly.,neutral,9
right now i'm incredibly left out more than usual.,loneliness,7
sometimes i feel extremely irritated,anger,0
i feel incredibly thankful...,joy,6
really optimistic more than usual.,joy,6
i feel a bit resentful and i can't shake it.,anger,0
lately i feel incredibly fine these days.,neutral,9
sometimes i feel somewhat fuming i don't know why.,anger,0
very irritated today.,anger,0
these days i feel very emotionally exhausted today.,burnout,3
i am really like a burden right now.,depression,4
lately i feel a bit exhausted from work more than usual.,burnout,3
"honestly, i'm totally thankful more than usual.",joy,6
i just feel really cheerful,joy,6
sometimes i feel deeply horrible about how i look these days.,body_image_issue,2
i'm really quite not good enough more than usual.,low_self_esteem,8
extremely fat today.,body_image_issue,2
these days i feel totally worried more than usual.,anxiety,1
today i feel deeply not good enough,low_self_esteem,8
right now i'm very anxious about my upcoming exam,exam_stress,5
right now i'm kind of optimistic.,joy,6
i feel very empty and i can't shake it.,depression,4
i am deeply like a burden lately.,depression,4
i am so stupid more than usual.,low_self_esteem,8
sometimes i feel extremely neutral today.,neutral,9
these days i feel panicky i don't know why.,anxiety,1
today i feel quite tense from work these days.,stress,11
right now i'm quite like there's no point today.,depression,4
i am so panicky more than usual.,anxiety,1
right now i'm incredibly swamped right now.,stress,11
i'm deeply unattractive honestly.,body_image_issue,2
right now i'm extremely balanced lately.,neutral,9
sometimes i feel burnt out and i can't shake it.,burnout,3
tbh i'm so melancholic honestly.,sadness,10
tbh i'm completely numb lately.,depression,4
i just feel very mad...,anger,0
i'm so depleted i don't know why.,burnout,3
i keep feeling extremely panicky today.,anxiety,1
tbh i wish i looked different,body_image_issue,2
"honestly, i'm quite calm i don't know why.",neutral,9
today i feel kind of optimistic honestly.,joy,6
i feel a bit happy i don't know why.,joy,6
so heartbroken right now.,sadness,10
sometimes i feel swamped lately.,stress,11
i feel completely lonely i don't know why.,loneliness,7
lately i feel smiling and i can't shake it.,joy,6
i'm really incredibly like nothing matters right now.,depression,4
right now i'm really anxious about my upcoming exam and i can't shake it.,exam_stress,5
i think i'm somewhat emotionally exhausted honestly.,burnout,3
i think i'm a bit down lately.,sadness,10
"honestly, i'm somewhat alone lately.",loneliness,7
tbh i'm deeply down.,sadness,10
i feel kind of neutral,neutral,9
i'm very okay i don't know why.,neutral,9
i'm ugly.,body_image_issue,2
sometimes i feel totally fat lately.,body_image_issue,2
i think i'm deeply overwhelmed by studying these days.,exam_stress,5
it seems i'm deeply forgotten i don't know why.,loneliness,7
i feel so worried about the test...,exam_stress,5
i just feel completely unattractive,body_image_issue,2
i'm so panicking about finals today.,exam_stress,5
right now i'm quite fearful honestly.,anxiety,1
sometimes i feel somewhat emotionally exhausted these days.,burnout,3
i'm really incredibly worthless and i can't shake it.,low_self_esteem,8
these days i feel very done...,burnout,3
i am quite insecure about my appearance.,body_image_issue,2
i'm really so at ease honestly.,neutral,9
tbh i'm somewhat gloomy these days.,sadness,10
right now i'm irritated honestly.,anger,0
i've been so drained lately.,burnout,3
tbh i'm quite stressed more than usual.,stress,11
i'm really completely empty honestly.,depression,4
i just feel totally overwhelmed by studying.,exam_stress,5
sometimes i feel totally insecure about my appearance and i can't shake it.,body_image_issue,2
i feel incredibly stressed.,stress,11
i feel quite alone...,loneliness,7
i feel a bit hopeless...,depression,4
i feel kind of alone and i can't shake it.,loneliness,7
i am so pressured i don't know why.,stress,11
tbh i'm totally shaky more than usual.,anxiety,1
it seems i'm quite disconnected and i can't shake it.,loneliness,7
right now i'm somewhat scared i'll fail my exam more than usual.,exam_stress,5
i've been somewhat cheerful today.,joy,6
i think i'm extremely drained honestly.,burnout,3
i just feel kind of disgusting in the mirror,body_image_issue,2
today i feel totally like i don't matter honestly.,low_self_esteem,8
quite done and i can't shake it.,burnout,3
i'm really quite disgusting in the mirror these days.,body_image_issue,2
i'm really so anxious i don't know why.,anxiety,1
lately i feel somewhat not good enough...,low_self_esteem,8
right now i'm extremely ashamed of my body.,body_image_issue,2
i'm really quite emotionally exhausted more than usual.,burnout,3
right now i'm a bit lonely honestly.,loneliness,7
i feel really mad...,anger,0
so exhausted from work these days.,burnout,3
i keep feeling kind of worried about the test these days.,exam_stress,5
i've been a bit done and i can't shake it.,burnout,3
today i feel somewhat scared today.,anxiety,1
totally fearful right now.,anxiety,1
tbh i'm a bit scared...,anxiety,1
i feel deeply anxious and i can't shake it.,anxiety,1
i've been kind of sad and i can't shake it.,sadness,10
tbh i'm a bit exhausted from work today.,burnout,3
i think i'm so insecure about my appearance right now.,body_image_issue,2
i think i'm really buried in tasks and i can't shake it.,stress,11
it seems i'm totally pissed off...,anger,0
it seems i'm so scared i'll fail my exam and i can't shake it.,exam_stress,5
tbh i'm really disconnected and i can't shake it.,loneliness,7
it seems i'm somewhat fine.,neutral,9
i just feel very swamped...,stress,11
today i feel empty right now.,depression,4
sometimes i feel incredibly useless,low_self_esteem,8
it seems i'm very grateful honestly.,joy,6
today i feel so miserable lately.,sadness,10
somewhat anxious about my upcoming exam today.,exam_stress,5
i feel deeply useless more than usual.,low_self_esteem,8
i'm incredibly empty i don't know why.,depression,4
very not good enough lately.,low_self_esteem,8
i think i'm completely down honestly.,sadness,10
lately i feel kind of insecure about my appearance and i can't shake it.,body_image_issue,2
totally happy today.,joy,6
i keep feeling completely pressured honestly.,stress,11
i have no one to talk to.,loneliness,7
i've been deeply fried...,burnout,3
i've been very angry these days.,anger,0
it seems i'm so depleted right now.,burnout,3
tbh i'm totally at ease lately.,neutral,9
right now i'm a bit blue...,sadness,10
i feel totally isolated these days.,loneliness,7
i've been very by myself today.,loneliness,7
i just feel deeply unattractive and i can't shake it.,body_image_issue,2
"honestly, i'm extremely fearful more than usual.",anxiety,1
really irritated right now.,anger,0
today i feel incredibly optimistic,joy,6
i'm deeply worried about the test right now.,exam_stress,5
i just feel somewhat stupid today.,low_self_esteem,8
i'm totally alright,neutral,9
i just feel kind of overwhelmed...,stress,11
lately i feel totally fried these days.,burnout,3
i feel really fuming,anger,0
i'm somewhat under pressure right now.,stress,11
it seems i'm kind of like i don't matter lately.,low_self_esteem,8
i think i'm very upset these days.,sadness,10
"honestly, i'm quite melancholic more than usual.",sadness,10
sometimes i feel very at ease honestly.,neutral,9
i'm kind of like i don't matter...,low_self_esteem,8
tbh i'm totally useless today.,low_self_esteem,8
right now i'm extremely okay lately.,neutral,9
these days i feel incredibly shaky right now.,anxiety,1
i've been incredibly joyful and i can't shake it.,joy,6
these days i feel so exhausted from work i don't know why.,burnout,3
i've been completely anxious about my upcoming exam today.,exam_stress,5
sometimes i feel very like nothing matters i don't know why.,depression,4
i'm really uneasy lately.,anxiety,1
today i feel somewhat frustrated these days.,anger,0
sometimes i feel somewhat at ease.,neutral,9
i think i'm completely isolated lately.,loneliness,7
i've been completely buried in tasks these days.,stress,11
"honestly, i'm deeply buried in tasks",stress,11
i'm really completely panicking about finals...,exam_stress,5
i've been extremely forgotten i don't know why.,loneliness,7
today i feel really like a burden,depression,4
i feel somewhat forgotten today.,loneliness,7
i'm really like a burden...,depression,4
it seems i'm very done these days.,burnout,3
today i feel extremely afraid these days.,anxiety,1
i think i'm totally burnt out i don't know why.,burnout,3
i keep feeling somewhat forgotten,loneliness,7
i've been completely fine.,neutral,9
i feel incredibly drained lately.,burnout,3
right now i'm quite panicking about finals more than usual.,exam_stress,5
i am extremely tense from work today.,stress,11
i'm really really upset lately.,sadness,10
i am kind of scared i'll fail my exam these days.,exam_stress,5
i keep feeling somewhat glad honestly.,joy,6
i think i'm totally apprehensive more than usual.,anxiety,1
i'm kind of low honestly.,sadness,10
sometimes i feel quite happy right now.,joy,6
i'm really deeply fearful i don't know why.,anxiety,1
i am completely fearful today.,anxiety,1
i'm a bit sad more than usual.,sadness,10
i'm really isolated lately.,loneliness,7
lately i feel deeply anxious today.,anxiety,1
tbh i'm so running on empty,burnout,3
tbh i'm kind of angry and i can't shake it.,anger,0
i've been somewhat light-hearted these days.,joy,6
right now i'm totally unattractive i don't know why.,body_image_issue,2
today i feel neutral and i can't shake it.,neutral,9
these days i feel incredibly unattractive more than usual.,body_image_issue,2
lately i feel completely fat these days.,body_image_issue,2
lately i feel a bit lonely honestly.,loneliness,7
i am totally alright and i can't shake it.,neutral,9
"honestly, i'm so enraged and i can't shake it.",anger,0
i just feel very drained of meaning honestly.,depression,4
i'm really totally pleased today.,joy,6
it seems i'm incredibly like giving up lately.,depression,4
right now i'm deeply numb these days.,depression,4
tbh i'm incredibly stressed about my exams and i can't shake it.,exam_stress,5
sometimes i feel deeply frustrated and i can't shake it.,anger,0
"honestly, i'm extremely alright these days.",neutral,9
i've been running on empty right now.,burnout,3
today i feel isolated.,loneliness,7
sometimes i feel deeply like a burden today.,depression,4
deeply left out lately.,loneliness,7
i think i'm quite like a burden.,depression,4
i feel kind of drained of meaning more than usual.,depression,4
i think i'm deeply under pressure these days.,stress,11
tbh i'm completely ugly honestly.,body_image_issue,2
i am deeply like there's no point these days.,depression,4
"honestly, i'm kind of tense lately.",anxiety,1
these days i feel deeply disgusting in the mirror and i can't shake it.,body_image_issue,2
lately i feel totally insecure about my appearance honestly.,body_image_issue,2
i feel extremely panicky these days.,anxiety,1
right now i'm extremely resentful i don't know why.,anger,0
i've been somewhat stupid,low_self_esteem,8
i feel really without purpose more than usual.,depression,4
i'm really deeply worthless...,low_self_esteem,8
it seems i'm totally balanced today.,neutral,9
i'm extremely forgotten more than usual.,loneliness,7
i am totally useless lately.,low_self_esteem,8
these days i feel totally gloomy today.,sadness,10
these days i feel so like i don't matter lately.,low_self_esteem,8
tbh i'm incredibly annoyed.,anger,0
i keep feeling alone lately.,loneliness,7
i've been totally glad right now.,joy,6
lately i feel afraid today.,anxiety,1
these days i feel a bit uneasy...,anxiety,1
i'm really a bit ugly,body_image_issue,2
it seems i'm somewhat horrible about how i look and i can't shake it.,body_image_issue,2
right now i'm deeply balanced,neutral,9
i'm really a bit just chilling right now.,neutral,9
i just feel incredibly upset honestly.,sadness,10
sometimes i feel so gloomy today.,sadness,10
i keep feeling extremely isolated today.,loneliness,7
i am extremely stressed about my exams and i can't shake it.,exam_stress,5
right now i'm kind of fat these days.,body_image_issue,2
right now i'm completely by myself these days.,loneliness,7
i am deeply overwhelmed by studying honestly.,exam_stress,5
right now i'm so lonely i don't know why.,loneliness,7
"honestly, i'm deeply melancholic today.",sadness,10
"honestly, i'm totally happy i don't know why.",joy,6
today i feel deeply furious honestly.,anger,0
ngl i'm physically and mentally wiped out,burnout,3
i've been incredibly enraged.,anger,0
i'm really completely sad these days.,sadness,10
i feel very irritated and i can't shake it.,anger,0
tbh i'm very disgusting in the mirror i don't know why.,body_image_issue,2
i keep feeling deeply run down more than usual.,stress,11
lately i feel a bit worried about the test and i can't shake it.,exam_stress,5
i'm really somewhat okay,neutral,9
tbh i'm so fat more than usual.,body_image_issue,2
lately i feel kind of overwhelmed by studying...,exam_stress,5
today i feel deeply fuming more than usual.,anger,0
right now i'm deeply cheerful these days.,joy,6
i'm so running on empty and i can't shake it.,burnout,3
i feel a heavy sadness inside...,sadness,10
these days i feel miserable,sadness,10
i'm really totally melancholic i don't know why.,sadness,10
i've been somewhat upset these days.,sadness,10
i keep feeling totally stupid...,low_self_esteem,8
lately i feel so not good enough and i can't shake it.,low_self_esteem,8
lately i feel incredibly tense from work i don't know why.,stress,11
today i feel extremely disgusting in the mirror,body_image_issue,2
i've been really swamped lately.,stress,11
really numb right now.,depression,4
i feel very ashamed of my body lately.,body_image_issue,2
i just feel quite horrible about how i look right now.,body_image_issue,2
"honestly, i'm extremely tense from work more than usual.",stress,11
i've been really fuming i don't know why.,anger,0
i think i'm very like there's no point i don't know why.,depression,4
i'm really so horrible about how i look today.,body_image_issue,2
today i feel very overwhelmed by studying honestly.,exam_stress,5
i keep feeling completely fat right now.,body_image_issue,2
i am totally hopeless today.,depression,4
i'm a bit not good enough more than usual.,low_self_esteem,8
sometimes i feel extremely furious today.,anger,0
i feel nervous today.,anxiety,1
i feel completely stupid i don't know why.,low_self_esteem,8
"honestly, i'm very useless",low_self_esteem,8
i'm gloomy i don't know why.,sadness,10
today i feel quite fine today.,neutral,9
today i feel deeply thankful i don't know why.,joy,6
tbh i'm like a failure and i can't shake it.,low_self_esteem,8
deeply afraid,anxiety,1
right now i'm completely unhappy i don't know why.,sadness,10
i've been incredibly hopeless,depression,4
these days i feel really uneasy.,anxiety,1
i just feel so alone honestly.,loneliness,7
right now i'm alone these days.,loneliness,7
i feel totally upset...,sadness,10
"honestly, i'm extremely overwhelmed by studying",exam_stress,5
lately i feel very like nobody likes me today.,low_self_esteem,8
i'm kind of anxious about my upcoming exam honestly.,exam_stress,5
i think i'm a bit thankful right now.,joy,6
i think i'm incredibly emotionally exhausted i don't know why.,burnout,3
i'm extremely alone these days.,loneliness,7
i'm really somewhat insecure about myself honestly.,low_self_esteem,8
sometimes i feel kind of optimistic...,joy,6
i'm kind of unhappy honestly.,sadness,10
i am quite burnt out...,burnout,3
today i feel very miserable and i can't shake it.,sadness,10
today i feel so like i don't matter more than usual.,low_self_esteem,8
i think i'm somewhat okay...,neutral,9
i've been kind of tense.,anxiety,1
it seems i'm incredibly by myself...,loneliness,7
sometimes i feel deeply pissed off today.,anger,0
right now i'm extremely horrible about how i look i don't know why.,body_image_issue,2
lately i feel kind of drained of meaning right now.,depression,4
tbh i'm deeply fine honestly.,neutral,9
i've been nervous these days.,anxiety,1
sometimes i feel deeply drained right now.,burnout,3
i am totally heartbroken,sadness,10
i'm really kind of insecure about my appearance today.,body_image_issue,2
tbh i'm very like i don't matter and i can't shake it.,low_self_esteem,8
i've been extremely tense these days.,anxiety,1
i think i'm deeply panicky honestly.,anxiety,1
i think i'm quite mad...,anger,0
i've been totally by myself right now.,loneliness,7
right now i'm very alright today.,neutral,9
i've been very depleted lately.,burnout,3
i'm really running on empty honestly.,burnout,3
i keep feeling incredibly hopeless...,depression,4
sometimes i feel a bit ugly honestly.,body_image_issue,2
i'm very like nothing matters today.,depression,4
ngl i'm afraid of what tomorrow will bring,anxiety,1
i think i'm totally insecure about myself these days.,low_self_esteem,8
i am incredibly run down more than usual.,stress,11
i've been exhausted from work these days.,burnout,3
i think i'm completely apprehensive more than usual.,anxiety,1
i'm really so isolated and i can't shake it.,loneliness,7
lately i feel mad lately.,anger,0
i am deeply neutral honestly.,neutral,9
i think i'm extremely worthless these days.,low_self_esteem,8
tbh i'm so ugly more than usual.,body_image_issue,2
"honestly, i'm kind of like a burden",depression,4
i've been extremely calm these days.,neutral,9
i am incredibly useless honestly.,low_self_esteem,8
i just feel really scared i'll fail my exam these days.,exam_stress,5
quite not good enough more than usual.,low_self_esteem,8
sometimes i feel kind of pleased honestly.,joy,6
sometimes i feel totally fat honestly.,body_image_issue,2
i've been deeply optimistic honestly.,joy,6
i'm really really worried these days.,anxiety,1
i think i'm really emotionally exhausted lately.,burnout,3
quite content...,joy,6
i just feel on edge lately.,anxiety,1
i'm really miserable today.,sadness,10
i've been deeply drained right now.,burnout,3
today i feel kind of lonely more than usual.,loneliness,7
i'm really deeply run down more than usual.,stress,11
tbh i'm really alright lately.,neutral,9
i've been completely forgotten and i can't shake it.,loneliness,7
i feel angry...,anger,0
today i feel deeply burnt out i don't know why.,burnout,3
today i feel very useless lately.,low_self_esteem,8
"honestly, i'm quite shaky i don't know why.",anxiety,1
i am very like a failure right now.,low_self_esteem,8
i am deeply blessed right now.,joy,6
quite furious these days.,anger,0
"honestly, i'm so hopeless.",depression,4
today i feel very blue.,sadness,10
i keep feeling completely without purpose and i can't shake it.,depression,4
i'm really extremely melancholic...,sadness,10
i am extremely worried honestly.,anxiety,1
lately i feel somewhat horrible about how i look i don't know why.,body_image_issue,2
today i feel a bit like i don't matter honestly.,low_self_esteem,8
i just feel deeply glad lately.,joy,6
sometimes i feel so scared i'll fail my exam these days.,exam_stress,5
i'm enjoying every moment.,joy,6
tbh i'm quite scared i'll fail my exam today.,exam_stress,5
i'm extremely like nothing matters i don't know why.,depression,4
i'm so overwhelmed and i can't shake it.,stress,11
i keep feeling quite grateful lately.,joy,6
tbh i'm extremely burnt out and i can't shake it.,burnout,3
lately i feel completely balanced right now.,neutral,9
right now i'm so low,sadness,10
i'm really very empty,depression,4
right now i'm quite optimistic more than usual.,joy,6
i feel really stressed right now.,stress,11
i feel totally disgusting in the mirror right now.,body_image_issue,2
i just feel quite scared i'll fail my exam i don't know why.,exam_stress,5
i keep feeling incredibly overwhelmed by studying more than usual.,exam_stress,5
tbh i'm incredibly furious,anger,0
i'm kind of alright.,neutral,9
sometimes i feel incredibly lonely and i can't shake it.,loneliness,7
these days i feel enraged more than usual.,anger,0
it seems i'm totally isolated...,loneliness,7
tbh i'm completely neutral more than usual.,neutral,9
tbh i'm kind of overwhelmed by studying,exam_stress,5
lately i feel extremely calm.,neutral,9
lately i feel a bit irritated i don't know why.,anger,0
very like nothing matters right now.,depression,4
right now i'm deeply fat these days.,body_image_issue,2
deeply isolated these days.,loneliness,7
sometimes i feel incredibly isolated i don't know why.,loneliness,7
tbh i'm totally unattractive,body_image_issue,2
right now i'm a bit invisible.,loneliness,7
i keep feeling somewhat without purpose these days.,depression,4
i am hopeless lately.,depression,4
right now i'm completely buried in tasks i don't know why.,stress,11
"honestly, i'm a bit fat today.",body_image_issue,2
i keep feeling a bit worried about the test i don't know why.,exam_stress,5
i just feel quite like giving up lately.,depression,4
i feel extremely depleted and i can't shake it.,burnout,3
i'm really very tense...,anxiety,1
tbh i'm kind of horrible about how i look,body_image_issue,2
lately i feel so run down.,stress,11
i feel incredibly balanced...,neutral,9
today i feel kind of miserable honestly.,sadness,10
"honestly, i'm incredibly frustrated i don't know why.",anger,0
"honestly, i'm deeply blessed right now.",joy,6
sometimes i feel somewhat mad.,anger,0
sometimes i feel extremely alright today.,neutral,9
today i feel a bit frustrated more than usual.,anger,0
kind of disgusting in the mirror i don't know why.,body_image_issue,2
i am really alone...,loneliness,7
i think i'm really annoyed today.,anger,0
i think i'm tense from work i don't know why.,stress,11
i've been very unattractive lately.,body_image_issue,2
a bit drained of meaning these days.,depression,4
sometimes i feel extremely under pressure right now.,stress,11
everything feels right.,joy,6
sometimes i feel a bit balanced honestly.,neutral,9
i feel somewhat panicking about finals...,exam_stress,5
today i feel deeply overwhelmed right now.,stress,11
it seems i'm really okay these days.,neutral,9
sometimes i feel a bit burnt out and i can't shake it.,burnout,3
sometimes i feel somewhat swamped today.,stress,11
i feel quite ashamed of my body lately.,body_image_issue,2
very disgusting in the mirror and i can't shake it.,body_image_issue,2
i feel extremely panicking about finals and i can't shake it.,exam_stress,5
today i feel really horrible about how i look these days.,body_image_issue,2
sometimes i feel totally panicking about finals lately.,exam_stress,5
"honestly, i'm so depleted honestly.",burnout,3
i'm really totally balanced.,neutral,9
it seems i'm really optimistic...,joy,6
completely tearful.,sadness,10
i've been a bit worried today.,anxiety,1
lately i feel totally worried...,anxiety,1
lately i feel incredibly depleted more than usual.,burnout,3
tbh i'm a bit like nothing matters these days.,depression,4
right now i'm incredibly insecure about myself and i can't shake it.,low_self_esteem,8
these days i feel so scared honestly.,anxiety,1
right now i'm quite sad more than usual.,sadness,10
"honestly, i'm kind of pissed off right now.",anger,0
i think i'm very miserable and i can't shake it.,sadness,10
i am extremely drained,burnout,3
these days i feel kind of like i don't matter more than usual.,low_self_esteem,8
today i feel quite forgotten right now.,loneliness,7
incredibly worthless and i can't shake it.,depression,4
i keep feeling somewhat heartbroken right now.,sadness,10
sometimes i feel deeply by myself today.,loneliness,7
right now i'm so stressed honestly.,stress,11
tbh i'm incredibly exhausted from work these days.,burnout,3
"honestly, i'm quite like nobody likes me and i can't shake it.",low_self_esteem,8
i feel deeply like a burden more than usual.,depression,4
sometimes i feel so drained...,burnout,3
i feel deeply uneasy...,anxiety,1
i just feel extremely worthless today.,low_self_esteem,8
i'm really completely delighted and i can't shake it.,joy,6
i just feel quite okay...,neutral,9
lately i feel panicking about finals.,exam_stress,5
i just feel totally done,burnout,3
i think i'm extremely irritated.,anger,0
a bit horrible about how i look...,body_image_issue,2
today i feel incredibly overwhelmed i don't know why.,stress,11
i am normal right now.,neutral,9
i'm completely annoyed lately.,anger,0
right now i'm kind of scared i'll fail my exam right now.,exam_stress,5
"honestly, i'm quite pressured",stress,11
these days i feel extremely stupid,low_self_esteem,8
it seems i'm quite worried about the test these days.,exam_stress,5
i'm really extremely panicking about finals these days.,exam_stress,5
i'm lonely lately.,loneliness,7
i just feel kind of run down honestly.,stress,11
right now i'm completely sad and i can't shake it.,sadness,10
lately i feel really heartbroken...,sadness,10
tbh i'm incredibly not good enough and i can't shake it.,low_self_esteem,8
tbh i'm quite left out today.,loneliness,7
i think i'm extremely anxious about my upcoming exam and i can't shake it.,exam_stress,5
it seems i'm a bit useless right now.,low_self_esteem,8
kind of scared i'll fail my exam lately.,exam_stress,5
lately i feel like nobody likes me lately.,low_self_esteem,8
tbh i'm extremely buried in tasks...,stress,11
i think i'm really melancholic...,sadness,10
i'm really totally like nothing matters these days.,depression,4
right now i'm kind of stressed about my exams right now.,exam_stress,5
these days i feel completely melancholic lately.,sadness,10
these days i feel very anxious about my upcoming exam,exam_stress,5
deeply worthless these days.,low_self_esteem,8
i'm really very like i don't matter these days.,low_self_esteem,8
i think i'm totally unattractive...,body_image_issue,2
somewhat anxious about my upcoming exam and i can't shake it.,exam_stress,5
i'm really a bit done i don't know why.,burnout,3
balanced i don't know why.,neutral,9
sometimes i feel quite worried these days.,anxiety,1
these days i feel so smiling today.,joy,6
today i feel deeply at ease.,neutral,9
lately i feel so worthless.,depression,4
today i feel a bit ashamed of my body lately.,body_image_issue,2
lately i feel totally worthless...,low_self_esteem,8
i just feel kind of panicky right now.,anxiety,1
i think i'm incredibly exhausted from work...,burnout,3
deeply down honestly.,sadness,10
i'm incredibly miserable i don't know why.,sadness,10
i am incredibly like there's no point right now.,depression,4
i think i'm kind of burnt out today.,burnout,3
extremely down right now.,sadness,10
tbh i'm quite like there's no point.,depression,4
i just feel a bit worried about the test lately.,exam_stress,5
"honestly, i'm upset.",sadness,10
i just feel quite light-hearted...,joy,6
i just feel deeply content right now.,joy,6
these days i feel deeply worthless,depression,4
right now i'm really joyful i don't know why.,joy,6
i've been really alright.,neutral,9
i just feel totally heartbroken...,sadness,10
these days i feel so numb lately.,depression,4
tbh i'm deeply upset...,sadness,10
tbh i'm kind of melancholic,sadness,10
these days i feel quite like i don't matter i don't know why.,low_self_esteem,8
extremely buried in tasks more than usual.,stress,11
i am quite furious today.,anger,0
i keep feeling very worthless today.,low_self_esteem,8
i think i'm run down and i can't shake it.,stress,11
i'm quite gloomy today.,sadness,10
i keep feeling extremely under pressure these days.,stress,11
i think i'm a bit stressed more than usual.,stress,11
i feel incredibly swamped these days.,stress,11
i've been totally stupid right now.,low_self_esteem,8
sometimes i feel a bit useless lately.,low_self_esteem,8
right now i'm very gloomy these days.,sadness,10
i keep feeling panicking about finals lately.,exam_stress,5
i think i'm completely fine right now.,neutral,9
these days i feel extremely resentful...,anger,0
these days i feel incredibly fuming...,anger,0
i'm really somewhat emotionally exhausted more than usual.,burnout,3
i think i'm kind of running on empty today.,burnout,3
tbh i'm completely normal honestly.,neutral,9
these days i feel really blue more than usual.,sadness,10
sometimes i feel completely irritated more than usual.,anger,0
right now i'm very hopeless lately.,depression,4
i've been extremely neutral lately.,neutral,9
lately i feel somewhat resentful lately.,anger,0
lately i feel incredibly enraged lately.,anger,0
i just feel kind of fuming...,anger,0
extremely resentful more than usual.,anger,0
very unhappy honestly.,sadness,10
i just feel a bit fuming and i can't shake it.,anger,0
"honestly, i'm deeply disgusting in the mirror...",body_image_issue,2
sometimes i feel completely blue these days.,sadness,10
i feel completely drained of meaning,depression,4
i keep feeling deeply running on empty and i can't shake it.,burnout,3
lately i feel totally insecure about my appearance i don't know why.,body_image_issue,2
i just feel kind of disgusting in the mirror these days.,body_image_issue,2
right now i'm very like giving up and i can't shake it.,depression,4
it seems i'm quite like a burden...,depression,4
tbh i'm deeply pressured lately.,stress,11
it seems i'm so frustrated,anger,0
i'm resentful these days.,anger,0
i'm really quite lonely...,loneliness,7
it seems i'm deeply stressed and i can't shake it.,stress,11
today i feel quite afraid...,anxiety,1
lately i feel somewhat drained of meaning today.,depression,4
so blessed honestly.,joy,6
i think i'm incredibly insecure about my appearance right now.,body_image_issue,2
i just feel very anxious and i can't shake it.,anxiety,1
"honestly, i'm very fat right now.",body_image_issue,2
sometimes i feel quite stressed about my exams honestly.,exam_stress,5
i just feel completely gloomy...,sadness,10
i just feel quite low these days.,sadness,10
these days i feel incredibly worthless,depression,4
i think i'm very apprehensive,anxiety,1
today i feel so normal right now.,neutral,9
i'm really a bit like i don't matter.,low_self_esteem,8
sometimes i feel really disgusting in the mirror lately.,body_image_issue,2
i'm really deeply isolated today.,loneliness,7
today i feel quite run down honestly.,stress,11
i think i'm deeply overwhelmed by studying i don't know why.,exam_stress,5
i think i'm somewhat ashamed of my body and i can't shake it.,body_image_issue,2
i'm really somewhat like giving up more than usual.,depression,4
i keep feeling deeply burnt out lately.,burnout,3
right now i'm deeply lonely,loneliness,7
these days i feel very happy today.,joy,6
i am extremely stressed.,stress,11
quite worthless,depression,4
lately i feel not good enough and i can't shake it.,low_self_esteem,8
i've been a bit ashamed of my body more than usual.,body_image_issue,2
i'm somewhat neutral right now.,neutral,9
lately i feel completely isolated honestly.,loneliness,7
very useless lately.,low_self_esteem,8
i've been kind of horrible about how i look,body_image_issue,2
i feel somewhat depleted,burnout,3
"honestly, i'm extremely emotionally exhausted and i can't shake it.",burnout,3
i'm completely furious today.,anger,0
today i feel incredibly fat today.,body_image_issue,2
i am so overwhelmed by studying lately.,exam_stress,5
today i feel quite afraid right now.,anxiety,1
i feel really alright today.,neutral,9
lately i feel a bit tense honestly.,anxiety,1
i'm really extremely insecure about my appearance lately.,body_image_issue,2
i feel totally balanced honestly.,neutral,9
i'm really so drained of meaning honestly.,depression,4
i keep feeling really angry today.,anger,0
lately i feel so lonely and i can't shake it.,loneliness,7
sometimes i feel extremely worried about the test today.,exam_stress,5
i've been kind of forgotten...,loneliness,7
i keep feeling a bit like nobody likes me right now.,low_self_esteem,8
i just feel kind of at ease honestly.,neutral,9
i'm somewhat irritated,anger,0
i feel a bit isolated,loneliness,7
tbh i'm incredibly fried honestly.,burnout,3
sometimes i feel incredibly alright.,neutral,9
today i feel incredibly disgusting in the mirror lately.,body_image_issue,2
tbh i'm kind of fried,burnout,3
it seems i'm completely by myself and i can't shake it.,loneliness,7
i keep feeling somewhat fried and i can't shake it.,burnout,3
right now i'm kind of scared...,anxiety,1
today i feel completely like a failure.,low_self_esteem,8
i'm really disgusting in the mirror...,body_image_issue,2
i've been extremely insecure about myself,low_self_esteem,8
i keep feeling a bit under pressure today.,stress,11
a bit running on empty lately.,burnout,3
i've been so shaky honestly.,anxiety,1
i am deeply scared i'll fail my exam honestly.,exam_stress,5
i am really in a good mood more than usual.,joy,6
i am completely blessed and i can't shake it.,joy,6
i'm incredibly disgusting in the mirror...,body_image_issue,2
i'm stupid today.,low_self_esteem,8
tbh i'm really like a failure these days.,low_self_esteem,8
i feel deeply calm,neutral,9
today i feel quite drained honestly.,burnout,3
so isolated...,loneliness,7
i'm really totally balanced and i can't shake it.,neutral,9
these days i feel so tense from work honestly.,stress,11
lately i feel somewhat exhausted from work today.,burnout,3
it seems i'm completely burnt out...,burnout,3
today i feel kind of exhausted from work these days.,burnout,3
tbh i'm totally panicking about finals today.,exam_stress,5
i'm deeply left out lately.,loneliness,7
i just feel extremely worried about the test today.,exam_stress,5
i've been very numb...,depression,4
i'm really somewhat like nobody likes me.,low_self_esteem,8
i've been really fuming honestly.,anger,0
right now i'm panicking about finals honestly.,exam_stress,5
i've been incredibly glad today.,joy,6
incredibly disgusting in the mirror honestly.,body_image_issue,2
i've been extremely fat more than usual.,body_image_issue,2
these days i feel completely running on empty i don't know why.,burnout,3
tbh i'm really mad i don't know why.,anger,0
today i feel completely like i don't matter lately.,low_self_esteem,8
right now i'm a bit heartbroken honestly.,sadness,10
i feel kind of like a failure,low_self_esteem,8
right now i'm kind of unhappy i don't know why.,sadness,10
i feel totally disgusting in the mirror these days.,body_image_issue,2
right now i'm so normal lately.,neutral,9
lately i feel deeply scared i'll fail my exam,exam_stress,5
right now i'm a bit forgotten and i can't shake it.,loneliness,7
i've been so stressed about my exams more than usual.,exam_stress,5
right now i'm really scared i'll fail my exam these days.,exam_stress,5
right now i'm completely panicking about finals right now.,exam_stress,5
right now i'm quite swamped these days.,stress,11
today i feel a bit like a failure and i can't shake it.,low_self_esteem,8
incredibly without purpose more than usual.,depression,4
these days i feel completely tense these days.,anxiety,1
i just feel deeply drained lately.,burnout,3
i think i'm so alone,loneliness,7
it seems i'm totally lonely these days.,loneliness,7
i feel so useless right now.,low_self_esteem,8
sometimes i feel a bit without purpose,depression,4
i feel so fat lately.,body_image_issue,2
these days i feel quite happy i don't know why.,joy,6
tbh i'm completely mad more than usual.,anger,0
somewhat lonely.,loneliness,7
i just feel so like nothing matters more than usual.,depression,4
these days i feel quite mad lately.,anger,0
lately i feel extremely unhappy more than usual.,sadness,10
a bit anxious about my upcoming exam.,exam_stress,5
i just feel totally like there's no point today.,depression,4
somewhat fearful i don't know why.,anxiety,1
today i feel tense from work.,stress,11
i think i'm somewhat forgotten these days.,loneliness,7
i've been kind of heartbroken i don't know why.,sadness,10
i keep feeling kind of smiling...,joy,6
i think i'm somewhat insecure about my appearance lately.,body_image_issue,2
i am really worthless.,low_self_esteem,8
very unattractive.,body_image_issue,2
i'm really really anxious more than usual.,anxiety,1
"honestly, i'm a bit like i don't matter these days.",low_self_esteem,8
i'm deeply anxious about my upcoming exam these days.,exam_stress,5
today i feel quite irritated,anger,0
kind of burnt out right now.,burnout,3
right now i'm somewhat apprehensive more than usual.,anxiety,1
i am somewhat anxious about my upcoming exam.,exam_stress,5
lately i feel a bit okay i don't know why.,neutral,9
right now i'm kind of just chilling more than usual.,neutral,9
i am completely drained these days.,burnout,3
tbh i'm somewhat anxious and i can't shake it.,anxiety,1
i think i'm extremely alone and i can't shake it.,loneliness,7
tbh i'm totally fried...,burnout,3
i'm somewhat anxious lately.,anxiety,1
"honestly, i'm a bit hopeless...",depression,4
i keep feeling kind of angry i don't know why.,anger,0
sometimes i feel completely on edge,anxiety,1
it seems i'm totally irritated,anger,0
lately i feel kind of stressed lately.,stress,11
i've been quite alone these days.,loneliness,7
it seems i'm completely run down these days.,stress,11
i think i'm worthless and i can't shake it.,low_self_esteem,8
today i feel extremely like a failure more than usual.,low_self_esteem,8
it seems i'm extremely worried and i can't shake it.,anxiety,1
these days i feel quite overwhelmed i don't know why.,stress,11
today i feel extremely at ease...,neutral,9
"honestly, i'm quite lonely more than usual.",loneliness,7
i just feel completely empty i don't know why.,depression,4
i feel quite ugly i don't know why.,body_image_issue,2
quite worthless these days.,depression,4
i'm a bit by myself right now.,loneliness,7
i am under pressure i don't know why.,stress,11
i just feel totally frustrated honestly.,anger,0
it seems i'm completely furious these days.,anger,0
i just feel incredibly alone...,loneliness,7
"honestly, i'm quite scared i'll fail my exam more than usual.",exam_stress,5
sometimes i feel totally at ease today.,neutral,9
kind of disgusting in the mirror,body_image_issue,2
sometimes i feel like i don't matter lately.,low_self_esteem,8
i keep feeling kind of stressed about my exams i don't know why.,exam_stress,5
i feel very overwhelmed and i can't shake it.,stress,11
i feel quite depleted and i can't shake it.,burnout,3
i am mad,anger,0
i think i'm incredibly exhausted from work more than usual.,burnout,3
i'm really incredibly enraged i don't know why.,anger,0
i just feel deeply run down i don't know why.,stress,11
i'm really quite pressured today.,stress,11
lately i feel a bit resentful honestly.,anger,0
i've been really content today.,joy,6
today i feel a bit like nobody likes me.,low_self_esteem,8
sometimes i feel delighted i don't know why.,joy,6
i keep feeling kind of overwhelmed by studying today.,exam_stress,5
lately i feel kind of panicking about finals i don't know why.,exam_stress,5
quite empty lately.,depression,4
right now i'm so like there's no point lately.,depression,4
"honestly, i'm incredibly balanced honestly.",neutral,9
i feel deeply disconnected more than usual.,loneliness,7
it seems i'm totally fat lately.,body_image_issue,2
it seems i'm so miserable,sadness,10
i just feel completely gloomy honestly.,sadness,10
i've been quite panicking about finals today.,exam_stress,5
tbh i'm very like a burden.,depression,4
these days i feel deeply unattractive and i can't shake it.,body_image_issue,2
i am so just chilling i don't know why.,neutral,9
i am somewhat numb,depression,4
i am quite like i don't matter right now.,low_self_esteem,8
it seems i'm a bit normal honestly.,neutral,9
sometimes i feel incredibly emotionally exhausted more than usual.,burnout,3
sometimes i feel incredibly delighted these days.,joy,6
these days i feel kind of stressed about my exams,exam_stress,5
i am quite invisible right now.,loneliness,7
"honestly, i'm very horrible about how i look...",body_image_issue,2
"honestly, i'm kind of furious more than usual.",anger,0
i've been very upset right now.,sadness,10
"honestly, i'm incredibly fuming more than usual.",anger,0
i'm a bit mad today.,anger,0
i'm really really scared i'll fail my exam honestly.,exam_stress,5
i am kind of disgusting in the mirror honestly.,body_image_issue,2
i've been deeply like there's no point today.,depression,4
right now i'm kind of like i don't matter honestly.,low_self_esteem,8
right now i'm somewhat on edge more than usual.,anxiety,1
it seems i'm so nervous lately.,anxiety,1
today i feel quite exhausted from work more than usual.,burnout,3
a bit on edge today.,anxiety,1
i'm very empty and i can't shake it.,depression,4
i think i'm so stupid...,low_self_esteem,8
i just feel really insecure about my appearance these days.,body_image_issue,2
i'm really deeply by myself i don't know why.,loneliness,7
it seems i'm so fat and i can't shake it.,body_image_issue,2
i feel kind of lonely today.,loneliness,7
i keep feeling completely swamped right now.,stress,11
i am incredibly exhausted from work today.,burnout,3
i keep feeling extremely empty right now.,depression,4
i am quite fried i don't know why.,burnout,3
right now i'm so empty today.,depression,4
sometimes i feel disconnected right now.,loneliness,7
i keep feeling so worried about the test lately.,exam_stress,5
i'm really quite anxious about my upcoming exam honestly.,exam_stress,5
i'm really very mad i don't know why.,anger,0
these days i feel very delighted and i can't shake it.,joy,6
i think i'm not good enough honestly.,low_self_esteem,8
i just feel incredibly isolated these days.,loneliness,7
i keep feeling really panicky right now.,anxiety,1
i'm really totally disgusting in the mirror lately.,body_image_issue,2
right now i'm completely burnt out honestly.,burnout,3
i've been totally panicking about finals...,exam_stress,5
today i feel very scared i'll fail my exam i don't know why.,exam_stress,5
i'm really extremely just chilling right now.,neutral,9
it seems i'm kind of tense from work...,stress,11
sometimes i feel deeply pressured right now.,stress,11
it seems i'm kind of stressed honestly.,stress,11
i'm really completely ashamed of my body i don't know why.,body_image_issue,2
i've been very uneasy,anxiety,1
i think i'm completely upset today.,sadness,10
today i feel very stressed i don't know why.,stress,11
it seems i'm quite tense from work right now.,stress,11
these days i feel extremely stressed about my exams i don't know why.,exam_stress,5
it seems i'm somewhat forgotten...,loneliness,7
these days i feel so uneasy these days.,anxiety,1
i keep feeling a bit scared...,anxiety,1
i'm really fuming these days.,anger,0
today i feel really blue honestly.,sadness,10
these days i feel kind of anxious right now.,anxiety,1
right now i'm really just chilling today.,neutral,9
i feel extremely like i don't matter honestly.,low_self_esteem,8
"honestly, i'm extremely drained i don't know why.",burnout,3
right now i'm totally drained.,burnout,3
i've been kind of alright,neutral,9
lately i feel completely ashamed of my body...,body_image_issue,2
tbh i'm really disgusting in the mirror today.,body_image_issue,2
i just feel very not good enough these days.,low_self_esteem,8
i think i'm totally horrible about how i look right now.,body_image_issue,2
so depleted more than usual.,burnout,3
these days i feel completely balanced more than usual.,neutral,9
today i feel ugly honestly.,body_image_issue,2
i just feel a bit scared right now.,anxiety,1
i'm completely alone lately.,loneliness,7
sometimes i feel extremely by myself right now.,loneliness,7
right now i'm deeply without purpose and i can't shake it.,depression,4
i'm really quite anxious about my upcoming exam these days.,exam_stress,5
i am so delighted these days.,joy,6
tbh i'm totally resentful honestly.,anger,0
i think i'm really fine today.,neutral,9
right now i'm deeply normal right now.,neutral,9
i feel incredibly panicky and i can't shake it.,anxiety,1
"honestly, i'm totally running on empty these days.",burnout,3
right now i'm completely unhappy today.,sadness,10
i think i'm numb...,depression,4
i keep feeling incredibly worried about the test i don't know why.,exam_stress,5
i keep feeling incredibly overwhelmed by studying today.,exam_stress,5
tbh i'm furious i don't know why.,anger,0
lately i feel deeply worthless honestly.,depression,4
i am incredibly overwhelmed by studying today.,exam_stress,5
sometimes i feel somewhat low...,sadness,10
it seems i'm really enraged right now.,anger,0
i think i'm deeply fine...,neutral,9
totally done honestly.,burnout,3
i've been kind of without purpose more than usual.,depression,4
i think i'm ugly right now.,body_image_issue,2
sometimes i feel totally content more than usual.,joy,6
lately i feel totally like there's no point i don't know why.,depression,4
i am so like i don't matter lately.,low_self_esteem,8
i think i'm deeply forgotten,loneliness,7
i am so irritated i don't know why.,anger,0
i feel completely like nobody likes me today.,low_self_esteem,8
i feel kind of blessed these days.,joy,6
tbh i'm completely pissed off honestly.,anger,0
i feel a bit insecure about myself more than usual.,low_self_esteem,8
"honestly, i'm so ashamed of my body i don't know why.",body_image_issue,2
tbh i'm incredibly disconnected...,loneliness,7
i keep feeling incredibly worthless these days.,low_self_esteem,8
i'm worried about the test.,exam_stress,5
i'm deeply okay.,neutral,9
today i feel pressured lately.,stress,11
tbh i'm so worthless.,low_self_esteem,8
"honestly, i'm extremely joyful honestly.",joy,6
i'm really so disconnected,loneliness,7
"honestly, i'm incredibly unhappy honestly.",sadness,10
i keep feeling extremely like giving up and i can't shake it.,depression,4
totally running on empty more than usual.,burnout,3
today i feel a bit panicking about finals.,exam_stress,5
i'm really at ease and i can't shake it.,neutral,9
"honestly, i'm totally alone",loneliness,7
sometimes i feel very panicky these days.,anxiety,1
i've been kind of overwhelmed by studying today.,exam_stress,5
i'm kind of horrible about how i look lately.,body_image_issue,2
i think i'm totally enraged...,anger,0
sometimes i feel really apprehensive these days.,anxiety,1
i'm quite overwhelmed by studying lately.,exam_stress,5
i feel incredibly worried about the test,exam_stress,5
today i feel normal i don't know why.,neutral,9
i think i'm incredibly resentful lately.,anger,0
tbh i'm really annoyed these days.,anger,0
i'm so insecure about my appearance,body_image_issue,2
i've been really heartbroken and i can't shake it.,sadness,10
i just feel a bit disgusting in the mirror right now.,body_image_issue,2
i'm really deeply worried these days.,anxiety,1
i feel pleased.,joy,6
tbh i'm a bit mad right now.,anger,0
joyful,joy,6
i think i'm deeply insecure about my appearance honestly.,body_image_issue,2
tbh i'm very worried about the test...,exam_stress,5
i keep feeling totally like i don't matter honestly.,low_self_esteem,8
right now i'm deeply not good enough today.,low_self_esteem,8
it seems i'm deeply fried right now.,burnout,3
i think i'm a bit useless and i can't shake it.,low_self_esteem,8
it seems i'm somewhat shaky right now.,anxiety,1
"honestly, i'm very annoyed i don't know why.",anger,0
tbh i'm completely like giving up right now.,depression,4
i think i'm kind of stressed about my exams these days.,exam_stress,5
i'm really completely ugly lately.,body_image_issue,2
i feel incredibly just chilling more than usual.,neutral,9
it seems i'm extremely anxious...,anxiety,1
i feel somewhat disgusting in the mirror right now.,body_image_issue,2
lately i feel a bit ugly today.,body_image_issue,2
i'm really a bit horrible about how i look,body_image_issue,2
i am kind of worthless more than usual.,low_self_esteem,8
lately i feel extremely resentful lately.,anger,0
sometimes i feel totally frustrated more than usual.,anger,0
i've been deeply like i don't matter right now.,low_self_esteem,8
i think i'm deeply annoyed these days.,anger,0
i keep feeling very running on empty honestly.,burnout,3
i keep feeling stressed about my exams today.,exam_stress,5
i'm really somewhat without purpose.,depression,4
i've been a bit swamped...,stress,11
i think i'm totally ashamed of my body today.,body_image_issue,2
i'm really really neutral right now.,neutral,9
"honestly, i'm alone more than usual.",loneliness,7
sometimes i feel completely scared and i can't shake it.,anxiety,1
these days i feel deeply hopeless more than usual.,depression,4
i'm really totally disgusting in the mirror and i can't shake it.,body_image_issue,2
i just feel totally exhausted from work and i can't shake it.,burnout,3
these days i feel incredibly nervous...,anxiety,1
"honestly, i'm quite sad more than usual.",sadness,10
somewhat angry today.,anger,0
tbh i'm very grateful i don't know why.,joy,6
tbh i'm so anxious.,anxiety,1
"honestly, i'm totally in a good mood.",joy,6
right now i'm so running on empty...,burnout,3
it seems i'm really glad lately.,joy,6
right now i'm totally buried in tasks lately.,stress,11
right now i'm incredibly alone lately.,loneliness,7
it seems i'm somewhat content.,joy,6
i've been completely low today.,sadness,10
lately i feel somewhat disgusting in the mirror i don't know why.,body_image_issue,2
these days i feel completely delighted right now.,joy,6
i am completely annoyed these days.,anger,0
i'm really extremely numb...,depression,4
right now i'm very neutral today.,neutral,9
today i feel kind of drained of meaning honestly.,depression,4
i just feel a bit anxious more than usual.,anxiety,1
tbh i'm incredibly worried about the test honestly.,exam_stress,5
sometimes i feel completely afraid more than usual.,anxiety,1
tbh i'm totally tearful lately.,sadness,10
i am quite annoyed these days.,anger,0
sometimes i feel so worried about the test lately.,exam_stress,5
sometimes i feel kind of isolated,loneliness,7
i'm quite pressured lately.,stress,11
i'm somewhat alright...,neutral,9
today i feel incredibly mad,anger,0
i'm totally angry right now.,anger,0
sometimes i feel kind of fuming.,anger,0
i just feel quite cheerful lately.,joy,6
so down i don't know why.,sadness,10
i'm completely lonely honestly.,loneliness,7
today i feel completely tense from work i don't know why.,stress,11
i just feel quite resentful,anger,0
i'm totally insecure about my appearance,body_image_issue,2
i just feel kind of content,joy,6
right now i'm overwhelmed today.,stress,11
i am so ashamed of my body lately.,body_image_issue,2
sometimes i feel completely worthless these days.,low_self_esteem,8
lately i feel completely insecure about my appearance honestly.,body_image_issue,2
lately i feel so ugly more than usual.,body_image_issue,2
it seems i'm extremely fried.,burnout,3
"honestly, i'm really scared i'll fail my exam lately.",exam_stress,5
i feel incredibly stressed about my exams lately.,exam_stress,5
i just feel so drained.,burnout,3
"honestly, i'm so low honestly.",sadness,10
today i feel somewhat panicking about finals and i can't shake it.,exam_stress,5
right now i'm quite like giving up today.,depression,4
tbh i'm very apprehensive,anxiety,1
these days i feel somewhat numb i don't know why.,depression,4
i think i'm extremely pleased and i can't shake it.,joy,6
i think i'm completely panicking about finals today.,exam_stress,5
right now i'm totally depleted,burnout,3
sometimes i feel very hopeless right now.,depression,4
i think i'm totally disgusting in the mirror more than usual.,body_image_issue,2
i've been quite fried.,burnout,3
"honestly, i'm extremely pressured lately.",stress,11
i've been quite worthless.,depression,4
i feel extremely run down today.,stress,11
i'm really completely ugly today.,body_image_issue,2
i'm really really horrible about how i look i don't know why.,body_image_issue,2
i keep feeling incredibly ashamed of my body more than usual.,body_image_issue,2
i just feel deeply not good enough,low_self_esteem,8
tbh i'm completely worthless lately.,low_self_esteem,8
i think i'm deeply drained,burnout,3
right now i'm deeply okay right now.,neutral,9
these days i feel stupid lately.,low_self_esteem,8
i keep feeling quite like nothing matters these days.,depression,4
right now i'm a bit like giving up.,depression,4
"honestly, i'm overwhelmed by studying these days.",exam_stress,5
i just feel kind of fearful...,anxiety,1
it seems i'm a bit scared these days.,anxiety,1
these days i feel deeply tense from work honestly.,stress,11
i keep feeling really overwhelmed more than usual.,stress,11
"honestly, i'm very not good enough lately.",low_self_esteem,8
i'm really completely not good enough today.,low_self_esteem,8
i just feel really annoyed...,anger,0
tbh i'm kind of nervous right now.,anxiety,1
somewhat melancholic these days.,sadness,10
i am totally fried these days.,burnout,3
today i feel really lonely.,loneliness,7
tbh i'm a bit delighted and i can't shake it.,joy,6
tbh i miss the way things used to be.,sadness,10
sometimes i feel somewhat angry honestly.,anger,0
nothing brings me joy anymore,depression,4
i'm really panicky,anxiety,1
today i feel completely blessed,joy,6
these days i feel a bit on edge and i can't shake it.,anxiety,1
lately i feel deeply isolated more than usual.,loneliness,7
i am completely depleted right now.,burnout,3
i keep feeling kind of ashamed of my body right now.,body_image_issue,2
i'm really very irritated lately.,anger,0
tbh i'm very forgotten honestly.,loneliness,7
it seems i'm fine lately.,neutral,9
i feel so insecure about my appearance.,body_image_issue,2
i think i'm so scared right now.,anxiety,1
lately i feel incredibly under pressure i don't know why.,stress,11
i've been completely tearful today.,sadness,10
i keep feeling completely forgotten and i can't shake it.,loneliness,7
i am so horrible about how i look right now.,body_image_issue,2
i'm really incredibly balanced these days.,neutral,9
i feel deeply like i don't matter today.,low_self_esteem,8
tbh i'm very like a failure,low_self_esteem,8
i keep feeling totally normal these days.,neutral,9
i've been a bit smiling today.,joy,6
it seems i'm extremely like there's no point right now.,depression,4
i keep feeling so anxious about my upcoming exam and i can't shake it.,exam_stress,5
i'm kind of like a failure today.,low_self_esteem,8
these days i feel quite left out.,loneliness,7
i think i'm a bit overwhelmed right now.,stress,11
i feel incredibly blue today.,sadness,10
sometimes i feel somewhat like giving up right now.,depression,4
i've been completely ugly right now.,body_image_issue,2
"honestly, i'm completely horrible about how i look i don't know why.",body_image_issue,2
i've been deeply on edge and i can't shake it.,anxiety,1
these days i feel completely miserable.,sadness,10
i'm really a bit isolated more than usual.,loneliness,7
i keep feeling quite unhappy honestly.,sadness,10
i am so like nobody likes me more than usual.,low_self_esteem,8
i think i'm kind of like nobody likes me lately.,low_self_esteem,8
i've been somewhat fuming more than usual.,anger,0
lately i feel kind of scared lately.,anxiety,1
"honestly, i'm very happy and i can't shake it.",joy,6
i'm really totally down more than usual.,sadness,10
i've been incredibly grateful and i can't shake it.,joy,6
lately i feel done...,burnout,3
i just feel completely worried i don't know why.,anxiety,1
sometimes i feel very overwhelmed more than usual.,stress,11
tbh i'm really irritated and i can't shake it.,anger,0
it seems i'm quite by myself honestly.,loneliness,7
right now i'm incredibly tense honestly.,anxiety,1
right now i'm happy honestly.,joy,6
today i feel deeply run down...,stress,11
lately i feel quite pressured.,stress,11
totally miserable honestly.,sadness,10
lately i feel somewhat ugly honestly.,body_image_issue,2
these days i feel somewhat thankful lately.,joy,6
sometimes i feel so miserable.,sadness,10
i've been totally burnt out right now.,burnout,3
i've been quite fearful i don't know why.,anxiety,1
lately i feel incredibly nervous and i can't shake it.,anxiety,1
tbh i'm incredibly worried about the test i don't know why.,exam_stress,5
i'm really ashamed of my body...,body_image_issue,2
i've been a bit nervous today.,anxiety,1
it seems i'm incredibly mad honestly.,anger,0
i'm really deeply thankful honestly.,joy,6
i just feel very like there's no point,depression,4
lately i feel totally overwhelmed by studying today.,exam_stress,5
lately i feel very run down honestly.,stress,11
these days i feel kind of smiling.,joy,6
these days i feel deeply stupid and i can't shake it.,low_self_esteem,8
i am kind of invisible right now.,loneliness,7
totally numb...,depression,4
a bit down.,sadness,10
i am kind of like nothing matters lately.,depression,4
tbh i'm really worried right now.,anxiety,1
it seems i'm kind of forgotten today.,loneliness,7
i'm really somewhat apprehensive...,anxiety,1
these days i feel quite normal today.,neutral,9
it seems i'm deeply insecure about my appearance lately.,body_image_issue,2
right now i'm extremely tense from work today.,stress,11
sometimes i feel extremely drained,burnout,3
right now i'm very fat these days.,body_image_issue,2
i'm really completely stressed lately.,stress,11
i've been deeply horrible about how i look,body_image_issue,2
tbh i'm quite heartbroken these days.,sadness,10
i think i'm a bit worried about the test honestly.,exam_stress,5
i keep feeling scared i'll fail my exam lately.,exam_stress,5
i keep feeling so gloomy today.,sadness,10
totally done lately.,burnout,3
i feel a bit disconnected...,loneliness,7
i feel so alright...,neutral,9
lately i feel somewhat in a good mood honestly.,joy,6
i feel kind of irritated.,anger,0
"honestly, i'm a bit ashamed of my body and i can't shake it.",body_image_issue,2
i keep feeling completely upset today.,sadness,10
i think i'm somewhat panicking about finals...,exam_stress,5
today i feel deeply insecure about my appearance more than usual.,body_image_issue,2
i am worried more than usual.,anxiety,1
i'm really totally like there's no point honestly.,depression,4
i've been incredibly tearful and i can't shake it.,sadness,10
tbh i'm incredibly unhappy and i can't shake it.,sadness,10
"honestly, i'm so annoyed lately.",anger,0
tbh i'm deeply buried in tasks lately.,stress,11
sometimes i feel very scared i'll fail my exam.,exam_stress,5
sometimes i feel extremely empty today.,depression,4
these days i feel kind of fat and i can't shake it.,body_image_issue,2
right now i'm a bit like there's no point honestly.,depression,4
it seems i'm totally heartbroken honestly.,sadness,10
"honestly, i'm totally drained right now.",burnout,3
i've been somewhat optimistic i don't know why.,joy,6
these days i feel incredibly overwhelmed,stress,11
i feel a bit balanced...,neutral,9
these days i feel completely invisible right now.,loneliness,7
it seems i'm very sad,sadness,10
i just feel very fuming.,anger,0
it seems i'm extremely miserable lately.,sadness,10
tbh i'm kind of fine right now.,neutral,9
i feel done lately.,burnout,3
right now i'm a bit stressed.,stress,11
tbh nothing special happened today.,neutral,9
right now i'm kind of insecure about myself lately.,low_self_esteem,8
right now i'm completely unattractive right now.,body_image_issue,2
i feel quite alright today.,neutral,9
"honestly, i'm kind of just chilling lately.",neutral,9
these days i feel incredibly hopeless today.,depression,4
tbh i'm completely horrible about how i look more than usual.,body_image_issue,2
these days i feel happy more than usual.,joy,6
sometimes i feel somewhat worried about the test and i can't shake it.,exam_stress,5
i feel a bit just chilling right now.,neutral,9
right now i'm a bit tense...,anxiety,1
it seems i'm happy.,joy,6
i'm really very miserable today.,sadness,10
i think i'm very stressed about my exams these days.,exam_stress,5
tbh i'm incredibly heartbroken i don't know why.,sadness,10
i just feel totally melancholic i don't know why.,sadness,10
i'm really kind of anxious about my upcoming exam more than usual.,exam_stress,5
i just feel a bit tense lately.,anxiety,1
today i feel so empty lately.,depression,4
it seems i'm kind of hopeless more than usual.,depression,4
i keep feeling deeply isolated...,loneliness,7
tbh i'm extremely overwhelmed.,stress,11
tbh i'm quite anxious about my upcoming exam honestly.,exam_stress,5
a bit stressed lately.,stress,11
it seems i'm extremely fried these days.,burnout,3
i'm totally smiling these days.,joy,6
i keep feeling really done...,burnout,3
i'm really deeply alright right now.,neutral,9
tbh i'm extremely numb i don't know why.,depression,4
it seems i'm somewhat melancholic honestly.,sadness,10
i feel somewhat insecure about myself.,low_self_esteem,8
lately i feel quite glad i don't know why.,joy,6
i think i'm quite worried about the test these days.,exam_stress,5
it seems i'm very ugly,body_image_issue,2
lately i feel buried in tasks lately.,stress,11
i am kind of pleased honestly.,joy,6
i think i'm incredibly annoyed.,anger,0
i feel kind of lonely right now.,loneliness,7
i think i'm so by myself...,loneliness,7
tbh i'm a bit alone more than usual.,loneliness,7
right now i'm really afraid right now.,anxiety,1
i think i'm a bit fried these days.,burnout,3
right now i'm really just chilling i don't know why.,neutral,9
it seems i'm really angry today.,anger,0
right now i'm so done.,burnout,3
i keep feeling kind of fearful more than usual.,anxiety,1
i just feel totally uneasy more than usual.,anxiety,1
a bit empty,depression,4
"honestly, i'm deeply ugly i don't know why.",body_image_issue,2
i'm so burnt out today.,burnout,3
i think i'm so fried more than usual.,burnout,3
i think i'm stressed about my exams.,exam_stress,5
today i feel completely enraged...,anger,0
i think i'm really afraid honestly.,anxiety,1
i've been totally unattractive and i can't shake it.,body_image_issue,2
right now i'm very running on empty right now.,burnout,3
lately i feel very unattractive lately.,body_image_issue,2
lately i feel somewhat irritated lately.,anger,0
right now i'm incredibly angry i don't know why.,anger,0
i'm extremely fuming,anger,0
extremely fuming right now.,anger,0
i just feel very tense i don't know why.,anxiety,1
i'm extremely running on empty today.,burnout,3
i just feel completely stressed and i can't shake it.,stress,11
it seems i'm a bit invisible and i can't shake it.,loneliness,7
i just feel a bit fine today.,neutral,9
a bit nervous,anxiety,1
i am quite neutral and i can't shake it.,neutral,9
i keep feeling overwhelmed by studying...,exam_stress,5
these days i feel okay today.,neutral,9
tbh i'm incredibly worthless today.,low_self_esteem,8
tbh i'm a bit numb today.,depression,4
it seems i'm kind of balanced more than usual.,neutral,9
"honestly, i'm totally running on empty i don't know why.",burnout,3
sometimes i feel really like a failure...,low_self_esteem,8
i am kind of worthless i don't know why.,low_self_esteem,8
i've been really forgotten honestly.,loneliness,7
right now i'm incredibly alone i don't know why.,loneliness,7
these days i feel so invisible today.,loneliness,7
sometimes i feel deeply alone today.,loneliness,7
i keep feeling deeply unhappy,sadness,10
i feel so exhausted from work these days.,burnout,3
i feel totally horrible about how i look honestly.,body_image_issue,2
"honestly, i'm very anxious about my upcoming exam honestly.",exam_stress,5
i just feel somewhat tense lately.,anxiety,1
sometimes i feel quite upset these days.,sadness,10
sometimes i feel completely disconnected honestly.,loneliness,7
i feel tense from work...,stress,11
tbh i'm quite useless i don't know why.,low_self_esteem,8
tbh i'm incredibly anxious about my upcoming exam lately.,exam_stress,5
really pleased,joy,6
kind of pressured,stress,11
"honestly, i'm very drained lately.",burnout,3
kind of at ease lately.,neutral,9
i feel incredibly glad more than usual.,joy,6
today i feel kind of run down and i can't shake it.,stress,11
these days i feel somewhat heartbroken honestly.,sadness,10
i'm completely overwhelmed by studying and i can't shake it.,exam_stress,5
i'm unattractive i don't know why.,body_image_issue,2
it seems i'm deeply emotionally exhausted.,burnout,3
sometimes i feel kind of burnt out honestly.,burnout,3
i'm really quite on edge i don't know why.,anxiety,1
i think i'm incredibly running on empty...,burnout,3
i'm somewhat invisible lately.,loneliness,7
it seems i'm so like i don't matter.,low_self_esteem,8
i'm completely ashamed of my body.,body_image_issue,2
it seems i'm very melancholic.,sadness,10
i'm so anxious about my upcoming exam right now.,exam_stress,5
i'm really somewhat blue and i can't shake it.,sadness,10
i think i'm very on edge,anxiety,1
it seems i'm completely emotionally exhausted.,burnout,3
i'm somewhat alone more than usual.,loneliness,7
i think i'm somewhat empty more than usual.,depression,4
i think i'm a bit frustrated.,anger,0
today i feel really empty i don't know why.,depression,4
tbh i'm very sad right now.,sadness,10
"honestly, i'm deeply worthless today.",depression,4
today i feel somewhat tearful and i can't shake it.,sadness,10
i just feel extremely uneasy...,anxiety,1
sometimes i feel somewhat unattractive...,body_image_issue,2
sometimes i feel extremely run down today.,stress,11
right now i'm kind of enraged today.,anger,0
i feel totally overwhelmed by studying honestly.,exam_stress,5
i just feel kind of glad...,joy,6
i've been incredibly okay honestly.,neutral,9
i've been deeply running on empty i don't know why.,burnout,3
i feel a bit alright right now.,neutral,9
i think i'm very left out today.,loneliness,7
i am totally unattractive i don't know why.,body_image_issue,2
i'm really extremely worthless i don't know why.,low_self_esteem,8
"honestly, i'm really at ease.",neutral,9
these days i feel kind of ugly more than usual.,body_image_issue,2
i think i'm quite stupid today.,low_self_esteem,8
sometimes i feel a bit alone,loneliness,7
i am really okay lately.,neutral,9
i'm deeply down honestly.,sadness,10
sometimes i feel very scared i'll fail my exam and i can't shake it.,exam_stress,5
tbh i'm extremely anxious honestly.,anxiety,1
i just feel incredibly at ease and i can't shake it.,neutral,9
i've been incredibly alright.,neutral,9
lately i feel under pressure and i can't shake it.,stress,11
"honestly, i'm quite swamped more than usual.",stress,11
lately i feel deeply cheerful honestly.,joy,6
i've been completely tearful honestly.,sadness,10
i just feel worried about the test lately.,exam_stress,5
today i feel deeply swamped honestly.,stress,11
i've been enraged...,anger,0
today i feel a bit tense honestly.,anxiety,1
"honestly, i'm like giving up these days.",depression,4
right now i'm incredibly running on empty lately.,burnout,3
i keep feeling so gloomy more than usual.,sadness,10
i am quite run down.,stress,11
i've been a bit running on empty honestly.,burnout,3
today i feel pressured these days.,stress,11
i think i'm deeply fearful right now.,anxiety,1
these days i feel quite disgusting in the mirror.,body_image_issue,2
lately i feel so tearful more than usual.,sadness,10
"honestly, i'm a bit blue lately.",sadness,10
i am somewhat done today.,burnout,3
today i feel isolated today.,loneliness,7
i'm really a bit miserable right now.,sadness,10
i think i'm quite balanced and i can't shake it.,neutral,9
i just feel deeply anxious about my upcoming exam today.,exam_stress,5
"honestly, i'm a bit light-hearted lately.",joy,6
today i feel completely unattractive and i can't shake it.,body_image_issue,2
right now i'm totally worried right now.,anxiety,1
tbh i'm totally apprehensive these days.,anxiety,1
lately i feel so fuming honestly.,anger,0
sometimes i feel quite worried about the test honestly.,exam_stress,5
i've been totally neutral more than usual.,neutral,9
i keep feeling a bit normal right now.,neutral,9
i feel somewhat heartbroken and i can't shake it.,sadness,10
tbh i'm very fuming honestly.,anger,0
right now i'm totally fat right now.,body_image_issue,2
lately i feel incredibly invisible right now.,loneliness,7
tbh i'm incredibly apprehensive these days.,anxiety,1
these days i feel incredibly like there's no point right now.,depression,4
kind of fuming.,anger,0
lately i feel completely worried and i can't shake it.,anxiety,1
right now i'm completely worthless these days.,low_self_esteem,8
i'm really a bit grateful lately.,joy,6
"honestly, i'm quite like nothing matters...",depression,4
i am very alone these days.,loneliness,7
so melancholic i don't know why.,sadness,10
i think i'm deeply not good enough right now.,low_self_esteem,8
i think i'm quite left out.,loneliness,7
tbh i'm deeply numb more than usual.,depression,4
it seems i'm kind of uneasy right now.,anxiety,1
tbh i'm stressed about my exams these days.,exam_stress,5
these days i feel extremely running on empty today.,burnout,3
sometimes i feel kind of frustrated these days.,anger,0
these days i feel deeply stressed about my exams,exam_stress,5
it seems i'm very gloomy lately.,sadness,10
"honestly, i'm extremely enraged more than usual.",anger,0
i am quite furious...,anger,0
these days i feel so ashamed of my body...,body_image_issue,2
today i feel incredibly drained today.,burnout,3
right now i'm incredibly tense from work right now.,stress,11
totally afraid...,anxiety,1
i'm kind of depleted right now.,burnout,3
i think i'm totally like there's no point these days.,depression,4
i'm really so insecure about myself right now.,low_self_esteem,8
"honestly, i'm totally stressed right now.",stress,11
today i feel extremely like there's no point more than usual.,depression,4
these days i feel quite glad more than usual.,joy,6
"honestly, i'm a bit upset more than usual.",sadness,10
i'm really extremely shaky.,anxiety,1
right now i'm so down and i can't shake it.,sadness,10
lately i feel empty,depression,4
i'm somewhat like there's no point...,depression,4
i'm really quite invisible these days.,loneliness,7
i'm really so numb and i can't shake it.,depression,4
i've been deeply pressured lately.,stress,11
sometimes i feel kind of stressed these days.,stress,11
it seems i'm very anxious,anxiety,1
these days i feel really worthless lately.,depression,4
i keep feeling incredibly depleted today.,burnout,3
today i feel incredibly exhausted from work...,burnout,3
i am really worthless more than usual.,low_self_esteem,8
i think i'm really worried about the test i don't know why.,exam_stress,5
i'm really so light-hearted these days.,joy,6
sometimes i feel kind of invisible more than usual.,loneliness,7
i am somewhat like a failure lately.,low_self_esteem,8
i feel really pleased today.,joy,6
it seems i'm very like nobody likes me right now.,low_self_esteem,8
it seems i'm so worthless.,low_self_esteem,8
i keep feeling incredibly blessed.,joy,6
today i feel somewhat invisible right now.,loneliness,7
i'm really kind of overwhelmed by studying and i can't shake it.,exam_stress,5
i keep feeling completely horrible about how i look today.,body_image_issue,2
i keep feeling totally at ease i don't know why.,neutral,9
i am very smiling lately.,joy,6
i think i'm kind of normal today.,neutral,9
tbh i'm kind of fat right now.,body_image_issue,2
tbh i'm so tearful lately.,sadness,10
i'm really quite stressed honestly.,stress,11
it seems i'm so scared...,anxiety,1
today i feel totally tense right now.,anxiety,1
i think i'm really fat these days.,body_image_issue,2
these days i feel somewhat hopeless these days.,depression,4
i just feel somewhat fine i don't know why.,neutral,9
"honestly, i'm deeply angry right now.",anger,0
i've been kind of anxious more than usual.,anxiety,1
these days i feel so horrible about how i look these days.,body_image_issue,2
i'm completely depleted :(,burnout,3
today i feel incredibly under pressure right now.,stress,11
today i feel a bit angry these days.,anger,0
today i feel down.,sadness,10
right now i'm deeply furious today.,anger,0
today i feel extremely worthless,depression,4
i think i'm quite heartbroken today.,sadness,10
it seems i'm completely pissed off.,anger,0
"honestly, i'm very disconnected these days.",loneliness,7
"honestly, i'm quite stupid today.",low_self_esteem,8
i'm extremely emotionally exhausted right now.,burnout,3
tbh i'm a bit disgusting in the mirror these days.,body_image_issue,2
i'm extremely ashamed of my body lately.,body_image_issue,2
"honestly, i'm incredibly blue today.",sadness,10
i keep feeling quite disgusting in the mirror right now.,body_image_issue,2
incredibly unattractive lately.,body_image_issue,2
i think i'm very emotionally exhausted honestly.,burnout,3
today i feel extremely not good enough.,low_self_esteem,8
these days i feel incredibly numb more than usual.,depression,4
today i feel totally panicking about finals these days.,exam_stress,5
tearful and i can't shake it.,sadness,10
sometimes i feel deeply left out lately.,loneliness,7
lately i feel very upset right now.,sadness,10
i think i'm totally irritated today.,anger,0
i feel worried today.,anxiety,1
sometimes i feel deeply pleased i don't know why.,joy,6
i am somewhat frustrated honestly.,anger,0
like a failure and i can't shake it.,low_self_esteem,8
"honestly, i'm deeply tense from work.",stress,11
i've been incredibly at ease and i can't shake it.,neutral,9
"honestly, i'm incredibly worried about the test more than usual.",exam_stress,5
i've been totally lonely more than usual.,loneliness,7
"honestly, i'm completely horrible about how i look",body_image_issue,2
totally exhausted from work...,burnout,3
i've been so okay i don't know why.,neutral,9
i keep feeling content more than usual.,joy,6
i've been normal honestly.,neutral,9
i keep feeling totally depleted more than usual.,burnout,3
i keep feeling so by myself right now.,loneliness,7
tbh i'm deeply afraid,anxiety,1
it seems i'm totally uneasy...,anxiety,1
i think i'm quite irritated...,anger,0
right now i'm somewhat by myself...,loneliness,7
i'm kind of fat...,body_image_issue,2
i keep feeling a bit upset lately.,sadness,10
i feel very upset and i can't shake it.,sadness,10
completely normal these days.,neutral,9
lately i feel very fat right now.,body_image_issue,2
i'm extremely stressed about my exams these days.,exam_stress,5
i think i'm deeply alone honestly.,loneliness,7
i think i'm kind of hopeless,depression,4
"honestly, i'm anxious right now.",anxiety,1
i just feel somewhat neutral lately.,neutral,9
i just feel somewhat ugly today.,body_image_issue,2
tbh i'm a bit burnt out...,burnout,3
i'm deeply anxious about my upcoming exam today.,exam_stress,5
i've been completely stupid these days.,low_self_esteem,8
"honestly, i'm a bit worthless honestly.",low_self_esteem,8
tbh i'm a bit tearful today.,sadness,10
i'm really extremely glad honestly.,joy,6
i keep feeling extremely joyful more than usual.,joy,6
"honestly, i'm incredibly down lately.",sadness,10
right now i'm very lonely right now.,loneliness,7
i've been extremely useless more than usual.,low_self_esteem,8
i am completely overwhelmed by studying...,exam_stress,5
i always mess things up,low_self_esteem,8
right now i'm extremely alright honestly.,neutral,9
i am so buried in tasks honestly.,stress,11
i keep feeling uneasy lately.,anxiety,1
i think i'm quite ugly i don't know why.,body_image_issue,2
kind of blessed honestly.,joy,6
"honestly, i'm really just chilling honestly.",neutral,9
completely panicky honestly.,anxiety,1
i've been extremely insecure about my appearance,body_image_issue,2
i am somewhat worthless...,low_self_esteem,8
lately i feel quite mad i don't know why.,anger,0
kind of tearful...,sadness,10
today i feel totally lonely honestly.,loneliness,7
i just feel so fat i don't know why.,body_image_issue,2
sometimes i feel a bit furious these days.,anger,0
i think i'm deeply blessed...,joy,6
so hopeless more than usual.,depression,4
extremely stressed about my exams lately.,exam_stress,5
i'm somewhat balanced.,neutral,9
it seems i'm completely sad these days.,sadness,10
"honestly, i'm worried.",anxiety,1
lately i feel kind of fine,neutral,9
i am totally panicking about finals these days.,exam_stress,5
today i feel low,sadness,10
i keep feeling totally upset.,sadness,10
i'm completely annoyed right now.,anger,0
i've been resentful these days.,anger,0
it seems i'm very disconnected lately.,loneliness,7
"honestly, i'm incredibly useless",low_self_esteem,8
i've been completely like there's no point lately.,depression,4
completely resentful,anger,0
i keep feeling a bit frustrated honestly.,anger,0
i am a bit under pressure more than usual.,stress,11
these days i feel very overwhelmed by studying honestly.,exam_stress,5
it seems i'm really gloomy and i can't shake it.,sadness,10
i feel somewhat delighted these days.,joy,6
lately i feel extremely worthless i don't know why.,depression,4
tbh i'm very annoyed these days.,anger,0
today i feel so sad these days.,sadness,10
i am a bit joyful...,joy,6
i just feel quite not good enough right now.,low_self_esteem,8
i just feel incredibly alright more than usual.,neutral,9
i've been deeply worried about the test...,exam_stress,5
these days i feel kind of frustrated these days.,anger,0
it seems i'm incredibly numb honestly.,depression,4
i just feel really drained i don't know why.,burnout,3
deeply on edge,anxiety,1
tbh i'm tense,anxiety,1
incredibly fat and i can't shake it.,body_image_issue,2
lately i feel somewhat mad lately.,anger,0
today i feel deeply like i don't matter more than usual.,low_self_esteem,8
i'm very emotionally exhausted.,burnout,3
today i feel really overwhelmed right now.,stress,11
lately i feel kind of useless lately.,low_self_esteem,8
"honestly, i'm very anxious about my upcoming exam today.",exam_stress,5
sometimes i feel really run down today.,stress,11
lately i feel extremely blessed today.,joy,6
tbh i'm so alone i don't know why.,loneliness,7
i've been incredibly fried honestly.,burnout,3
i think i'm kind of scared more than usual.,anxiety,1
today i feel incredibly like a failure...,low_self_esteem,8
these days i feel incredibly thankful today.,joy,6
i think i'm blessed lately.,joy,6
right now i'm completely stressed about my exams honestly.,exam_stress,5
i've been very disconnected,loneliness,7
i've been really under pressure i don't know why.,stress,11
today i feel completely lonely these days.,loneliness,7
lately i feel kind of like a failure i don't know why.,low_self_esteem,8
sometimes i feel really gloomy...,sadness,10
"honestly, i'm quite okay and i can't shake it.",neutral,9
right now i'm kind of fried more than usual.,burnout,3
i am somewhat pressured.,stress,11
i keep feeling deeply irritated,anger,0
i think i'm very shaky and i can't shake it.,anxiety,1
i keep feeling incredibly anxious about my upcoming exam and i can't shake it.,exam_stress,5
these days i feel totally furious.,anger,0
i'm very okay honestly.,neutral,9
i'm really totally isolated more than usual.,loneliness,7
"honestly, i'm completely forgotten and i can't shake it.",loneliness,7
today i feel totally alone honestly.,loneliness,7
tbh i'm incredibly done,burnout,3
it seems i'm extremely low.,sadness,10
i keep feeling deeply heartbroken lately.,sadness,10
i'm deeply at ease.,neutral,9
i feel totally like nothing matters i don't know why.,depression,4
sometimes i feel extremely under pressure honestly.,stress,11
i keep feeling extremely running on empty and i can't shake it.,burnout,3
it seems i'm very like there's no point...,depression,4
it seems i'm kind of useless...,low_self_esteem,8
sometimes i feel completely gloomy today.,sadness,10
tbh i'm somewhat pleased lately.,joy,6
i just feel completely normal...,neutral,9
incredibly sad.,sadness,10
i'm really completely stressed more than usual.,stress,11
i'm really a bit fried today.,burnout,3
i feel completely pleased today.,joy,6
these days i feel quite worthless i don't know why.,low_self_esteem,8
"honestly, i'm really emotionally exhausted right now.",burnout,3
right now i'm really anxious about my upcoming exam more than usual.,exam_stress,5
lately i feel completely numb...,depression,4
sometimes i feel really scared right now.,anxiety,1
i just feel so neutral these days.,neutral,9
"honestly, i'm kind of forgotten i don't know why.",loneliness,7
i've been kind of tense from work today.,stress,11
i'm really so isolated.,loneliness,7
i just feel very tense from work today.,stress,11
i just feel so anxious i don't know why.,anxiety,1
"honestly, i'm completely under pressure today.",stress,11
somewhat afraid these days.,anxiety,1
i am quite stressed i don't know why.,stress,11
completely tense from work and i can't shake it.,stress,11
i'm somewhat unhappy these days.,sadness,10
i just feel incredibly overwhelmed.,stress,11
i keep feeling somewhat pleased lately.,joy,6
lately i feel kind of blue honestly.,sadness,10
lately i feel incredibly stupid lately.,low_self_esteem,8
i just feel very disconnected i don't know why.,loneliness,7
sometimes i feel deeply anxious about my upcoming exam and i can't shake it.,exam_stress,5
somewhat worried about the test honestly.,exam_stress,5
today i feel extremely hopeless and i can't shake it.,depression,4
i keep feeling totally fearful.,anxiety,1
sometimes i feel completely unattractive today.,body_image_issue,2
i'm somewhat anxious about my upcoming exam.,exam_stress,5
lately i feel incredibly stupid more than usual.,low_self_esteem,8
tbh i'm a bit left out lately.,loneliness,7
i'm quite pressured.,stress,11
i am very alright right now.,neutral,9
sometimes i feel somewhat burnt out right now.,burnout,3
i keep feeling extremely fat these days.,body_image_issue,2
it seems i'm extremely down i don't know why.,sadness,10
i just feel deeply like nobody likes me...,low_self_esteem,8
today i feel deeply happy.,joy,6
i think i'm really done...,burnout,3
i just feel totally horrible about how i look,body_image_issue,2
"honestly, i'm totally at ease.",neutral,9
today i feel really drained honestly.,burnout,3
i've been extremely stressed these days.,stress,11
right now i'm so fat right now.,body_image_issue,2
i'm incredibly burnt out right now.,burnout,3
right now i'm stupid today.,low_self_esteem,8
i just feel extremely lonely these days.,loneliness,7
lately i feel very run down,stress,11
tbh i'm extremely neutral today.,neutral,9
these days i feel incredibly buried in tasks,stress,11
it seems i'm so alright these days.,neutral,9
i am so insecure about my appearance.,body_image_issue,2
sometimes i feel completely disgusting in the mirror lately.,body_image_issue,2
i feel totally annoyed i don't know why.,anger,0
these days i feel somewhat stressed more than usual.,stress,11
i feel kind of like a burden more than usual.,depression,4
tbh i'm like a burden and i can't shake it.,depression,4
i just feel really horrible about how i look and i can't shake it.,body_image_issue,2
today i feel deeply ugly right now.,body_image_issue,2
i've been somewhat normal these days.,neutral,9
these days i feel so pressured i don't know why.,stress,11
"honestly, i'm somewhat stupid i don't know why.",low_self_esteem,8
i keep feeling so neutral right now.,neutral,9
lately i feel really lonely these days.,loneliness,7
these days i feel kind of worthless.,low_self_esteem,8
tbh i'm apprehensive today.,anxiety,1
i think i'm extremely anxious,anxiety,1
it seems i'm extremely lonely and i can't shake it.,loneliness,7
i just feel incredibly pissed off right now.,anger,0
i keep feeling totally burnt out and i can't shake it.,burnout,3
i feel completely enraged more than usual.,anger,0
it seems i'm quite worried about the test i don't know why.,exam_stress,5
lately i feel totally like a burden...,depression,4
i think i'm completely done these days.,burnout,3
i'm really like a failure right now.,low_self_esteem,8
lately i feel quite heartbroken more than usual.,sadness,10
i feel deeply depleted and i can't shake it.,burnout,3
i am deeply scared i'll fail my exam more than usual.,exam_stress,5
i think i'm extremely burnt out i don't know why.,burnout,3
very overwhelmed...,stress,11
a bit unattractive lately.,body_image_issue,2
i'm really deeply exhausted from work i don't know why.,burnout,3
i am quite down and i can't shake it.,sadness,10
sometimes i feel completely like giving up these days.,depression,4
these days i feel extremely angry honestly.,anger,0
today i feel so left out.,loneliness,7
it seems i'm totally worthless,depression,4
sometimes i feel extremely depleted these days.,burnout,3
lately i feel incredibly blessed lately.,joy,6
sometimes i feel kind of balanced.,neutral,9
today i feel kind of low i don't know why.,sadness,10
deeply disconnected these days.,loneliness,7
today i feel totally alright.,neutral,9
i think i'm so anxious honestly.,anxiety,1
tbh i'm quite sad.,sadness,10
i'm really deeply in a good mood lately.,joy,6
it seems i'm deeply not good enough.,low_self_esteem,8
i'm really a bit tense from work.,stress,11
i am so like nothing matters lately.,depression,4
sometimes i feel deeply insecure about my appearance today.,body_image_issue,2
tbh i'm kind of stressed right now.,stress,11
i feel somewhat like nothing matters right now.,depression,4
i am disconnected,loneliness,7
i am deeply low and i can't shake it.,sadness,10
i think i'm really buried in tasks right now.,stress,11
today i feel incredibly cheerful right now.,joy,6
sometimes i feel totally disgusting in the mirror more than usual.,body_image_issue,2
i keep feeling kind of afraid honestly.,anxiety,1
i've been somewhat thankful...,joy,6
today i feel deeply upset these days.,sadness,10
i am anxious about my upcoming exam these days.,exam_stress,5
"honestly, i'm deeply pissed off...",anger,0
i'm really incredibly overwhelmed honestly.,stress,11
i keep feeling so without purpose,depression,4
i feel a bit upset and i can't shake it.,sadness,10
i'm a bit drained of meaning today.,depression,4
these days i feel really resentful and i can't shake it.,anger,0
i'm really completely like giving up,depression,4
i feel somewhat numb right now.,depression,4
i just feel quite emotionally exhausted.,burnout,3
so resentful lately.,anger,0
i just feel very unattractive and i can't shake it.,body_image_issue,2
i keep feeling quite joyful,joy,6
i think i'm quite angry lately.,anger,0
lately i feel incredibly cheerful and i can't shake it.,joy,6
"honestly, i'm really tense more than usual.",anxiety,1
kind of okay these days.,neutral,9
i just feel very delighted,joy,6
i just feel quite insecure about myself more than usual.,low_self_esteem,8
i'm really completely pissed off.,anger,0
i'm really extremely uneasy honestly.,anxiety,1
i think i'm totally insecure about myself lately.,low_self_esteem,8
i feel extremely like nobody likes me honestly.,low_self_esteem,8
these days i feel very forgotten lately.,loneliness,7
these days i feel really isolated today.,loneliness,7
"honestly, i'm somewhat angry more than usual.",anger,0
it seems i'm really insecure about my appearance.,body_image_issue,2
i'm very under pressure more than usual.,stress,11
i'm kind of smiling lately.,joy,6
these days i feel somewhat blue these days.,sadness,10
totally like i don't matter and i can't shake it.,low_self_esteem,8
i keep feeling deeply irritated lately.,anger,0
i just feel so okay...,neutral,9
i am totally disconnected these days.,loneliness,7
"honestly, i'm kind of alright",neutral,9
i'm really at ease more than usual.,neutral,9
i think i'm incredibly pleased,joy,6
today i feel so annoyed and i can't shake it.,anger,0
tbh i'm not smart enough for this...,low_self_esteem,8
these days i feel extremely calm right now.,neutral,9
lately i feel very without purpose these days.,depression,4
"honestly, i'm somewhat drained and i can't shake it.",burnout,3
a bit useless lately.,low_self_esteem,8
i am disconnected i don't know why.,loneliness,7
these days i feel shaky,anxiety,1
right now i'm a bit uneasy more than usual.,anxiety,1
incredibly lonely.,loneliness,7
right now i'm very drained,burnout,3
i've been so disgusting in the mirror.,body_image_issue,2
somewhat not good enough right now.,low_self_esteem,8
i'm really extremely emotionally exhausted right now.,burnout,3
i am incredibly stressed about my exams and i can't shake it.,exam_stress,5
quite disgusting in the mirror these days.,body_image_issue,2
i just feel quite depleted i don't know why.,burnout,3
i feel kind of hopeless right now.,depression,4
today i feel really fuming these days.,anger,0
i feel somewhat lonely,loneliness,7
i'm really kind of run down honestly.,stress,11
somewhat useless honestly.,low_self_esteem,8
these days i feel kind of annoyed...,anger,0
a bit frustrated,anger,0
i'm incredibly like a failure...,low_self_esteem,8
i'm so anxious about my upcoming exam.,exam_stress,5
i've been a bit calm lately.,neutral,9
stressed about my exams right now.,exam_stress,5
tbh i'm completely by myself these days.,loneliness,7
it seems i'm quite unattractive more than usual.,body_image_issue,2
i'm extremely ashamed of my body more than usual.,body_image_issue,2
i just feel panicking about finals right now.,exam_stress,5
lately i feel deeply fat more than usual.,body_image_issue,2
i just feel really horrible about how i look lately.,body_image_issue,2
i feel completely furious more than usual.,anger,0
sometimes i feel really cheerful i don't know why.,joy,6
tbh my heart hurts today,sadness,10
i keep feeling quite at ease i don't know why.,neutral,9
sometimes i feel deeply unhappy and i can't shake it.,sadness,10
these days i feel very exhausted from work i don't know why.,burnout,3
i just feel somewhat hopeless and i can't shake it.,depression,4
sometimes i feel incredibly buried in tasks and i can't shake it.,stress,11
i've been very sad right now.,sadness,10
i feel deeply fearful i don't know why.,anxiety,1
these days i feel invisible i don't know why.,loneliness,7
i just feel kind of irritated.,anger,0
lately i feel deeply tearful,sadness,10
tbh i'm totally useless honestly.,low_self_esteem,8
incredibly like a failure and i can't shake it.,low_self_esteem,8
i just feel deeply running on empty more than usual.,burnout,3
it seems i'm deeply apprehensive and i can't shake it.,anxiety,1
i'm really very apprehensive honestly.,anxiety,1
sometimes i feel so like nothing matters lately.,depression,4
i'm completely emotionally exhausted more than usual.,burnout,3
i think i'm quite exhausted from work more than usual.,burnout,3
these days i feel really okay,neutral,9
today i feel deeply pissed off,anger,0
i think i'm somewhat gloomy and i can't shake it.,sadness,10
"honestly, i'm so like nobody likes me.",low_self_esteem,8
"honestly, i'm a bit happy today.",joy,6
i feel very like i don't matter today.,low_self_esteem,8
i feel extremely joyful right now.,joy,6
i'm drained of meaning.,depression,4
i keep feeling isolated right now.,loneliness,7
these days i feel incredibly unhappy.,sadness,10
right now i'm quite tense from work more than usual.,stress,11
i just feel deeply like a burden.,depression,4
it seems i'm a bit like a failure today.,low_self_esteem,8
i've been very thankful today.,joy,6
i think i'm totally anxious right now.,anxiety,1
lately i feel light-hearted and i can't shake it.,joy,6
i am really insecure about myself and i can't shake it.,low_self_esteem,8
i think i'm kind of overwhelmed by studying...,exam_stress,5
unhappy today.,sadness,10
i keep feeling really enraged right now.,anger,0
i just feel somewhat alright lately.,neutral,9
it seems i'm deeply empty and i can't shake it.,depression,4
today i feel incredibly calm and i can't shake it.,neutral,9
i'm really really tearful more than usual.,sadness,10
i've been kind of happy lately.,joy,6
i feel a bit hopeless more than usual.,depression,4
"honestly, i'm a bit useless right now.",low_self_esteem,8
it seems i'm deeply worried today.,anxiety,1
lately i feel incredibly emotionally exhausted.,burnout,3
i've been very panicky honestly.,anxiety,1
"honestly, i'm really glad right now.",joy,6
i'm incredibly just chilling,neutral,9
i'm really horrible about how i look these days.,body_image_issue,2
i am totally pissed off more than usual.,anger,0
today i feel so upset,sadness,10
i'm really quite under pressure...,stress,11
these days i feel overwhelmed.,stress,11
i'm so tearful these days.,sadness,10
i feel kind of furious right now.,anger,0
right now i'm extremely like a burden...,depression,4
right now i'm extremely lonely right now.,loneliness,7
i've been incredibly tense more than usual.,anxiety,1
today i feel quite pleased,joy,6
really gloomy lately.,sadness,10
these days i feel incredibly fat honestly.,body_image_issue,2
"honestly, i'm really uneasy and i can't shake it.",anxiety,1
i keep feeling quite tense from work more than usual.,stress,11
right now i'm kind of fine...,neutral,9
"honestly, i'm totally isolated more than usual.",loneliness,7
i think i'm quite low i don't know why.,sadness,10
ngl i have nothing left to give...,burnout,3
i'm really a bit enraged i don't know why.,anger,0
today i feel somewhat sad more than usual.,sadness,10
"honestly, i'm quite stressed about my exams today.",exam_stress,5
these days i feel very pissed off and i can't shake it.,anger,0
i'm quite content,joy,6
i feel kind of worried honestly.,anxiety,1
i feel quite depleted,burnout,3
"honestly, i'm kind of disconnected...",loneliness,7
swamped.,stress,11
i feel very fuming honestly.,anger,0
tbh i'm totally anxious today.,anxiety,1
a bit uneasy today.,anxiety,1
right now i'm totally numb...,depression,4
today i feel completely hopeless...,depression,4
it seems i'm quite tense from work these days.,stress,11
i keep feeling deeply buried in tasks honestly.,stress,11
i'm quite fearful...,anxiety,1
today i feel very disconnected,loneliness,7
today i feel deeply tearful and i can't shake it.,sadness,10
sometimes i feel a bit apprehensive today.,anxiety,1
right now i'm really buried in tasks lately.,stress,11
lately i feel extremely joyful lately.,joy,6
i am incredibly overwhelmed by studying,exam_stress,5
lately i feel incredibly buried in tasks...,stress,11
i'm really quite horrible about how i look right now.,body_image_issue,2
today i feel kind of drained of meaning...,depression,4
very heartbroken i don't know why.,sadness,10
i keep feeling afraid these days.,anxiety,1
i keep feeling so empty.,depression,4
right now i'm totally balanced and i can't shake it.,neutral,9
"honestly, i'm so frustrated lately.",anger,0
i've been incredibly left out i don't know why.,loneliness,7
i just feel totally scared lately.,anxiety,1
i am deeply alone today.,loneliness,7
i'm really extremely pressured i don't know why.,stress,11
i am deeply stressed about my exams more than usual.,exam_stress,5
i'm really completely anxious about my upcoming exam.,exam_stress,5
i just feel really like giving up lately.,depression,4
tbh i'm so light-hearted right now.,joy,6
these days i feel deeply sad lately.,sadness,10
lately i feel totally like giving up lately.,depression,4
"honestly, i'm extremely angry.",anger,0
tbh i'm stressed about my exams i don't know why.,exam_stress,5
it seems i'm so like there's no point right now.,depression,4
"honestly, i'm very anxious about my upcoming exam and i can't shake it.",exam_stress,5
i'm really really depleted...,burnout,3
i've been pissed off honestly.,anger,0
i'm a bit ashamed of my body today.,body_image_issue,2
right now i'm kind of running on empty right now.,burnout,3
"honestly, i'm completely annoyed these days.",anger,0
right now i'm lonely honestly.,loneliness,7
i keep feeling completely insecure about my appearance i don't know why.,body_image_issue,2
tbh i'm anxious about my upcoming exam.,exam_stress,5
today i feel very exhausted from work these days.,burnout,3
tbh i'm a bit like nobody likes me and i can't shake it.,low_self_esteem,8
i think i'm deeply alone more than usual.,loneliness,7
i'm so okay and i can't shake it.,neutral,9
it seems i'm really alone i don't know why.,loneliness,7
i keep feeling somewhat normal and i can't shake it.,neutral,9
today i feel totally depleted.,burnout,3
i've been deeply anxious about my upcoming exam these days.,exam_stress,5
i just feel quite mad more than usual.,anger,0
today i feel a bit unattractive lately.,body_image_issue,2
i keep feeling really alone.,loneliness,7
i'm really somewhat annoyed and i can't shake it.,anger,0
today i feel very burnt out and i can't shake it.,burnout,3
i'm really so forgotten these days.,loneliness,7
sometimes i feel extremely frustrated...,anger,0
lately i feel deeply furious today.,anger,0
sometimes i feel kind of pressured and i can't shake it.,stress,11
"honestly, i'm so not good enough more than usual.",low_self_esteem,8
lately i feel incredibly depleted lately.,burnout,3
i think i'm completely ashamed of my body and i can't shake it.,body_image_issue,2
it seems i'm totally run down i don't know why.,stress,11
i'm kind of ashamed of my body,body_image_issue,2
i'm really kind of burnt out lately.,burnout,3
i've been fat lately.,body_image_issue,2
i think i'm completely balanced...,neutral,9
i think i'm totally emotionally exhausted honestly.,burnout,3
i just feel somewhat stupid honestly.,low_self_esteem,8
these days i feel totally insecure about myself,low_self_esteem,8
i feel really happy right now.,joy,6
i feel somewhat like nothing matters...,depression,4
these days i feel a bit blue more than usual.,sadness,10
i feel miserable honestly.,sadness,10
i am ugly.,body_image_issue,2
it seems i'm so annoyed...,anger,0
i'm really really just chilling,neutral,9
"honestly, i'm very optimistic i don't know why.",joy,6
tbh i'm overwhelmed,stress,11
i've been completely upset i don't know why.,sadness,10
today i feel extremely alone,loneliness,7
"honestly, i'm really fine",neutral,9
"honestly, i'm so unattractive.",body_image_issue,2
completely horrible about how i look more than usual.,body_image_issue,2
i feel completely disgusting in the mirror and i can't shake it.,body_image_issue,2
i feel deeply normal today.,neutral,9
tbh i'm somewhat neutral and i can't shake it.,neutral,9
i am exhausted from work right now.,burnout,3
"honestly, i'm somewhat isolated these days.",loneliness,7
i've been deeply useless more than usual.,low_self_esteem,8
i've been totally ugly today.,body_image_issue,2
tbh i'm kind of annoyed these days.,anger,0
everything reminds me of what i lost.,sadness,10
these days i feel very tearful honestly.,sadness,10
i feel a bit like a failure more than usual.,low_self_esteem,8
it seems i'm insecure about myself,low_self_esteem,8
i'm really somewhat unattractive.,body_image_issue,2
i just feel very tense more than usual.,anxiety,1
quite exhausted from work right now.,burnout,3
i am kind of enraged lately.,anger,0
i am extremely left out today.,loneliness,7
i think i'm somewhat balanced lately.,neutral,9
i've been quite stressed about my exams today.,exam_stress,5
tbh i'm kind of down more than usual.,sadness,10
"honestly, i'm so numb i don't know why.",depression,4
i keep feeling incredibly worthless today.,low_self_esteem,8
i'm totally fuming lately.,anger,0
sometimes i feel deeply numb lately.,depression,4
"honestly, i'm quite lonely honestly.",loneliness,7
i'm completely without purpose and i can't shake it.,depression,4
i'm really kind of worthless lately.,low_self_esteem,8
these days i feel really on edge these days.,anxiety,1
tbh i'm really by myself lately.,loneliness,7
i just feel quite insecure about myself lately.,low_self_esteem,8
right now i'm totally lonely lately.,loneliness,7
it seems i'm kind of stupid today.,low_self_esteem,8
i feel deeply drained of meaning...,depression,4
i've been quite done honestly.,burnout,3
today i feel incredibly horrible about how i look more than usual.,body_image_issue,2
sometimes i feel incredibly worthless right now.,depression,4
"honestly, i'm ashamed of my body more than usual.",body_image_issue,2
i am a bit unattractive right now.,body_image_issue,2
i think i'm kind of delighted more than usual.,joy,6
i keep feeling a bit invisible and i can't shake it.,loneliness,7
incredibly overwhelmed today.,stress,11
somewhat fat more than usual.,body_image_issue,2
sometimes i feel really like there's no point,depression,4
these days i feel kind of stressed lately.,stress,11
i think i'm a bit forgotten these days.,loneliness,7
tbh i'm deeply invisible...,loneliness,7
today i feel so low,sadness,10
lately i feel totally scared more than usual.,anxiety,1
a bit disconnected.,loneliness,7
these days i feel somewhat horrible about how i look these days.,body_image_issue,2
i just feel very numb lately.,depression,4
sometimes i feel totally under pressure i don't know why.,stress,11
i'm so horrible about how i look...,body_image_issue,2
lately i feel totally nervous,anxiety,1
i'm somewhat unhappy.,sadness,10
today i feel totally content.,joy,6
tbh everyone seems to have someone except me :(,loneliness,7
lately i feel like there's no point honestly.,depression,4
i just feel extremely running on empty i don't know why.,burnout,3
i feel very miserable lately.,sadness,10
i think i'm kind of at ease.,neutral,9
i keep feeling very scared i'll fail my exam right now.,exam_stress,5
these days i feel incredibly annoyed and i can't shake it.,anger,0
these days i feel somewhat annoyed honestly.,anger,0
i feel completely panicky more than usual.,anxiety,1
sometimes i feel totally down...,sadness,10
totally worthless,low_self_esteem,8
so like there's no point today.,depression,4
tbh i'm fearful lately.,anxiety,1
i'm really kind of joyful right now.,joy,6
i think i'm deeply anxious these days.,anxiety,1
incredibly unhappy...,sadness,10
i keep feeling somewhat hopeless honestly.,depression,4
i feel incredibly like i don't matter.,low_self_esteem,8
"honestly, i'm totally not good enough honestly.",low_self_esteem,8
these days i feel extremely like a failure honestly.,low_self_esteem,8
sometimes i feel incredibly anxious lately.,anxiety,1
i keep feeling kind of alone.,loneliness,7
right now i'm angry...,anger,0
right now i'm incredibly insecure about myself today.,low_self_esteem,8
deeply lonely honestly.,loneliness,7
i think i'm extremely depleted,burnout,3
stupid...,low_self_esteem,8
i keep feeling so fine right now.,neutral,9
stressed about my exams and i can't shake it.,exam_stress,5
i feel deeply like giving up...,depression,4
i keep feeling annoyed right now.,anger,0
sometimes i feel really ugly more than usual.,body_image_issue,2
i think i'm very emotionally exhausted,burnout,3
i keep feeling kind of irritated right now.,anger,0
i just feel totally unattractive these days.,body_image_issue,2
i've been somewhat horrible about how i look,body_image_issue,2
sometimes i feel quite panicking about finals today.,exam_stress,5
completely empty lately.,depression,4
these days i feel a bit at ease,neutral,9
i just feel a bit swamped lately.,stress,11
quite irritated lately.,anger,0
i keep feeling totally stressed,stress,11
i feel incredibly furious right now.,anger,0
these days i feel totally worried about the test.,exam_stress,5
i've been worried right now.,anxiety,1
these days i feel joyful these days.,joy,6
"honestly, i'm quite running on empty honestly.",burnout,3
these days i feel a bit okay i don't know why.,neutral,9
"honestly, i'm quite running on empty",burnout,3
these days i feel deeply disconnected today.,loneliness,7
these days i feel extremely invisible...,loneliness,7
lately i feel somewhat in a good mood right now.,joy,6
i think i'm really by myself,loneliness,7
right now i'm somewhat resentful,anger,0
sometimes i feel neutral right now.,neutral,9
tbh i'm so irritated i don't know why.,anger,0
i just feel kind of okay honestly.,neutral,9
sometimes i feel a bit run down.,stress,11
tbh i'm kind of joyful these days.,joy,6
i feel kind of panicky and i can't shake it.,anxiety,1
these days i feel somewhat down lately.,sadness,10
these days i feel incredibly done today.,burnout,3
"honestly, i'm deeply balanced right now.",neutral,9
i'm really kind of resentful honestly.,anger,0
i keep feeling very unattractive these days.,body_image_issue,2
i just feel deeply angry these days.,anger,0
a bit overwhelmed by studying right now.,exam_stress,5
these days i feel kind of pleased more than usual.,joy,6
tbh i'm a bit at ease...,neutral,9
i am kind of like nobody likes me i don't know why.,low_self_esteem,8
i'm very running on empty.,burnout,3
i'm completely isolated and i can't shake it.,loneliness,7
i feel really apprehensive,anxiety,1
i just feel a bit optimistic i don't know why.,joy,6
i'm really grateful and i can't shake it.,joy,6
tbh i'm totally alright these days.,neutral,9
i think i'm deeply panicky...,anxiety,1
today i feel deeply buried in tasks right now.,stress,11
i think i'm kind of burnt out i don't know why.,burnout,3
i'm really totally furious right now.,anger,0
i am very mad right now.,anger,0
these days i feel totally emotionally exhausted today.,burnout,3
i think i'm cheerful today.,joy,6
tbh i'm very tense from work today.,stress,11
i keep feeling a bit blessed more than usual.,joy,6
right now i'm calm honestly.,neutral,9
"honestly, i'm very forgotten right now.",loneliness,7
i feel deeply panicking about finals i don't know why.,exam_stress,5
i think i'm completely fine.,neutral,9
i feel extremely without purpose...,depression,4
sometimes i feel panicking about finals and i can't shake it.,exam_stress,5
i just feel incredibly pressured these days.,stress,11
right now i'm lonely today.,loneliness,7
"honestly, i'm extremely like nobody likes me...",low_self_esteem,8
today i feel kind of worthless right now.,low_self_esteem,8
it seems i'm alone...,loneliness,7
i've been kind of scared i'll fail my exam right now.,exam_stress,5
i've been incredibly exhausted from work more than usual.,burnout,3
i feel quite stressed lately.,stress,11
it seems i'm completely anxious...,anxiety,1
"honestly, i'm incredibly okay i don't know why.",neutral,9
i keep feeling deeply run down.,stress,11
i just feel kind of low today.,sadness,10
tbh i'm completely drained these days.,burnout,3
i just feel kind of emotionally exhausted these days.,burnout,3
i just feel deeply miserable and i can't shake it.,sadness,10
"honestly, i'm quite insecure about myself these days.",low_self_esteem,8
it seems i'm completely apprehensive and i can't shake it.,anxiety,1
i'm really a bit fried more than usual.,burnout,3
tbh i'm deeply exhausted from work i don't know why.,burnout,3
i'm so by myself right now.,loneliness,7
these days i feel somewhat okay and i can't shake it.,neutral,9
lately i feel so isolated right now.,loneliness,7
today i feel kind of tearful and i can't shake it.,sadness,10
i just feel disconnected and i can't shake it.,loneliness,7
i've been very emotionally exhausted,burnout,3
tbh i'm extremely like i don't matter.,low_self_esteem,8
sometimes i feel really fried,burnout,3
i feel completely enraged today.,anger,0
these days i feel frustrated lately.,anger,0
i've been really resentful right now.,anger,0
tbh i'm extremely neutral,neutral,9
"honestly, i'm totally drained of meaning.",depression,4
i keep feeling completely lonely.,loneliness,7
these days i feel deeply disconnected,loneliness,7
i feel very scared more than usual.,anxiety,1
lately i feel totally resentful...,anger,0
i am extremely exhausted from work honestly.,burnout,3
lately i feel somewhat numb honestly.,depression,4
i feel disconnected and i can't shake it.,loneliness,7
i am kind of balanced honestly.,neutral,9
"honestly, i'm kind of overwhelmed by studying i don't know why.",exam_stress,5
i keep feeling kind of depleted...,burnout,3
"honestly, i'm a bit like a failure i don't know why.",low_self_esteem,8
i keep feeling very worried...,anxiety,1
tbh i'm incredibly by myself these days.,loneliness,7
sometimes i feel completely pissed off and i can't shake it.,anger,0
right now i'm completely alone,loneliness,7
i've been a bit sad these days.,sadness,10
i think i'm buried in tasks,stress,11
i am quite worried these days.,anxiety,1
i'm incredibly fuming honestly.,anger,0
i feel very resentful today.,anger,0
tbh i'm a bit emotionally exhausted,burnout,3
today i feel quite enraged right now.,anger,0
right now i'm incredibly happy honestly.,joy,6
i keep feeling incredibly resentful...,anger,0
tbh i'm somewhat heartbroken,sadness,10
"honestly, i'm somewhat panicky more than usual.",anxiety,1
it seems i'm so gloomy honestly.,sadness,10
i've been deeply annoyed.,anger,0
i just feel lonely and i can't shake it.,loneliness,7
"honestly, i'm totally on edge i don't know why.",anxiety,1
i am completely depleted more than usual.,burnout,3
sometimes i feel a bit nervous these days.,anxiety,1
right now i'm really alright right now.,neutral,9
"honestly, i'm somewhat burnt out more than usual.",burnout,3
tbh i'm totally pressured...,stress,11
i am somewhat scared i'll fail my exam honestly.,exam_stress,5
i've been so tearful i don't know why.,sadness,10
i've been incredibly like a burden and i can't shake it.,depression,4
i keep feeling quite smiling honestly.,joy,6
"honestly, i'm completely glad more than usual.",joy,6
it seems i'm quite tearful i don't know why.,sadness,10
it seems i'm extremely forgotten more than usual.,loneliness,7
these days i feel totally fearful i don't know why.,anxiety,1
i feel so disconnected right now.,loneliness,7
i think i'm deeply enraged,anger,0
these days i feel really unattractive...,body_image_issue,2
i feel totally fat honestly.,body_image_issue,2
right now i'm really neutral...,neutral,9
completely panicking about finals lately.,exam_stress,5
it seems i'm somewhat apprehensive i don't know why.,anxiety,1
i'm really kind of disgusting in the mirror right now.,body_image_issue,2
today i feel really drained of meaning.,depression,4
right now i'm so just chilling and i can't shake it.,neutral,9
i just feel completely glad honestly.,joy,6
lately i feel totally sad today.,sadness,10
i'm really a bit forgotten and i can't shake it.,loneliness,7
i'm really totally run down honestly.,stress,11
it seems i'm somewhat heartbroken honestly.,sadness,10
these days i feel extremely scared i'll fail my exam...,exam_stress,5
i'm a bit by myself today.,loneliness,7
it seems i'm extremely without purpose and i can't shake it.,depression,4
i just feel very left out.,loneliness,7
these days i feel deeply grateful...,joy,6
these days i feel somewhat scared i'll fail my exam right now.,exam_stress,5
today i feel totally like there's no point more than usual.,depression,4
"honestly, i'm deeply empty and i can't shake it.",depression,4
i've been extremely thankful lately.,joy,6
it seems i'm unhappy lately.,sadness,10
"honestly, i'm quite scared i'll fail my exam today.",exam_stress,5
i am very emotionally exhausted and i can't shake it.,burnout,3
i'm really completely irritated.,anger,0
very horrible about how i look more than usual.,body_image_issue,2
i keep feeling a bit blessed lately.,joy,6
deeply calm and i can't shake it.,neutral,9
i feel smiling lately.,joy,6
these days i feel incredibly pressured and i can't shake it.,stress,11
lately i feel really left out and i can't shake it.,loneliness,7
tbh i'm extremely not good enough right now.,low_self_esteem,8
these days i feel extremely apprehensive lately.,anxiety,1
i feel a bit lonely,loneliness,7
quite like nothing matters honestly.,depression,4
i feel deeply fuming,anger,0
i feel somewhat like nobody likes me honestly.,low_self_esteem,8
i just feel kind of neutral honestly.,neutral,9
kind of drained these days.,burnout,3
i keep feeling completely empty...,depression,4
i'm really so like i don't matter...,low_self_esteem,8
these days i feel extremely empty right now.,depression,4
i'm really incredibly tense from work honestly.,stress,11
i am a bit horrible about how i look more than usual.,body_image_issue,2
i am quite like a burden and i can't shake it.,depression,4
it seems i'm quite invisible honestly.,loneliness,7
completely horrible about how i look lately.,body_image_issue,2
i think i'm deeply blessed i don't know why.,joy,6
i just feel completely worried about the test right now.,exam_stress,5
"honestly, i'm incredibly resentful honestly.",anger,0
i'm really a bit ugly and i can't shake it.,body_image_issue,2
tbh i'm incredibly tearful these days.,sadness,10
i'm really uneasy,anxiety,1
i keep feeling left out.,loneliness,7
i am totally fuming honestly.,anger,0
i've been extremely low today.,sadness,10
i just feel very like giving up lately.,depression,4
i think i'm deeply furious...,anger,0
"honestly, i'm somewhat calm i don't know why.",neutral,9
i just feel so panicky right now.,anxiety,1
these days i feel so by myself lately.,loneliness,7
i feel deeply burnt out right now.,burnout,3
i am extremely down right now.,sadness,10
incredibly like nobody likes me today.,low_self_esteem,8
i keep feeling very disgusting in the mirror.,body_image_issue,2
i think i'm so delighted.,joy,6
right now i'm very afraid honestly.,anxiety,1
lately i feel totally stressed these days.,stress,11
it seems i'm so shaky lately.,anxiety,1
these days i feel so under pressure more than usual.,stress,11
so insecure about myself,low_self_esteem,8
i'm tense from work right now.,stress,11
i've been thankful lately.,joy,6
lately i feel disgusting in the mirror these days.,body_image_issue,2
i just feel deeply panicking about finals honestly.,exam_stress,5
i've been very uneasy today.,anxiety,1
these days i feel a bit forgotten.,loneliness,7
lately i feel really horrible about how i look honestly.,body_image_issue,2
tbh i'm deeply neutral today.,neutral,9
i just feel somewhat disgusting in the mirror more than usual.,body_image_issue,2
i'm a bit running on empty more than usual.,burnout,3
lately i feel extremely happy and i can't shake it.,joy,6
these days i feel totally melancholic more than usual.,sadness,10
i feel deeply lonely honestly.,loneliness,7
"honestly, i'm totally frustrated.",anger,0
i think i'm a bit depleted right now.,burnout,3
somewhat like a burden these days.,depression,4
lately i feel like a failure honestly.,low_self_esteem,8
i'm totally furious these days.,anger,0
sometimes i feel tense i don't know why.,anxiety,1
it seems i'm very by myself more than usual.,loneliness,7
i think i'm quite nervous and i can't shake it.,anxiety,1
today i feel so pressured more than usual.,stress,11
i just feel ashamed of my body...,body_image_issue,2
"honestly, i'm really delighted honestly.",joy,6
it seems i'm totally apprehensive honestly.,anxiety,1
today i feel kind of balanced,neutral,9
lately i feel deeply pressured right now.,stress,11
lately i feel somewhat apprehensive.,anxiety,1
kind of numb right now.,depression,4
tbh i'm deeply down i don't know why.,sadness,10
today i feel really like a burden and i can't shake it.,depression,4
these days i feel totally unattractive more than usual.,body_image_issue,2
lately i feel so afraid and i can't shake it.,anxiety,1
so stressed honestly.,stress,11
i've been quite low.,sadness,10
light-hearted,joy,6
i keep feeling totally nervous these days.,anxiety,1
i think i'm invisible and i can't shake it.,loneliness,7
i am somewhat like there's no point honestly.,depression,4
i feel very blue.,sadness,10
i keep feeling incredibly ashamed of my body today.,body_image_issue,2
i think i'm completely panicky and i can't shake it.,anxiety,1
i think i'm really insecure about myself lately.,low_self_esteem,8
extremely blue more than usual.,sadness,10
lately i feel completely swamped.,stress,11
i'm worthless today.,low_self_esteem,8
right now i'm deeply alright,neutral,9
i keep feeling kind of in a good mood.,joy,6
i'm really extremely useless i don't know why.,low_self_esteem,8
i feel totally ugly these days.,body_image_issue,2
it seems i'm deeply lonely...,loneliness,7
i feel completely worthless these days.,depression,4
right now i'm totally like giving up,depression,4
i think i'm totally without purpose today.,depression,4
i think i'm extremely run down...,stress,11
i keep feeling very empty today.,depression,4
i'm deeply balanced lately.,neutral,9
"honestly, i'm so neutral these days.",neutral,9
sometimes i feel totally tense from work,stress,11
somewhat fine and i can't shake it.,neutral,9
i'm kind of unattractive lately.,body_image_issue,2
i'm very at ease,neutral,9
right now i'm a bit down lately.,sadness,10
i just feel overwhelmed lately.,stress,11
i'm really completely isolated,loneliness,7
sometimes i feel kind of disgusting in the mirror today.,body_image_issue,2
these days i feel extremely like a failure i don't know why.,low_self_esteem,8
i think i'm somewhat unattractive right now.,body_image_issue,2
i think i'm so fearful and i can't shake it.,anxiety,1
i keep feeling extremely unattractive these days.,body_image_issue,2
right now i'm deeply hopeless,depression,4
sometimes i feel deeply mad today.,anger,0
tbh i'm incredibly insecure about myself.,low_self_esteem,8
tbh i'm somewhat without purpose lately.,depression,4
i'm totally like nothing matters...,depression,4
i've been incredibly drained right now.,burnout,3
i keep feeling stressed about my exams these days.,exam_stress,5
these days i feel so grateful,joy,6
today i feel extremely balanced lately.,neutral,9
i'm deeply scared i'll fail my exam more than usual.,exam_stress,5
it seems i'm completely grateful more than usual.,joy,6
lately i feel totally empty i don't know why.,depression,4
somewhat okay lately.,neutral,9
"honestly, i'm totally neutral...",neutral,9
i just feel a bit okay and i can't shake it.,neutral,9
i'm very melancholic today.,sadness,10
right now i'm very scared i'll fail my exam honestly.,exam_stress,5
these days i feel very like a failure i don't know why.,low_self_esteem,8
"honestly, i'm deeply done lately.",burnout,3
sometimes i feel completely shaky honestly.,anxiety,1
i'm incredibly swamped...,stress,11
i've been incredibly swamped more than usual.,stress,11
it seems i'm so emotionally exhausted.,burnout,3
right now i'm a bit like nobody likes me,low_self_esteem,8
these days i feel very scared i'll fail my exam...,exam_stress,5
i'm completely left out today.,loneliness,7
i've been extremely mad these days.,anger,0
i'm a bit in a good mood these days.,joy,6
tbh i'm completely done...,burnout,3
tbh i'm kind of scared,anxiety,1
"honestly, i'm very overwhelmed by studying these days.",exam_stress,5
i've been a bit empty.,depression,4
i'm really deeply anxious about my upcoming exam.,exam_stress,5
i've been extremely under pressure and i can't shake it.,stress,11
these days i feel really numb i don't know why.,depression,4
i keep feeling extremely like a burden these days.,depression,4
i keep feeling totally ashamed of my body i don't know why.,body_image_issue,2
incredibly afraid and i can't shake it.,anxiety,1
i think i'm incredibly like there's no point and i can't shake it.,depression,4
i just feel quite balanced.,neutral,9
i think i'm really emotionally exhausted these days.,burnout,3
i'm really like i don't matter and i can't shake it.,low_self_esteem,8
"honestly, i'm so overwhelmed more than usual.",stress,11
it seems i'm really depleted.,burnout,3
i'm extremely scared these days.,anxiety,1
i am really exhausted from work lately.,burnout,3
i've been deeply blue lately.,sadness,10
lately i feel extremely pressured more than usual.,stress,11
i feel deeply scared,anxiety,1
these days i feel totally without purpose honestly.,depression,4
sometimes i feel completely like there's no point...,depression,4
i feel completely just chilling i don't know why.,neutral,9
i'm extremely isolated more than usual.,loneliness,7
right now i'm extremely fat and i can't shake it.,body_image_issue,2
these days i feel a bit stressed...,stress,11
things are steady at the moment,neutral,9
"honestly, i'm deeply empty more than usual.",depression,4
sometimes i feel deeply uneasy right now.,anxiety,1
tbh i'm incredibly thankful honestly.,joy,6
i'm really incredibly stressed.,stress,11
i keep feeling deeply like nobody likes me...,low_self_esteem,8
right now i'm somewhat melancholic lately.,sadness,10
today i feel quite horrible about how i look.,body_image_issue,2
these days i feel incredibly fried lately.,burnout,3
i just feel completely useless lately.,low_self_esteem,8
i feel very neutral honestly.,neutral,9
lately i feel in a good mood today.,joy,6
right now i'm quite fearful and i can't shake it.,anxiety,1
it seems i'm really horrible about how i look,body_image_issue,2
i feel somewhat in a good mood...,joy,6
i keep feeling really overwhelmed by studying more than usual.,exam_stress,5
i'm extremely emotionally exhausted today.,burnout,3
so like giving up and i can't shake it.,depression,4
"honestly, i'm fat and i can't shake it.",body_image_issue,2
sometimes i feel a bit neutral and i can't shake it.,neutral,9
quite low honestly.,sadness,10
tbh i'm extremely swamped honestly.,stress,11
i feel deeply low,sadness,10
i'm really quite annoyed,anger,0
i've been alone...,loneliness,7
i keep feeling like giving up.,depression,4
i'm really anxious about my upcoming exam more than usual.,exam_stress,5
i've been a bit exhausted from work these days.,burnout,3
i'm deeply pissed off,anger,0
i've been kind of on edge honestly.,anxiety,1
i've been completely fuming,anger,0
sometimes i feel kind of mad.,anger,0
somewhat ugly today.,body_image_issue,2
i feel completely just chilling,neutral,9
i'm happy right now.,joy,6
i'm totally hopeless honestly.,depression,4
i just feel overwhelmed by studying these days.,exam_stress,5
tbh i'm quite worried about the test...,exam_stress,5
i think i'm incredibly by myself and i can't shake it.,loneliness,7
i think i'm very fried and i can't shake it.,burnout,3
sometimes i feel extremely panicking about finals honestly.,exam_stress,5
i'm somewhat uneasy right now.,anxiety,1
i think i'm very normal lately.,neutral,9
these days i feel extremely buried in tasks more than usual.,stress,11
tbh i'm very panicky lately.,anxiety,1
right now i'm deeply worthless lately.,depression,4
i just feel very worthless today.,low_self_esteem,8
i'm really totally without purpose,depression,4
i keep feeling quite invisible honestly.,loneliness,7
i am a bit smiling i don't know why.,joy,6
i think i'm kind of melancholic,sadness,10
i've been so like a burden and i can't shake it.,depression,4
sometimes i feel totally furious.,anger,0
today i feel extremely insecure about my appearance honestly.,body_image_issue,2
i feel incredibly left out these days.,loneliness,7
sometimes i feel totally disconnected right now.,loneliness,7
lately i feel extremely alone lately.,loneliness,7
i'm really deeply alone honestly.,loneliness,7
i'm really so calm,neutral,9
tbh i'm very light-hearted...,joy,6
today i feel incredibly pissed off today.,anger,0
i am ugly these days.,body_image_issue,2
"honestly, i'm resentful...",anger,0
i think i'm quite stressed about my exams and i can't shake it.,exam_stress,5
lately i feel a bit insecure about myself right now.,low_self_esteem,8
"honestly, i'm totally alright today.",neutral,9
a bit buried in tasks i don't know why.,stress,11
i am quite furious i don't know why.,anger,0
i just feel a bit tense and i can't shake it.,anxiety,1
i think i'm incredibly shaky.,anxiety,1
i've been really glad i don't know why.,joy,6
it seems i'm somewhat scared i'll fail my exam i don't know why.,exam_stress,5
i just feel deeply done lately.,burnout,3
i just feel somewhat pressured right now.,stress,11
i just feel so without purpose honestly.,depression,4
right now i'm deeply irritated today.,anger,0
"honestly, i'm extremely empty",depression,4
i keep feeling somewhat fine honestly.,neutral,9
i am totally normal today.,neutral,9
i keep feeling so like nothing matters i don't know why.,depression,4
today i feel deeply swamped.,stress,11
incredibly buried in tasks.,stress,11
i feel completely isolated right now.,loneliness,7
i'm completely tense.,anxiety,1
lately i feel kind of pleased more than usual.,joy,6
lately i feel incredibly down.,sadness,10
i feel totally unhappy more than usual.,sadness,10
i'm really so without purpose,depression,4
i'm really very worthless today.,low_self_esteem,8
i think i'm really pressured and i can't shake it.,stress,11
"honestly, i'm really fuming.",anger,0
lately i feel a bit useless these days.,low_self_esteem,8
"honestly, i'm incredibly stressed these days.",stress,11
i keep feeling incredibly unattractive these days.,body_image_issue,2
today i feel somewhat stressed more than usual.,stress,11
sometimes i feel quite under pressure honestly.,stress,11
i'm deeply joyful...,joy,6
sometimes i feel incredibly anxious today.,anxiety,1
i'm really extremely fried...,burnout,3
these days i feel extremely like there's no point and i can't shake it.,depression,4
extremely tense from work...,stress,11
i just feel extremely just chilling i don't know why.,neutral,9
lately i feel kind of fuming.,anger,0
i keep feeling very not good enough lately.,low_self_esteem,8
it seems i'm a bit just chilling.,neutral,9
lately i feel really drained of meaning i don't know why.,depression,4
completely by myself lately.,loneliness,7
lately i feel very stressed about my exams right now.,exam_stress,5
incredibly smiling...,joy,6
i'm really completely burnt out these days.,burnout,3
i am extremely stressed about my exams i don't know why.,exam_stress,5
i'm really completely under pressure and i can't shake it.,stress,11
tbh i'm extremely optimistic.,joy,6
ngl i hate looking at photos of myself :(,body_image_issue,2
i keep feeling really empty right now.,depression,4
these days i feel quite depleted honestly.,burnout,3
"honestly, i'm quite sad lately.",sadness,10
it seems i'm kind of apprehensive lately.,anxiety,1
sometimes i feel deeply like giving up honestly.,depression,4
today i feel incredibly fat right now.,body_image_issue,2
sometimes i feel a bit panicking about finals i don't know why.,exam_stress,5
right now i'm really without purpose i don't know why.,depression,4
right now i'm really in a good mood today.,joy,6
sometimes i feel so anxious about my upcoming exam...,exam_stress,5
i feel blue,sadness,10
i've been somewhat worried about the test i don't know why.,exam_stress,5
i feel extremely unattractive.,body_image_issue,2
i just feel quite fearful more than usual.,anxiety,1
today i feel incredibly depleted honestly.,burnout,3
i just feel somewhat horrible about how i look honestly.,body_image_issue,2
i think i'm totally hopeless.,depression,4
"honestly, i'm extremely without purpose.",depression,4
"honestly, i'm somewhat depleted...",burnout,3
lately i feel really running on empty these days.,burnout,3
"honestly, i'm very drained more than usual.",burnout,3
it seems i'm so content.,joy,6
tbh i'm incredibly uneasy...,anxiety,1
tbh i'm on edge i don't know why.,anxiety,1
"honestly, i'm tense from work honestly.",stress,11
i think i'm somewhat glad honestly.,joy,6
deadlines are crushing me,stress,11
i feel incredibly left out,loneliness,7
sometimes i feel completely disgusting in the mirror and i can't shake it.,body_image_issue,2
i feel incredibly calm i don't know why.,neutral,9
these days i feel very like i don't matter,low_self_esteem,8
i am so hopeless honestly.,depression,4
"honestly, i'm deeply just chilling",neutral,9
it seems i'm quite forgotten these days.,loneliness,7
i'm really a bit fuming and i can't shake it.,anger,0
right now i'm quite frustrated lately.,anger,0
i've been exhausted from work honestly.,burnout,3
lately i feel deeply scared honestly.,anxiety,1
i feel somewhat done.,burnout,3
right now i'm very disgusting in the mirror right now.,body_image_issue,2
i feel very like a burden.,depression,4
these days i feel deeply like nothing matters honestly.,depression,4
i'm somewhat low i don't know why.,sadness,10
i feel kind of useless these days.,low_self_esteem,8
right now i'm extremely like nothing matters these days.,depression,4
i've been totally running on empty lately.,burnout,3
sometimes i feel really gloomy honestly.,sadness,10
i just feel very optimistic honestly.,joy,6
i've been tearful.,sadness,10
lately i feel somewhat angry i don't know why.,anger,0
i keep feeling kind of overwhelmed...,stress,11
i'm really somewhat resentful i don't know why.,anger,0
lately i feel deeply furious more than usual.,anger,0
tbh just a regular day,neutral,9
lately i feel somewhat fat i don't know why.,body_image_issue,2
i keep feeling totally pressured these days.,stress,11
i feel like giving up and i can't shake it.,depression,4
i feel stressed about my exams and i can't shake it.,exam_stress,5
i am down and i can't shake it.,sadness,10
i keep feeling a bit stupid...,low_self_esteem,8
i am a bit disconnected.,loneliness,7
"honestly, i'm panicky lately.",anxiety,1
i am really panicking about finals honestly.,exam_stress,5
i'm really deeply worthless today.,low_self_esteem,8
deeply afraid today.,anxiety,1
i'm very ashamed of my body today.,body_image_issue,2
"honestly, i had such a wonderful time",joy,6
these days i feel incredibly like i don't matter honestly.,low_self_esteem,8
these days i feel kind of isolated honestly.,loneliness,7
really optimistic i don't know why.,joy,6
i'm really somewhat nervous right now.,anxiety,1
i keep feeling exhausted from work.,burnout,3
i'm incredibly swamped right now.,stress,11
tbh i'm extremely apprehensive today.,anxiety,1
i just feel quite glad honestly.,joy,6
tbh i'm somewhat by myself these days.,loneliness,7
it seems i'm incredibly alright these days.,neutral,9
lately i feel extremely panicking about finals honestly.,exam_stress,5
today i feel totally glad honestly.,joy,6
somewhat without purpose more than usual.,depression,4
i just feel kind of worried.,anxiety,1
lately i feel deeply unattractive right now.,body_image_issue,2
i am extremely afraid...,anxiety,1
today i feel somewhat not good enough lately.,low_self_esteem,8
i'm really so drained and i can't shake it.,burnout,3
i feel really done i don't know why.,burnout,3
these days i feel deeply frustrated and i can't shake it.,anger,0
tbh i'm incredibly neutral these days.,neutral,9
sometimes i feel quite at ease i don't know why.,neutral,9
i'm really very swamped,stress,11
i've been very fried right now.,burnout,3
it seems i'm extremely calm i don't know why.,neutral,9
right now i'm somewhat stressed honestly.,stress,11
i've been quite overwhelmed by studying lately.,exam_stress,5
quite drained more than usual.,burnout,3
i'm really very pressured today.,stress,11
lately i feel really swamped more than usual.,stress,11
i'm really a bit like i don't matter i don't know why.,low_self_esteem,8
i feel deeply run down today.,stress,11
"honestly, i'm quite drained of meaning",depression,4
today i feel very done more than usual.,burnout,3
sometimes i feel completely unattractive,body_image_issue,2
lately i feel scared i'll fail my exam and i can't shake it.,exam_stress,5
sometimes i feel extremely isolated lately.,loneliness,7
these days i feel extremely empty these days.,depression,4
i'm really somewhat lonely honestly.,loneliness,7
i'm really extremely pressured more than usual.,stress,11
lately i feel incredibly done,burnout,3
i'm really a bit happy and i can't shake it.,joy,6
i've been extremely balanced these days.,neutral,9
these days i feel so mad more than usual.,anger,0
lately i feel very left out right now.,loneliness,7
i'm very tense from work today.,stress,11
i just feel quite enraged,anger,0
i'm really like giving up honestly.,depression,4
i'm worthless and i can't shake it.,low_self_esteem,8
these days i feel really drained of meaning...,depression,4
i'm really grateful honestly.,joy,6
i'm really extremely depleted.,burnout,3
i'm a bit insecure about myself honestly.,low_self_esteem,8
i just feel kind of frustrated lately.,anger,0
sometimes i feel incredibly overwhelmed i don't know why.,stress,11
lately i feel extremely invisible lately.,loneliness,7
i'm somewhat anxious about my upcoming exam and i can't shake it.,exam_stress,5
i just feel deeply heartbroken...,sadness,10
today i feel calm and i can't shake it.,neutral,9
"honestly, i'm kind of like a burden these days.",depression,4
i'm incredibly overwhelmed by studying today.,exam_stress,5
it seems i'm extremely panicky,anxiety,1
i've been somewhat blue honestly.,sadness,10
i'm really deeply pressured and i can't shake it.,stress,11
i'm really a bit under pressure honestly.,stress,11
i'm really somewhat depleted...,burnout,3
"honestly, i'm somewhat under pressure",stress,11
lately i feel very invisible,loneliness,7
i'm really extremely furious honestly.,anger,0
i just feel so angry today.,anger,0
i've been somewhat mad.,anger,0
i think i'm a bit like a burden right now.,depression,4
i've been somewhat worthless more than usual.,low_self_esteem,8
i think i'm very isolated i don't know why.,loneliness,7
i've been quite done these days.,burnout,3
i've been somewhat insecure about my appearance more than usual.,body_image_issue,2
i think i'm quite useless i don't know why.,low_self_esteem,8
i'm quite worthless more than usual.,depression,4
"honestly, i'm kind of stressed about my exams more than usual.",exam_stress,5
"honestly, i'm somewhat fat.",body_image_issue,2
i'm really quite run down and i can't shake it.,stress,11
it seems i'm deeply insecure about myself honestly.,low_self_esteem,8
i'm really somewhat mad honestly.,anger,0
"honestly, i'm incredibly forgotten more than usual.",loneliness,7
i feel quite disgusting in the mirror today.,body_image_issue,2
good things keep happening...,joy,6
i keep feeling so joyful today.,joy,6
i think i'm a bit without purpose...,depression,4
"honestly, i'm a bit unattractive right now.",body_image_issue,2
i feel kind of okay...,neutral,9
right now i'm deeply emotionally exhausted right now.,burnout,3
i think i'm deeply tense from work today.,stress,11
these days i feel very drained,burnout,3
it seems i'm so ugly.,body_image_issue,2
today i feel somewhat fat more than usual.,body_image_issue,2
today i feel completely heartbroken...,sadness,10
i feel a bit depleted i don't know why.,burnout,3
i just feel happy right now.,joy,6
sometimes i feel extremely fearful these days.,anxiety,1
lately i feel kind of worthless today.,depression,4
i'm quite swamped more than usual.,stress,11
i just feel somewhat tearful lately.,sadness,10
i just feel thankful i don't know why.,joy,6
i've been incredibly not good enough i don't know why.,low_self_esteem,8
lately i feel incredibly swamped lately.,stress,11
tbh i'm a bit joyful these days.,joy,6
right now i'm really lonely.,loneliness,7
these days i feel melancholic today.,sadness,10
i've been so scared i'll fail my exam.,exam_stress,5
i feel extremely disgusting in the mirror.,body_image_issue,2
i am so furious more than usual.,anger,0
these days i feel kind of on edge...,anxiety,1
i am quite anxious about my upcoming exam,exam_stress,5
"honestly, i'm quite heartbroken...",sadness,10
tbh i'm extremely insecure about my appearance more than usual.,body_image_issue,2
i feel stressed more than usual.,stress,11
i'm shaky lately.,anxiety,1
these days i feel deeply worried about the test lately.,exam_stress,5
tbh i'm totally unhappy lately.,sadness,10
i'm a bit calm right now.,neutral,9
"honestly, i'm completely alright.",neutral,9
right now i'm completely ashamed of my body and i can't shake it.,body_image_issue,2
these days i feel deeply tense from work more than usual.,stress,11
right now i'm a bit worried about the test...,exam_stress,5
i feel completely panicky and i can't shake it.,anxiety,1
these days i feel extremely mad,anger,0
it seems i'm totally panicky more than usual.,anxiety,1
"honestly, i'm kind of balanced right now.",neutral,9
i am really done i don't know why.,burnout,3
sometimes i feel really stressed more than usual.,stress,11
tbh i'm extremely stressed about my exams these days.,exam_stress,5
i'm a bit panicking about finals and i can't shake it.,exam_stress,5
tbh i'm totally unattractive and i can't shake it.,body_image_issue,2
i feel disgusting in the mirror.,body_image_issue,2
"honestly, i'm really frustrated these days.",anger,0
i am extremely overwhelmed...,stress,11
sometimes i feel kind of left out today.,loneliness,7
i keep feeling very alright.,neutral,9
right now i'm totally burnt out today.,burnout,3
it seems i'm extremely insecure about my appearance.,body_image_issue,2
i just feel very resentful...,anger,0
i've been somewhat stupid today.,low_self_esteem,8
i keep feeling incredibly insecure about my appearance...,body_image_issue,2
i keep feeling totally mad and i can't shake it.,anger,0
it seems i'm extremely disgusting in the mirror...,body_image_issue,2
lately i feel incredibly buried in tasks today.,stress,11
i am upset these days.,sadness,10
i'm deeply emotionally exhausted,burnout,3
i've been really enraged these days.,anger,0
tbh i'm deeply left out honestly.,loneliness,7
today i feel a bit enraged and i can't shake it.,anger,0
i just feel quite grateful today.,joy,6
i think i'm kind of by myself i don't know why.,loneliness,7
these days i feel so normal today.,neutral,9
today i feel so exhausted from work honestly.,burnout,3
it seems i'm totally like a burden.,depression,4
it seems i'm a bit by myself lately.,loneliness,7
it seems i'm a bit useless i don't know why.,low_self_esteem,8
tbh i'm really like a burden.,depression,4
i keep feeling very drained.,burnout,3
i'm really quite smiling and i can't shake it.,joy,6
"honestly, i'm quite grateful honestly.",joy,6
i'm really somewhat useless more than usual.,low_self_esteem,8
it seems i'm a bit by myself...,loneliness,7
i just feel extremely emotionally exhausted right now.,burnout,3
tbh i'm somewhat irritated and i can't shake it.,anger,0
lately i feel so panicky honestly.,anxiety,1
today i feel deeply unattractive right now.,body_image_issue,2
i'm really very by myself right now.,loneliness,7
right now i'm totally scared i'll fail my exam.,exam_stress,5
tbh i'm really heartbroken these days.,sadness,10
i am totally pressured...,stress,11
it seems i'm completely insecure about my appearance honestly.,body_image_issue,2
i just feel quite balanced more than usual.,neutral,9
i'm completely glad these days.,joy,6
i'm very heartbroken,sadness,10
i feel somewhat alone and i can't shake it.,loneliness,7
it seems i'm totally worried about the test honestly.,exam_stress,5
i just feel so cheerful i don't know why.,joy,6
lately i feel totally afraid and i can't shake it.,anxiety,1
i feel completely insecure about my appearance today.,body_image_issue,2
tbh i'm very lonely today.,loneliness,7
i think i'm quite not good enough i don't know why.,low_self_esteem,8
today i feel incredibly not good enough lately.,low_self_esteem,8
i am incredibly content.,joy,6
"honestly, i'm buried in tasks honestly.",stress,11
today i feel a bit fuming.,anger,0
i keep feeling completely run down today.,stress,11
a bit angry more than usual.,anger,0
i feel kind of without purpose honestly.,depression,4
these days i feel so fearful...,anxiety,1
today i feel kind of useless honestly.,low_self_esteem,8
i keep feeling very numb more than usual.,depression,4
these days i feel very overwhelmed by studying more than usual.,exam_stress,5
i am extremely disgusting in the mirror...,body_image_issue,2
i keep feeling completely disconnected more than usual.,loneliness,7
"honestly, i'm miserable right now.",sadness,10
these days i feel very emotionally exhausted more than usual.,burnout,3
right now i'm so insecure about my appearance more than usual.,body_image_issue,2
it seems i'm so invisible today.,loneliness,7
i just feel totally swamped...,stress,11
totally like a burden these days.,depression,4
lately i feel very apprehensive,anxiety,1
i am kind of running on empty right now.,burnout,3
sometimes i feel incredibly like a failure honestly.,low_self_esteem,8
i've been somewhat normal lately.,neutral,9
i'm really very enraged more than usual.,anger,0
it seems i'm incredibly enraged and i can't shake it.,anger,0
today i feel totally pissed off honestly.,anger,0
these days i feel very optimistic right now.,joy,6
these days i feel thankful more than usual.,joy,6
i am a bit calm and i can't shake it.,neutral,9
i'm a bit run down these days.,stress,11
i just feel a bit isolated these days.,loneliness,7
today i feel totally ugly today.,body_image_issue,2
these days i feel pressured lately.,stress,11
it seems i'm completely like there's no point honestly.,depression,4
i think i'm extremely unhappy and i can't shake it.,sadness,10
it seems i'm completely fat i don't know why.,body_image_issue,2
i just feel totally worried about the test,exam_stress,5
i'm really totally like a burden these days.,depression,4
these days i feel really balanced lately.,neutral,9
i just feel somewhat worthless right now.,low_self_esteem,8
i'm really so uneasy honestly.,anxiety,1
completely miserable and i can't shake it.,sadness,10
i'm really insecure about my appearance honestly.,body_image_issue,2
it seems i'm extremely mad...,anger,0
"honestly, i'm deeply sad today.",sadness,10
these days i feel stressed about my exams.,exam_stress,5
"honestly, i'm quite by myself i don't know why.",loneliness,7
sometimes i feel quite not good enough lately.,low_self_esteem,8
i've been quite calm,neutral,9
i think i'm running on empty and i can't shake it.,burnout,3
i'm really a bit like giving up honestly.,depression,4
it seems i'm a bit like a failure right now.,low_self_esteem,8
sometimes i feel very blue and i can't shake it.,sadness,10
it seems i'm totally angry right now.,anger,0
i'm kind of content,joy,6
very light-hearted,joy,6
i feel a bit resentful more than usual.,anger,0
i'm deeply glad and i can't shake it.,joy,6
i keep feeling kind of panicking about finals lately.,exam_stress,5
tbh i'm really grateful honestly.,joy,6
it seems i'm kind of nervous these days.,anxiety,1
i think i'm like nobody likes me lately.,low_self_esteem,8
these days i feel really optimistic right now.,joy,6
i think i'm very alone.,loneliness,7
i'm really a bit overwhelmed by studying...,exam_stress,5
these days i feel completely overwhelmed by studying these days.,exam_stress,5
i'm so blessed these days.,joy,6
i feel deeply melancholic right now.,sadness,10
i just feel a bit under pressure these days.,stress,11
i keep feeling deeply anxious about my upcoming exam honestly.,exam_stress,5
tbh i'm quite left out right now.,loneliness,7
i'm kind of like there's no point and i can't shake it.,depression,4
lately i feel a bit ashamed of my body,body_image_issue,2
i've been kind of pressured...,stress,11
i'm really extremely lonely today.,loneliness,7
extremely by myself honestly.,loneliness,7
i'm really so like a failure lately.,low_self_esteem,8
these days i feel really swamped lately.,stress,11
sometimes i feel somewhat grateful right now.,joy,6
i'm really somewhat horrible about how i look right now.,body_image_issue,2
right now i'm completely stressed about my exams more than usual.,exam_stress,5
i'm really stupid honestly.,low_self_esteem,8
right now i'm so emotionally exhausted i don't know why.,burnout,3
i keep feeling really unattractive lately.,body_image_issue,2
i feel kind of stressed...,stress,11
i feel completely left out and i can't shake it.,loneliness,7
i think i'm very low these days.,sadness,10
i feel stressed and i can't shake it.,stress,11
right now i'm completely disconnected more than usual.,loneliness,7
"honestly, everything feels right.",joy,6
tbh i'm totally under pressure honestly.,stress,11
today i feel really calm more than usual.,neutral,9
"honestly, i'm quite low right now.",sadness,10
these days i feel quite pressured today.,stress,11
right now i'm extremely fuming today.,anger,0
it seems i'm deeply at ease honestly.,neutral,9
i feel kind of normal and i can't shake it.,neutral,9
sometimes i feel quite insecure about my appearance right now.,body_image_issue,2
i'm really really like a failure i don't know why.,low_self_esteem,8
right now i'm quite okay.,neutral,9
"honestly, i'm incredibly light-hearted today.",joy,6
i think i'm incredibly fat...,body_image_issue,2
i'm really a bit low...,sadness,10
i think i'm somewhat done right now.,burnout,3
tbh i'm completely resentful i don't know why.,anger,0
these days i feel kind of fuming today.,anger,0
tbh i'm a bit tense from work right now.,stress,11
today i feel incredibly anxious about my upcoming exam more than usual.,exam_stress,5
"honestly, i'm extremely like i don't matter today.",low_self_esteem,8
i've been completely not good enough,low_self_esteem,8
i'm deeply run down,stress,11
i think i'm quite cheerful i don't know why.,joy,6
i've been quite pissed off these days.,anger,0
tbh i'm really run down,stress,11
tbh i'm quite glad i don't know why.,joy,6
tbh i'm gloomy today.,sadness,10
lately i feel extremely disgusting in the mirror,body_image_issue,2
"honestly, i'm totally anxious about my upcoming exam these days.",exam_stress,5
i'm afraid of what tomorrow will bring.,anxiety,1
i feel somewhat sad and i can't shake it.,sadness,10
right now i'm incredibly low and i can't shake it.,sadness,10
i've been extremely anxious about my upcoming exam...,exam_stress,5
"honestly, i'm extremely lonely lately.",loneliness,7
tbh i'm somewhat furious more than usual.,anger,0
tbh i'm very like giving up today.,depression,4
it seems i'm somewhat panicking about finals,exam_stress,5
"honestly, i can't keep up with everything...",stress,11
today i feel totally scared i'll fail my exam today.,exam_stress,5
i feel quite drained lately.,burnout,3
lately i feel very depleted and i can't shake it.,burnout,3
i keep feeling really forgotten today.,loneliness,7
today i feel so pissed off today.,anger,0
i'm really incredibly panicky honestly.,anxiety,1
sometimes i feel completely tense i don't know why.,anxiety,1
these days i feel so disconnected more than usual.,loneliness,7
i think i'm so tense more than usual.,anxiety,1
today i feel a bit left out honestly.,loneliness,7
tbh i'm deeply optimistic and i can't shake it.,joy,6
i keep feeling disgusting in the mirror honestly.,body_image_issue,2
i'm incredibly worthless right now.,depression,4
i am totally stressed...,stress,11
sometimes i feel incredibly overwhelmed more than usual.,stress,11
tbh i'm so worthless right now.,depression,4
"honestly, i'm very okay more than usual.",neutral,9
right now i'm incredibly disconnected and i can't shake it.,loneliness,7
tbh i'm so burnt out more than usual.,burnout,3
lately i feel incredibly blessed and i can't shake it.,joy,6
it seems i'm deeply furious right now.,anger,0
today i feel so hopeless.,depression,4
sometimes i feel extremely useless and i can't shake it.,low_self_esteem,8
it seems i'm incredibly empty more than usual.,depression,4
i think i'm extremely enraged right now.,anger,0
like a failure,low_self_esteem,8
i've been really mad and i can't shake it.,anger,0
i'm somewhat disgusting in the mirror.,body_image_issue,2
tbh i'm so under pressure today.,stress,11
i'm very tense from work right now.,stress,11
these days i feel totally like i don't matter these days.,low_self_esteem,8
it seems i'm somewhat on edge today.,anxiety,1
completely horrible about how i look i don't know why.,body_image_issue,2
right now i'm extremely normal more than usual.,neutral,9
tbh i'm a bit like nobody likes me these days.,low_self_esteem,8
i just feel quite depleted today.,burnout,3
i've been totally disconnected,loneliness,7
tbh i'm very worried about the test i don't know why.,exam_stress,5
i keep feeling completely useless lately.,low_self_esteem,8
these days i feel really burnt out lately.,burnout,3
it seems i'm very stupid these days.,low_self_esteem,8
i feel deeply resentful and i can't shake it.,anger,0
i'm depleted...,burnout,3
really horrible about how i look and i can't shake it.,body_image_issue,2
sometimes i feel totally furious honestly.,anger,0
i keep feeling quite worthless more than usual.,low_self_esteem,8
i'm kind of like a burden these days.,depression,4
i keep feeling a bit low lately.,sadness,10
i keep feeling completely drained...,burnout,3
sometimes i feel totally furious right now.,anger,0
deeply uneasy right now.,anxiety,1
i think i'm completely just chilling right now.,neutral,9
ngl i always mess things up...,low_self_esteem,8
sometimes i feel extremely by myself today.,loneliness,7
i just feel totally happy these days.,joy,6
it seems i'm extremely stressed these days.,stress,11
lately i feel kind of balanced.,neutral,9
i feel very horrible about how i look i don't know why.,body_image_issue,2
i've been really like nothing matters these days.,depression,4
i feel kind of apprehensive more than usual.,anxiety,1
"honestly, i'm kind of stressed about my exams honestly.",exam_stress,5
tbh i'm completely like nobody likes me these days.,low_self_esteem,8
today i feel numb honestly.,depression,4
sometimes i feel really like nothing matters i don't know why.,depression,4
"honestly, i'm overwhelmed.",stress,11
i'm really kind of enraged more than usual.,anger,0
it seems i'm quite content today.,joy,6
tbh i'm a bit furious i don't know why.,anger,0
i've been deeply tense lately.,anxiety,1
these days i feel incredibly angry.,anger,0
right now i'm quite normal these days.,neutral,9
i feel deeply unattractive right now.,body_image_issue,2
right now i'm somewhat nervous...,anxiety,1
i'm a bit light-hearted.,joy,6
sometimes i feel incredibly okay more than usual.,neutral,9
sometimes i feel somewhat panicky i don't know why.,anxiety,1
i'm really somewhat like nothing matters these days.,depression,4
lately i feel incredibly unattractive and i can't shake it.,body_image_issue,2
i've been deeply done i don't know why.,burnout,3
i'm deeply like nobody likes me and i can't shake it.,low_self_esteem,8
it seems i'm extremely overwhelmed by studying...,exam_stress,5
today i feel incredibly normal i don't know why.,neutral,9
i think i'm somewhat panicking about finals lately.,exam_stress,5
"honestly, i'm scared honestly.",anxiety,1
i've been deeply worried about the test and i can't shake it.,exam_stress,5
i'm really completely worthless and i can't shake it.,low_self_esteem,8
tbh i'm quite tense lately.,anxiety,1
i just feel extremely buried in tasks i don't know why.,stress,11
i think i'm deeply annoyed i don't know why.,anger,0
i think i'm somewhat annoyed,anger,0
right now i'm deeply overwhelmed and i can't shake it.,stress,11
"honestly, i'm quite smiling.",joy,6
these days i feel somewhat irritated.,anger,0
it seems i'm kind of drained,burnout,3
i feel very scared i'll fail my exam lately.,exam_stress,5
i'm somewhat normal right now.,neutral,9
sometimes i feel incredibly buried in tasks.,stress,11
i feel really forgotten right now.,loneliness,7
these days i feel somewhat under pressure lately.,stress,11
lately i feel invisible i don't know why.,loneliness,7
these days i feel incredibly blue today.,sadness,10
i keep feeling totally enraged these days.,anger,0
i am really by myself right now.,loneliness,7
i feel quite under pressure honestly.,stress,11
these days i feel a bit like a failure and i can't shake it.,low_self_esteem,8
i'm somewhat like giving up...,depression,4
i'm somewhat hopeless and i can't shake it.,depression,4
sometimes i feel really pressured these days.,stress,11
these days i feel kind of like giving up i don't know why.,depression,4
i feel afraid and i can't shake it.,anxiety,1
"honestly, i'm so like nobody likes me today.",low_self_esteem,8
i think i'm completely pressured i don't know why.,stress,11
i keep feeling quite worried about the test lately.,exam_stress,5
sometimes i feel very worried about the test lately.,exam_stress,5
these days i feel really useless today.,low_self_esteem,8
incredibly joyful today.,joy,6
"honestly, i'm very heartbroken and i can't shake it.",sadness,10
i think i'm extremely running on empty and i can't shake it.,burnout,3
i think i'm a bit fat...,body_image_issue,2
so panicky these days.,anxiety,1
right now i'm so invisible right now.,loneliness,7
i've been kind of buried in tasks honestly.,stress,11
i keep feeling really furious more than usual.,anger,0
tbh i'm incredibly anxious about my upcoming exam i don't know why.,exam_stress,5
i'm really totally empty today.,depression,4
i am totally joyful i don't know why.,joy,6
it seems i'm deeply left out lately.,loneliness,7
lately i feel kind of under pressure right now.,stress,11
these days i feel totally pleased...,joy,6
right now i'm so overwhelmed by studying honestly.,exam_stress,5
ngl i have no one to talk to...,loneliness,7
i just feel very without purpose today.,depression,4
i feel annoyed right now.,anger,0
i keep feeling extremely under pressure lately.,stress,11
these days i feel very worried about the test...,exam_stress,5
i've been extremely low.,sadness,10
these days i feel somewhat drained of meaning.,depression,4
ngl everyone is better than me,low_self_esteem,8
right now i'm quite hopeless...,depression,4
i've been a bit upset lately.,sadness,10
i've been like nobody likes me and i can't shake it.,low_self_esteem,8
i'm really quite light-hearted more than usual.,joy,6
lately i feel deeply alone and i can't shake it.,loneliness,7
i just feel really done today.,burnout,3
i keep feeling very pressured i don't know why.,stress,11
a bit annoyed and i can't shake it.,anger,0
i am quite frustrated these days.,anger,0
"honestly, i'm incredibly without purpose right now.",depression,4
it seems i'm kind of fuming.,anger,0
i'm really kind of insecure about myself right now.,low_self_esteem,8
i am overwhelmed by studying more than usual.,exam_stress,5
i'm very furious.,anger,0
sometimes i feel kind of tense from work,stress,11
i think i'm totally anxious about my upcoming exam these days.,exam_stress,5
sometimes i feel completely blessed today.,joy,6
i feel completely like giving up,depression,4
somewhat fine,neutral,9
today i feel completely grateful these days.,joy,6
right now i'm extremely without purpose these days.,depression,4
i've been completely drained,burnout,3
incredibly pleased more than usual.,joy,6
"honestly, i'm exhausted from work i don't know why.",burnout,3
sometimes i feel quite smiling,joy,6
lately i feel so like nothing matters and i can't shake it.,depression,4
i just feel totally like nothing matters i don't know why.,depression,4
i think i'm deeply at ease.,neutral,9
i just feel kind of uneasy more than usual.,anxiety,1
it seems i'm totally like there's no point lately.,depression,4
i'm really overwhelmed by studying honestly.,exam_stress,5
i think i'm a bit left out...,loneliness,7
these days i feel left out lately.,loneliness,7
i'm a bit down lately.,sadness,10
i think i'm incredibly burnt out lately.,burnout,3
i just feel quite scared...,anxiety,1
lately i feel very sad right now.,sadness,10
these days i feel quite depleted today.,burnout,3
i feel totally without purpose and i can't shake it.,depression,4
i've been a bit shaky more than usual.,anxiety,1
i feel worried about the test i don't know why.,exam_stress,5
i've been quite ugly i don't know why.,body_image_issue,2
i feel extremely heartbroken and i can't shake it.,sadness,10
i'm really somewhat swamped...,stress,11
i keep feeling kind of burnt out right now.,burnout,3
"honestly, i'm totally drained...",burnout,3
i keep feeling incredibly worried about the test,exam_stress,5
i've been so balanced i don't know why.,neutral,9
"honestly, i'm extremely calm.",neutral,9
i keep feeling really numb honestly.,depression,4
right now i'm deeply shaky more than usual.,anxiety,1
tbh i'm forgotten honestly.,loneliness,7
i am so drained of meaning,depression,4
these days i feel very panicking about finals...,exam_stress,5
i am totally ugly i don't know why.,body_image_issue,2
it seems i'm blessed,joy,6
i think i'm totally tense i don't know why.,anxiety,1
i just feel incredibly like nobody likes me and i can't shake it.,low_self_esteem,8
i am so isolated lately.,loneliness,7
i'm really quite light-hearted lately.,joy,6
i'm really totally resentful,anger,0
these days i feel fine today.,neutral,9
sometimes i feel really enraged and i can't shake it.,anger,0
i feel extremely emotionally exhausted right now.,burnout,3
i feel totally running on empty.,burnout,3
i think i'm quite worried about the test today.,exam_stress,5
i'm incredibly useless honestly.,low_self_esteem,8
sometimes i feel forgotten more than usual.,loneliness,7
i'm somewhat joyful,joy,6
i am somewhat burnt out today.,burnout,3
sometimes i feel kind of ugly lately.,body_image_issue,2
"honestly, i'm incredibly at ease",neutral,9
it seems i'm really anxious about my upcoming exam...,exam_stress,5
it seems i'm somewhat balanced,neutral,9
lately i feel really insecure about myself i don't know why.,low_self_esteem,8
i've been deeply run down more than usual.,stress,11
"honestly, i'm completely drained today.",burnout,3
i feel deeply done more than usual.,burnout,3
i think i'm deeply under pressure lately.,stress,11
finals week is destroying me :(,exam_stress,5
i've been somewhat stressed honestly.,stress,11
tbh i'm quite insecure about my appearance today.,body_image_issue,2
extremely not good enough lately.,low_self_esteem,8
these days i feel so like i don't matter more than usual.,low_self_esteem,8
i'm very invisible.,loneliness,7
i've been extremely lonely i don't know why.,loneliness,7
tbh i'm completely happy and i can't shake it.,joy,6
so run down.,stress,11
today i feel kind of tense from work,stress,11
i keep feeling so like i don't matter today.,low_self_esteem,8
"honestly, i'm extremely fried i don't know why.",burnout,3
these days i feel so okay.,neutral,9
i've been kind of shaky.,anxiety,1
tbh i'm incredibly fried.,burnout,3
i'm really incredibly swamped honestly.,stress,11
i just feel totally alright these days.,neutral,9
i keep feeling totally panicking about finals honestly.,exam_stress,5
sometimes i feel really tense these days.,anxiety,1
i just feel incredibly light-hearted today.,joy,6
these days i feel deeply in a good mood more than usual.,joy,6
today i feel somewhat joyful lately.,joy,6
i just feel a bit grateful.,joy,6
i just feel somewhat disgusting in the mirror lately.,body_image_issue,2
lately i feel forgotten these days.,loneliness,7
i just feel very on edge more than usual.,anxiety,1
i'm extremely pressured these days.,stress,11
today i feel quite ashamed of my body i don't know why.,body_image_issue,2
it seems i'm deeply without purpose,depression,4
it seems i'm incredibly pressured these days.,stress,11
lately i feel quite like nothing matters.,depression,4
i feel incredibly stressed honestly.,stress,11
invisible these days.,loneliness,7
it seems i'm deeply disconnected and i can't shake it.,loneliness,7
i think i'm extremely angry more than usual.,anger,0
i keep feeling somewhat by myself right now.,loneliness,7
i've been really delighted.,joy,6
extremely melancholic,sadness,10
i'm really a bit drained right now.,burnout,3
kind of neutral today.,neutral,9
sometimes i feel somewhat burnt out i don't know why.,burnout,3
i keep feeling so buried in tasks and i can't shake it.,stress,11
sometimes i feel a bit exhausted from work these days.,burnout,3
today i feel very glad these days.,joy,6
i think i'm a bit lonely and i can't shake it.,loneliness,7
i think i'm totally like giving up,depression,4
i keep feeling extremely unhappy...,sadness,10
today i feel quite by myself i don't know why.,loneliness,7
i keep feeling extremely worthless honestly.,depression,4
"honestly, i'm somewhat anxious about my upcoming exam...",exam_stress,5
these days i feel somewhat like nothing matters today.,depression,4
i'm extremely tense from work right now.,stress,11
right now i'm deeply happy lately.,joy,6
it seems i'm very balanced lately.,neutral,9
i've been afraid lately.,anxiety,1
i've been overwhelmed by studying i don't know why.,exam_stress,5
i've been very like giving up i don't know why.,depression,4
i'm really really thankful...,joy,6
i keep feeling really drained of meaning honestly.,depression,4
these days i feel a bit drained lately.,burnout,3
"honestly, i'm incredibly stupid these days.",low_self_esteem,8
i feel really worthless and i can't shake it.,low_self_esteem,8
tbh i'm completely by myself lately.,loneliness,7
i'm really quite normal today.,neutral,9
these days i feel quite worthless today.,low_self_esteem,8
right now i'm incredibly panicky.,anxiety,1
sometimes i feel incredibly like nobody likes me more than usual.,low_self_esteem,8
i keep feeling somewhat optimistic honestly.,joy,6
tbh i'm really run down lately.,stress,11
lately i feel somewhat emotionally exhausted lately.,burnout,3
sometimes i feel extremely like i don't matter right now.,low_self_esteem,8
lately i feel quite fat honestly.,body_image_issue,2
i just feel incredibly upset these days.,sadness,10
lately i feel kind of stressed about my exams today.,exam_stress,5
tbh i'm by myself i don't know why.,loneliness,7
right now i'm very upset and i can't shake it.,sadness,10
i think i'm very anxious about my upcoming exam i don't know why.,exam_stress,5
i keep feeling a bit normal these days.,neutral,9
these days i feel so happy.,joy,6
i'm really kind of like a burden honestly.,depression,4
i've been so resentful,anger,0
it seems i'm kind of resentful right now.,anger,0
tbh i'm quite pressured more than usual.,stress,11
"honestly, everything feels pointless lately",depression,4
i've been incredibly melancholic...,sadness,10
i just want to break something,anger,0
i've been deeply delighted honestly.,joy,6
right now i'm incredibly overwhelmed by studying these days.,exam_stress,5
i've been deeply tense.,anxiety,1
i'm really so under pressure today.,stress,11
i am quite enraged i don't know why.,anger,0
i'm extremely delighted right now.,joy,6
sometimes i feel completely exhausted from work these days.,burnout,3
i am completely under pressure,stress,11
"honestly, i'm extremely frustrated right now.",anger,0
i think i'm really delighted honestly.,joy,6
these days i feel extremely like a burden i don't know why.,depression,4
i'm extremely frustrated right now.,anger,0
today i feel so just chilling...,neutral,9
i keep feeling extremely without purpose.,depression,4
i just feel so depleted i don't know why.,burnout,3
these days i feel extremely miserable and i can't shake it.,sadness,10
right now i'm quite content...,joy,6
i just feel somewhat ashamed of my body today.,body_image_issue,2
i'm really quite buried in tasks...,stress,11
"honestly, i'm completely insecure about myself.",low_self_esteem,8
it seems i'm irritated these days.,anger,0
it seems i'm very disconnected.,loneliness,7
i'm totally joyful today.,joy,6
right now i'm somewhat stressed about my exams these days.,exam_stress,5
today i feel extremely scared i'll fail my exam honestly.,exam_stress,5
tbh i finally feel at peace and happy,joy,6
i'm so pressured right now.,stress,11
i'm incredibly anxious about my upcoming exam and i can't shake it.,exam_stress,5
these days i feel deeply okay.,neutral,9
"honestly, i'm kind of sad more than usual.",sadness,10
i think i'm completely just chilling lately.,neutral,9
i'm extremely like a failure these days.,low_self_esteem,8
right now i'm deeply like there's no point,depression,4
really numb these days.,depression,4
i just feel incredibly blessed honestly.,joy,6
i keep feeling disconnected.,loneliness,7
i am extremely tense from work right now.,stress,11
"honestly, i'm completely happy lately.",joy,6
i keep feeling deeply blessed lately.,joy,6
i'm really quite neutral.,neutral,9
i think i'm so exhausted from work right now.,burnout,3
i keep feeling really worried about the test...,exam_stress,5
i feel kind of scared i'll fail my exam...,exam_stress,5
i'm a bit exhausted from work more than usual.,burnout,3
right now i'm really worried right now.,anxiety,1
i feel quite like there's no point,depression,4
i am incredibly ashamed of my body right now.,body_image_issue,2
i'm totally anxious honestly.,anxiety,1
i've been worthless i don't know why.,low_self_esteem,8
i think i'm very panicky right now.,anxiety,1
i'm really incredibly miserable more than usual.,sadness,10
these days i feel quite like nobody likes me today.,low_self_esteem,8
i'm really drained of meaning i don't know why.,depression,4
it seems i'm really drained of meaning i don't know why.,depression,4
lately i feel so like a burden today.,depression,4
i just feel very like nobody likes me lately.,low_self_esteem,8
i'm a bit frustrated.,anger,0
i've been incredibly ugly honestly.,body_image_issue,2
tbh i'm deeply drained of meaning...,depression,4
i think i'm very okay,neutral,9
these days i feel so like there's no point today.,depression,4
i'm somewhat content,joy,6
right now i'm deeply tearful lately.,sadness,10
it seems i'm quite irritated today.,anger,0
sometimes i feel totally swamped lately.,stress,11
lately i feel a bit delighted.,joy,6
i keep feeling very without purpose right now.,depression,4
i miss having someone who cares,loneliness,7
right now i'm incredibly down.,sadness,10
right now i'm somewhat on edge,anxiety,1
"honestly, i'm totally resentful i don't know why.",anger,0
i feel stressed right now.,stress,11
"honestly, i'm deeply worried about the test",exam_stress,5
kind of scared i'll fail my exam and i can't shake it.,exam_stress,5
i just feel somewhat like nobody likes me and i can't shake it.,low_self_esteem,8
i feel deeply disgusting in the mirror and i can't shake it.,body_image_issue,2
"honestly, i'm a bit frustrated.",anger,0
sometimes i feel somewhat resentful,anger,0
right now i'm so emotionally exhausted lately.,burnout,3
these days i feel really enraged right now.,anger,0
i think i'm at ease...,neutral,9
i'm really completely miserable more than usual.,sadness,10
i'm really deeply stupid today.,low_self_esteem,8
tbh i'm incredibly at ease more than usual.,neutral,9
i just feel so anxious about my upcoming exam and i can't shake it.,exam_stress,5
these days i feel completely alone,loneliness,7
today i feel quite heartbroken lately.,sadness,10
"honestly, i'm scared right now.",anxiety,1
i am somewhat isolated.,loneliness,7
right now i'm on edge and i can't shake it.,anxiety,1
i keep feeling somewhat upset.,sadness,10
i'm really really pissed off more than usual.,anger,0
i keep feeling somewhat fat.,body_image_issue,2
i'm overwhelmed by studying i don't know why.,exam_stress,5
i feel extremely worried about the test i don't know why.,exam_stress,5
i just feel incredibly disgusting in the mirror and i can't shake it.,body_image_issue,2
sometimes i feel very like giving up,depression,4
sometimes i feel like nobody likes me,low_self_esteem,8
it seems i'm deeply panicky.,anxiety,1
these days i feel a bit ashamed of my body i don't know why.,body_image_issue,2
tbh i'm so depleted today.,burnout,3
i feel totally blue these days.,sadness,10
lately i feel a bit tense right now.,anxiety,1
kind of panicky...,anxiety,1
these days i feel somewhat panicking about finals.,exam_stress,5
today i feel really pissed off lately.,anger,0
tbh i'm kind of forgotten i don't know why.,loneliness,7
i'm annoyed lately.,anger,0
"honestly, i'm juggling too many responsibilities.",stress,11
i just feel incredibly left out.,loneliness,7
sometimes i feel deeply insecure about myself and i can't shake it.,low_self_esteem,8
i'm totally balanced and i can't shake it.,neutral,9
i've been quite horrible about how i look.,body_image_issue,2
i think i'm somewhat worthless lately.,depression,4
i think i'm very ashamed of my body...,body_image_issue,2
it seems i'm a bit like a burden more than usual.,depression,4
i am incredibly insecure about myself i don't know why.,low_self_esteem,8
right now i'm extremely alone.,loneliness,7
i've been very drained right now.,burnout,3
i'm completely blessed more than usual.,joy,6
these days i feel completely fried...,burnout,3
it seems i'm a bit horrible about how i look lately.,body_image_issue,2
it seems i'm really worried about the test lately.,exam_stress,5
tbh i'm so enraged,anger,0
extremely like giving up these days.,depression,4
i'm really deeply worried about the test and i can't shake it.,exam_stress,5
"honestly, i'm tense from work lately.",stress,11
ashamed of my body today.,body_image_issue,2
sometimes i feel stressed about my exams,exam_stress,5
i keep feeling kind of shaky i don't know why.,anxiety,1
i'm extremely buried in tasks these days.,stress,11
i'm unattractive.,body_image_issue,2
i'm really so forgotten,loneliness,7
today i feel really fuming.,anger,0
tbh i'm completely useless more than usual.,low_self_esteem,8
so emotionally exhausted right now.,burnout,3
these days i feel somewhat like giving up honestly.,depression,4
i keep feeling completely scared i'll fail my exam and i can't shake it.,exam_stress,5
today i feel horrible about how i look lately.,body_image_issue,2
today i feel really sad.,sadness,10
tbh i'm so cheerful...,joy,6
i am quite panicking about finals honestly.,exam_stress,5
sometimes i feel so like giving up today.,depression,4
today i feel completely apprehensive...,anxiety,1
today i feel a bit buried in tasks honestly.,stress,11
i am deeply worthless lately.,depression,4
these days i feel totally low these days.,sadness,10
it seems i'm quite isolated today.,loneliness,7
"honestly, i'm totally unhappy.",sadness,10
ngl i don't think i studied enough for tomorrow.,exam_stress,5
i think i'm a bit like giving up more than usual.,depression,4
i'm really very stupid today.,low_self_esteem,8
so swamped i don't know why.,stress,11
these days i feel deeply alright.,neutral,9
i feel really unhappy lately.,sadness,10
i am so low right now.,sadness,10
i feel a bit numb these days.,depression,4
it seems i'm really isolated these days.,loneliness,7
these days i feel deeply irritated...,anger,0
these days i feel very irritated i don't know why.,anger,0
"honestly, i'm deeply useless more than usual.",low_self_esteem,8
tbh i'm totally normal.,neutral,9
these days i feel incredibly like a burden.,depression,4
i keep feeling really scared i'll fail my exam.,exam_stress,5
right now i'm kind of hopeless right now.,depression,4
"honestly, i'm kind of buried in tasks right now.",stress,11
sometimes i feel very low more than usual.,sadness,10
i'm extremely scared,anxiety,1
i keep feeling somewhat content and i can't shake it.,joy,6
lately i feel so ugly.,body_image_issue,2
i just feel deeply frustrated honestly.,anger,0
i am somewhat like giving up,depression,4
i feel totally optimistic more than usual.,joy,6
i just feel very fried i don't know why.,burnout,3
it seems i'm deeply like nobody likes me right now.,low_self_esteem,8
i've been kind of empty today.,depression,4
i think i'm deeply delighted lately.,joy,6
lately i feel extremely drained right now.,burnout,3
sometimes i feel somewhat worried about the test lately.,exam_stress,5
these days i feel a bit overwhelmed...,stress,11
i think i'm deeply joyful right now.,joy,6
lately i feel so horrible about how i look and i can't shake it.,body_image_issue,2
these days i feel totally tearful lately.,sadness,10
right now i'm useless,low_self_esteem,8
i am somewhat calm honestly.,neutral,9
i've been incredibly done.,burnout,3
tbh i'm a bit sad lately.,sadness,10
right now i'm so horrible about how i look i don't know why.,body_image_issue,2
lately i feel extremely alone honestly.,loneliness,7
i'm really so stressed about my exams honestly.,exam_stress,5
i just feel a bit done,burnout,3
i keep feeling totally not good enough lately.,low_self_esteem,8
totally tense from work and i can't shake it.,stress,11
"honestly, i'm quite disconnected lately.",loneliness,7
i am somewhat okay,neutral,9
right now i'm kind of at ease today.,neutral,9
"honestly, i'm very ugly today.",body_image_issue,2
i am really tearful today.,sadness,10
i'm really somewhat low and i can't shake it.,sadness,10
i'm running on empty right now.,burnout,3
"honestly, i'm kind of stressed about my exams...",exam_stress,5
these days i feel totally overwhelmed more than usual.,stress,11
tbh i'm incredibly balanced...,neutral,9
these days i feel kind of fuming right now.,anger,0
deeply blue today.,sadness,10
lately i feel a bit pressured.,stress,11
these days i feel quite insecure about my appearance these days.,body_image_issue,2
"honestly, i'm quite left out right now.",loneliness,7
these days i feel incredibly irritated right now.,anger,0
it seems i'm a bit worried about the test and i can't shake it.,exam_stress,5
tbh i'm totally tense from work and i can't shake it.,stress,11
i keep feeling completely mad and i can't shake it.,anger,0
these days i feel so panicky lately.,anxiety,1
these days i feel a bit unattractive and i can't shake it.,body_image_issue,2
i'm really completely like nothing matters these days.,depression,4
"honestly, i'm so apprehensive",anxiety,1
i keep feeling kind of uneasy today.,anxiety,1
it seems i'm so drained of meaning these days.,depression,4
"honestly, i'm a bit insecure about myself honestly.",low_self_esteem,8
"honestly, i'm kind of stressed honestly.",stress,11
"honestly, i'm really fat",body_image_issue,2
i am so grateful i don't know why.,joy,6
tbh i'm kind of gloomy.,sadness,10
lately i feel very in a good mood these days.,joy,6
i just feel a bit like i don't matter lately.,low_self_esteem,8
very swamped.,stress,11
i think i'm really mad...,anger,0
these days i feel deeply calm i don't know why.,neutral,9
these days i feel completely fat...,body_image_issue,2
i've been incredibly pressured i don't know why.,stress,11
tbh i'm totally like a failure...,low_self_esteem,8
tbh i'm blue,sadness,10
tbh i'm fried right now.,burnout,3
i feel incredibly shaky right now.,anxiety,1
these days i feel extremely useless honestly.,low_self_esteem,8
i keep feeling really uneasy honestly.,anxiety,1
sometimes i feel fuming lately.,anger,0
tbh i'm incredibly anxious about my upcoming exam...,exam_stress,5
i'm really really pressured right now.,stress,11
i'm really so run down honestly.,stress,11
i think i'm very like nobody likes me.,low_self_esteem,8
lately i feel kind of afraid more than usual.,anxiety,1
i feel incredibly overwhelmed by studying and i can't shake it.,exam_stress,5
it seems i'm completely stressed lately.,stress,11
i keep feeling quite fuming.,anger,0
"honestly, i'm extremely resentful i don't know why.",anger,0
i feel totally alone these days.,loneliness,7
i am very irritated more than usual.,anger,0
quite thankful,joy,6
today i feel totally tense from work more than usual.,stress,11
i feel really calm.,neutral,9
tbh i'm so afraid...,anxiety,1
i just feel kind of panicking about finals...,exam_stress,5
i just feel completely overwhelmed...,stress,11
i feel really drained...,burnout,3
i'm really very enraged these days.,anger,0
it seems i'm deeply sad honestly.,sadness,10
i've been somewhat stressed right now.,stress,11
somewhat buried in tasks and i can't shake it.,stress,11
today i feel so just chilling these days.,neutral,9
i'm really deeply stressed...,stress,11
these days i feel deeply miserable today.,sadness,10
i keep feeling deeply enraged today.,anger,0
lately i feel so glad more than usual.,joy,6
right now i'm very like a failure more than usual.,low_self_esteem,8
today i feel completely just chilling.,neutral,9
incredibly panicky lately.,anxiety,1
i'm extremely like i don't matter more than usual.,low_self_esteem,8
right now i'm extremely fat honestly.,body_image_issue,2
tbh i'm deeply sad and i can't shake it.,sadness,10
tbh i'm extremely shaky and i can't shake it.,anxiety,1
these days i feel somewhat running on empty lately.,burnout,3
i've been so invisible today.,loneliness,7
i am a bit worthless honestly.,depression,4
a bit low,sadness,10
"honestly, i'm somewhat buried in tasks more than usual.",stress,11
today i feel deeply worthless.,depression,4
i feel completely alone...,loneliness,7
these days i feel completely tense,anxiety,1
i feel so by myself and i can't shake it.,loneliness,7
i just feel completely ugly honestly.,body_image_issue,2
i feel totally nervous and i can't shake it.,anxiety,1
quite forgotten these days.,loneliness,7
today i feel so worried honestly.,anxiety,1
lately i feel incredibly balanced...,neutral,9
tbh i'm deeply stupid right now.,low_self_esteem,8
these days i feel really nervous today.,anxiety,1
"honestly, i'm deeply numb...",depression,4
i'm really incredibly disgusting in the mirror these days.,body_image_issue,2
i feel very just chilling more than usual.,neutral,9
i'm really quite empty these days.,depression,4
i'm quite pissed off.,anger,0
"honestly, i'm kind of left out right now.",loneliness,7
completely forgotten today.,loneliness,7
i think i'm blue,sadness,10
these days i feel completely ashamed of my body lately.,body_image_issue,2
today i feel deeply like a burden,depression,4
right now i'm a bit run down i don't know why.,stress,11
right now i'm completely ashamed of my body...,body_image_issue,2
i am kind of panicking about finals today.,exam_stress,5
sometimes i feel completely disgusting in the mirror i don't know why.,body_image_issue,2
these days i feel totally stressed,stress,11
i am really worried.,anxiety,1
sometimes i feel totally alright more than usual.,neutral,9
i think i'm so worried.,anxiety,1
totally isolated these days.,loneliness,7
i've been so exhausted from work more than usual.,burnout,3
sometimes i feel quite content.,joy,6
these days i feel a bit anxious about my upcoming exam today.,exam_stress,5
i feel deeply ashamed of my body and i can't shake it.,body_image_issue,2
these days i feel somewhat afraid...,anxiety,1
i'm really tearful right now.,sadness,10
totally worthless and i can't shake it.,low_self_esteem,8
i'm really kind of tense from work,stress,11
"honestly, i'm completely nervous honestly.",anxiety,1
i am kind of stressed.,stress,11
i am deeply running on empty these days.,burnout,3
i am kind of alone and i can't shake it.,loneliness,7
i am quite by myself...,loneliness,7
tbh i'm quite fried.,burnout,3
sometimes i feel extremely disgusting in the mirror honestly.,body_image_issue,2
it seems i'm so heartbroken,sadness,10
these days i feel totally isolated i don't know why.,loneliness,7
sometimes i feel quite like i don't matter today.,low_self_esteem,8
i keep feeling quite sad lately.,sadness,10
right now i'm a bit fine right now.,neutral,9
lately i feel blue i don't know why.,sadness,10
lately i feel completely on edge and i can't shake it.,anxiety,1
i feel deeply fat these days.,body_image_issue,2
i've been completely furious...,anger,0
i'm so delighted honestly.,joy,6
lately i feel completely irritated today.,anger,0
i've been stupid and i can't shake it.,low_self_esteem,8
tbh i'm quite lonely...,loneliness,7
"honestly, i'm totally worried about the test these days.",exam_stress,5
lately i feel deeply normal...,neutral,9
a bit scared i'll fail my exam and i can't shake it.,exam_stress,5
i am incredibly under pressure more than usual.,stress,11
i keep feeling a bit like a failure lately.,low_self_esteem,8
i am somewhat run down more than usual.,stress,11
these days i feel very insecure about myself more than usual.,low_self_esteem,8
i feel incredibly like a burden,depression,4
right now i'm somewhat stressed about my exams honestly.,exam_stress,5
tbh i'm extremely emotionally exhausted honestly.,burnout,3
"honestly, i'm kind of exhausted from work i don't know why.",burnout,3
i've been so like nothing matters.,depression,4
i think i'm incredibly miserable i don't know why.,sadness,10
i'm completely buried in tasks today.,stress,11
i'm really extremely neutral.,neutral,9
i keep feeling deeply sad right now.,sadness,10
i just feel quite pissed off,anger,0
i am kind of overwhelmed by studying and i can't shake it.,exam_stress,5
"honestly, i keep blanking on the material :(",exam_stress,5
i'm so afraid,anxiety,1
i feel extremely sad these days.,sadness,10
i keep feeling incredibly depleted honestly.,burnout,3
i'm really kind of shaky more than usual.,anxiety,1
"honestly, i'm extremely fried.",burnout,3
these days i feel deeply neutral these days.,neutral,9
i feel totally empty and i can't shake it.,depression,4
"honestly, i'm quite insecure about my appearance these days.",body_image_issue,2
i'm totally light-hearted...,joy,6
i'm really horrible about how i look today.,body_image_issue,2
a bit melancholic i don't know why.,sadness,10
lately i feel deeply ashamed of my body lately.,body_image_issue,2
kind of stressed about my exams.,exam_stress,5
"honestly, nothing fits me right anymore.",body_image_issue,2
i've been very grateful honestly.,joy,6
i just feel incredibly cheerful more than usual.,joy,6
lately i feel somewhat worthless these days.,depression,4
i've been quite panicky and i can't shake it.,anxiety,1
i think i'm very resentful...,anger,0
i keep feeling upset today.,sadness,10
"honestly, i'm extremely insecure about myself...",low_self_esteem,8
i've been so normal these days.,neutral,9
i'm very worried.,anxiety,1
these days i feel quite ashamed of my body today.,body_image_issue,2
i think i'm incredibly anxious about my upcoming exam,exam_stress,5
i just feel kind of isolated right now.,loneliness,7
i've been completely depleted more than usual.,burnout,3
right now i'm incredibly worried about the test more than usual.,exam_stress,5
deeply worried and i can't shake it.,anxiety,1
tbh i'm a bit panicky lately.,anxiety,1
today i feel extremely overwhelmed i don't know why.,stress,11
completely forgotten more than usual.,loneliness,7
right now i'm so depleted today.,burnout,3
i keep feeling kind of under pressure lately.,stress,11
really swamped these days.,stress,11
i keep feeling so happy honestly.,joy,6
sometimes i feel quite not good enough right now.,low_self_esteem,8
i am very content i don't know why.,joy,6
i've been extremely cheerful,joy,6
"honestly, i'm very worried and i can't shake it.",anxiety,1
"honestly, i'm incredibly invisible honestly.",loneliness,7
i'm really quite drained of meaning right now.,depression,4
i just feel very balanced,neutral,9
lately i feel very worried...,anxiety,1
i think i'm a bit pleased and i can't shake it.,joy,6
i think i'm so ashamed of my body lately.,body_image_issue,2
today i feel totally stressed about my exams more than usual.,exam_stress,5
i just feel very invisible and i can't shake it.,loneliness,7
i'm really really not good enough...,low_self_esteem,8
i've been really numb today.,depression,4
today i feel quite insecure about myself right now.,low_self_esteem,8
i just feel deeply grateful and i can't shake it.,joy,6
totally down...,sadness,10
these days i feel somewhat emotionally exhausted honestly.,burnout,3
i'm really somewhat angry these days.,anger,0
somewhat on edge right now.,anxiety,1
"honestly, i'm frustrated",anger,0
right now i'm really neutral today.,neutral,9
i'm really very emotionally exhausted honestly.,burnout,3
i just feel annoyed honestly.,anger,0
i've been so done i don't know why.,burnout,3
right now i'm totally invisible more than usual.,loneliness,7
it seems i'm a bit disconnected,loneliness,7
i keep feeling extremely uneasy,anxiety,1
these days i feel extremely on edge.,anxiety,1
i just feel somewhat anxious.,anxiety,1
sometimes i feel deeply cheerful i don't know why.,joy,6
it seems i'm deeply annoyed lately.,anger,0
"honestly, i'm overwhelmed these days.",stress,11
i just feel kind of drained and i can't shake it.,burnout,3
i'm totally isolated,loneliness,7
today i feel deeply drained and i can't shake it.,burnout,3
"honestly, i'm very useless and i can't shake it.",low_self_esteem,8
right now i'm very insecure about my appearance lately.,body_image_issue,2
i keep feeling completely like nobody likes me right now.,low_self_esteem,8
tbh i'm somewhat like giving up right now.,depression,4
tbh i'm kind of isolated more than usual.,loneliness,7
i am a bit annoyed these days.,anger,0
i keep feeling somewhat low...,sadness,10
sometimes i feel kind of invisible,loneliness,7
i keep feeling completely smiling i don't know why.,joy,6
i just feel extremely upset these days.,sadness,10
lately i feel so tearful and i can't shake it.,sadness,10
sometimes i feel so pressured.,stress,11
i keep feeling really in a good mood right now.,joy,6
i keep feeling exhausted from work today.,burnout,3
i'm deeply mad these days.,anger,0
"honestly, i'm so buried in tasks today.",stress,11
i just feel a bit uneasy i don't know why.,anxiety,1
a bit calm.,neutral,9
i just feel very pissed off and i can't shake it.,anger,0
i've been somewhat apprehensive.,anxiety,1
"honestly, i'm completely tearful honestly.",sadness,10
i'm really a bit buried in tasks...,stress,11
completely calm honestly.,neutral,9
i've been deeply glad honestly.,joy,6
i've been so ugly right now.,body_image_issue,2
lately i feel under pressure today.,stress,11
"honestly, i'm somewhat nervous i don't know why.",anxiety,1
i'm really completely uneasy...,anxiety,1
i just feel a bit left out lately.,loneliness,7
lately i feel somewhat overwhelmed by studying.,exam_stress,5
tbh i'm completely like giving up honestly.,depression,4
sometimes i feel deeply blue,sadness,10
lately i feel miserable...,sadness,10
it seems i'm extremely empty.,depression,4
i feel deeply lonely right now.,loneliness,7
i've been invisible i don't know why.,loneliness,7
i'm numb.,depression,4
it seems i'm extremely worried about the test,exam_stress,5
these days i feel somewhat lonely honestly.,loneliness,7
i'm so left out...,loneliness,7
tbh i'm very light-hearted right now.,joy,6
i think i'm totally worthless i don't know why.,low_self_esteem,8
i am kind of scared i'll fail my exam...,exam_stress,5
today i feel incredibly at ease i don't know why.,neutral,9
right now i'm kind of not good enough lately.,low_self_esteem,8
i just feel very okay today.,neutral,9
i think i'm really stressed about my exams these days.,exam_stress,5
i think i'm extremely not good enough and i can't shake it.,low_self_esteem,8
i keep feeling extremely anxious about my upcoming exam more than usual.,exam_stress,5
i've been deeply nervous today.,anxiety,1
ngl work is piling up on me...,stress,11
i'm really a bit disgusting in the mirror more than usual.,body_image_issue,2
i think i'm kind of fine and i can't shake it.,neutral,9
"honestly, i'm really like a burden lately.",depression,4
lately i feel really like nobody likes me,low_self_esteem,8
i've been so calm...,neutral,9
sometimes i feel really grateful i don't know why.,joy,6
i'm really extremely normal and i can't shake it.,neutral,9
i've been totally gloomy more than usual.,sadness,10
i am so melancholic.,sadness,10
"honestly, i'm deeply like a failure more than usual.",low_self_esteem,8
somewhat optimistic lately.,joy,6
i've been totally fat more than usual.,body_image_issue,2
"honestly, i'm useless",low_self_esteem,8
i am incredibly upset and i can't shake it.,sadness,10
sometimes i feel kind of just chilling more than usual.,neutral,9
i think i'm incredibly overwhelmed by studying...,exam_stress,5
these days i feel very calm honestly.,neutral,9
sometimes i feel totally low these days.,sadness,10
tbh i'm completely grateful these days.,joy,6
i'm deeply pressured lately.,stress,11
sometimes i feel very furious...,anger,0
i keep feeling extremely apprehensive honestly.,anxiety,1
i keep feeling very low today.,sadness,10
i'm incredibly upset today.,sadness,10
i keep feeling extremely worthless and i can't shake it.,depression,4
it seems i'm incredibly content and i can't shake it.,joy,6
these days i feel extremely gloomy honestly.,sadness,10
i just feel totally buried in tasks right now.,stress,11
it seems i'm extremely apprehensive these days.,anxiety,1
i've been really sad these days.,sadness,10
a bit pressured,stress,11
ngl i can't keep up with everything...,stress,11
these days i feel really stupid i don't know why.,low_self_esteem,8
i've been deeply swamped right now.,stress,11
i think i'm quite under pressure...,stress,11
i am a bit depleted lately.,burnout,3
lately i feel really irritated more than usual.,anger,0
i'm really disconnected right now.,loneliness,7
i feel totally hopeless,depression,4
sometimes i feel extremely worried about the test more than usual.,exam_stress,5
i keep feeling a bit optimistic honestly.,joy,6
i just feel so panicky.,anxiety,1
i keep feeling normal these days.,neutral,9
it seems i'm a bit overwhelmed,stress,11
lately i feel so unhappy i don't know why.,sadness,10
i just feel really pressured honestly.,stress,11
i am completely buried in tasks today.,stress,11
quite grateful today.,joy,6
today i feel incredibly ashamed of my body right now.,body_image_issue,2
right now i'm so disgusting in the mirror,body_image_issue,2
i feel deeply content and i can't shake it.,joy,6
i'm quite stressed more than usual.,stress,11
i've been very like giving up and i can't shake it.,depression,4
i am calm right now.,neutral,9
right now i'm completely run down more than usual.,stress,11
it seems i'm a bit by myself today.,loneliness,7
right now i'm totally unattractive and i can't shake it.,body_image_issue,2
today i feel quite drained today.,burnout,3
i'm deeply furious lately.,anger,0
i've been deeply insecure about my appearance today.,body_image_issue,2
right now i'm deeply glad and i can't shake it.,joy,6
tbh i'm deeply running on empty...,burnout,3
i've been somewhat without purpose more than usual.,depression,4
these days i feel somewhat ugly more than usual.,body_image_issue,2
sometimes i feel incredibly alone more than usual.,loneliness,7
i am really insecure about myself honestly.,low_self_esteem,8
these days i feel extremely stupid lately.,low_self_esteem,8
i am incredibly in a good mood more than usual.,joy,6
i just feel deeply overwhelmed today.,stress,11
right now i'm so worried about the test.,exam_stress,5
"honestly, i'm really blue these days.",sadness,10
"honestly, i'm a bit pleased today.",joy,6
lately i feel totally not good enough honestly.,low_self_esteem,8
i think i'm so swamped...,stress,11
i'm very run down these days.,stress,11
i just feel kind of insecure about myself.,low_self_esteem,8
these days i feel completely under pressure today.,stress,11
these days i feel very left out...,loneliness,7
i'm really a bit nervous lately.,anxiety,1
i feel somewhat worthless lately.,depression,4
somewhat invisible today.,loneliness,7
i feel kind of depleted...,burnout,3
i keep feeling completely fearful these days.,anxiety,1
annoyed...,anger,0
"honestly, i'm somewhat ugly.",body_image_issue,2
i'm really completely ugly and i can't shake it.,body_image_issue,2
"honestly, i'm deeply by myself these days.",loneliness,7
"honestly, i'm incredibly happy and i can't shake it.",joy,6
i feel extremely like there's no point lately.,depression,4
i just feel so disgusting in the mirror more than usual.,body_image_issue,2
right now i'm extremely overwhelmed by studying these days.,exam_stress,5
i am mad lately.,anger,0
these days i feel somewhat alone more than usual.,loneliness,7
i just feel deeply scared i'll fail my exam lately.,exam_stress,5
i think i'm really worthless.,depression,4
it seems i'm incredibly thankful.,joy,6
i'm really quite pressured i don't know why.,stress,11
i am totally like i don't matter right now.,low_self_esteem,8
i just feel quite run down these days.,stress,11
i just feel a bit isolated,loneliness,7
i just feel somewhat fat more than usual.,body_image_issue,2
i am completely blessed,joy,6
lately i feel quite scared more than usual.,anxiety,1
i just feel quite blue...,sadness,10
tbh i'm so gloomy lately.,sadness,10
these days i feel kind of scared i'll fail my exam these days.,exam_stress,5
i've been pressured honestly.,stress,11
quite fat these days.,body_image_issue,2
it seems i'm somewhat nervous right now.,anxiety,1
i've been totally anxious about my upcoming exam more than usual.,exam_stress,5
right now i'm completely worthless...,depression,4
these days i feel quite insecure about my appearance today.,body_image_issue,2
tbh i'm completely uneasy today.,anxiety,1
i'm very exhausted from work and i can't shake it.,burnout,3
these days i feel so low right now.,sadness,10
lately i feel quite joyful these days.,joy,6
tbh i'm very grateful,joy,6
these days i feel extremely depleted these days.,burnout,3
i keep feeling very panicky.,anxiety,1
right now i'm somewhat scared i'll fail my exam lately.,exam_stress,5
i am completely fearful...,anxiety,1
lately i feel really depleted these days.,burnout,3
it seems i'm a bit drained of meaning...,depression,4
today i feel so worthless right now.,depression,4
today i feel extremely okay...,neutral,9
right now i'm quite disconnected,loneliness,7
i've been kind of gloomy more than usual.,sadness,10
right now i'm really tense honestly.,anxiety,1
completely light-hearted today.,joy,6
today i feel a bit forgotten.,loneliness,7
i feel totally stressed about my exams more than usual.,exam_stress,5
i'm incredibly empty lately.,depression,4
completely buried in tasks right now.,stress,11
sometimes i feel very scared i'll fail my exam today.,exam_stress,5
tbh i'm really fine more than usual.,neutral,9
today i feel totally stupid i don't know why.,low_self_esteem,8
right now i'm very exhausted from work...,burnout,3
right now i'm incredibly without purpose honestly.,depression,4
lately i feel quite without purpose today.,depression,4
"honestly, i'm completely low these days.",sadness,10
i keep feeling quite irritated.,anger,0
i am totally disgusting in the mirror more than usual.,body_image_issue,2
i keep feeling totally like there's no point,depression,4
these days i feel really horrible about how i look honestly.,body_image_issue,2
"honestly, i'm completely buried in tasks i don't know why.",stress,11
i'm really worthless and i can't shake it.,depression,4
"honestly, i'm totally anxious about my upcoming exam.",exam_stress,5
these days i feel really like i don't matter,low_self_esteem,8
lately i feel somewhat fine...,neutral,9
these days i feel somewhat irritated today.,anger,0
kind of disconnected right now.,loneliness,7
today i feel a bit just chilling honestly.,neutral,9
tbh i'm very smiling more than usual.,joy,6
i've been extremely grateful and i can't shake it.,joy,6
i've been so angry honestly.,anger,0
i'm really deeply furious,anger,0
it seems i'm so just chilling more than usual.,neutral,9
i feel really worried lately.,anxiety,1
sometimes i feel really balanced,neutral,9
these days i feel somewhat run down...,stress,11
i feel somewhat numb more than usual.,depression,4
sometimes i feel somewhat depleted honestly.,burnout,3
i am incredibly like i don't matter.,low_self_esteem,8
today i feel really worried about the test these days.,exam_stress,5
i keep feeling extremely furious today.,anger,0
today i feel completely irritated and i can't shake it.,anger,0
lately i feel quite pleased more than usual.,joy,6
i think i'm very mad,anger,0
incredibly run down today.,stress,11
i'm really very grateful honestly.,joy,6
it seems i'm ashamed of my body these days.,body_image_issue,2
tbh i'm completely anxious about my upcoming exam more than usual.,exam_stress,5
i think i'm deeply ashamed of my body lately.,body_image_issue,2
i'm completely balanced,neutral,9
it seems i'm a bit buried in tasks these days.,stress,11
tbh i'm panicking about finals today.,exam_stress,5
i feel incredibly alone lately.,loneliness,7
i'm really totally depleted.,burnout,3
lately i feel extremely scared i'll fail my exam today.,exam_stress,5
"honestly, i'm like nobody likes me",low_self_esteem,8
it seems i'm a bit afraid these days.,anxiety,1
i've been like nothing matters more than usual.,depression,4
i think i'm so mad and i can't shake it.,anger,0
today i feel extremely ashamed of my body i don't know why.,body_image_issue,2
i keep feeling very numb lately.,depression,4
sometimes i feel a bit thankful more than usual.,joy,6
"honestly, i'm deeply run down these days.",stress,11
i've been kind of scared i'll fail my exam lately.,exam_stress,5
sometimes i feel quite angry,anger,0
i just feel so overwhelmed.,stress,11
i've been completely on edge today.,anxiety,1
i keep feeling deeply numb more than usual.,depression,4
right now i'm totally unhappy these days.,sadness,10
tbh i'm extremely run down today.,stress,11
it seems i'm totally worthless more than usual.,low_self_esteem,8
i'm really really irritated today.,anger,0
i've been kind of useless these days.,low_self_esteem,8
i just feel very happy lately.,joy,6
"honestly, i'm incredibly running on empty i don't know why.",burnout,3
lately i feel deeply like a failure lately.,low_self_esteem,8
i feel really furious honestly.,anger,0
i feel very panicky...,anxiety,1
it seems i'm really ugly.,body_image_issue,2
i'm very swamped today.,stress,11
right now i'm kind of apprehensive today.,anxiety,1
tbh i'm extremely anxious about my upcoming exam more than usual.,exam_stress,5
right now i'm really furious...,anger,0
i think i'm deeply lonely today.,loneliness,7
today i feel a bit sad and i can't shake it.,sadness,10
right now i'm so tense from work and i can't shake it.,stress,11
i've been kind of disconnected right now.,loneliness,7
i just feel deeply at ease i don't know why.,neutral,9
i keep feeling so running on empty today.,burnout,3
i'm extremely panicky right now.,anxiety,1
it seems i'm kind of smiling right now.,joy,6
"honestly, i'm incredibly nervous right now.",anxiety,1
today i feel incredibly furious today.,anger,0
i just feel a bit overwhelmed by studying more than usual.,exam_stress,5
"honestly, i'm so panicky",anxiety,1
sometimes i feel quite furious more than usual.,anger,0
tbh i'm somewhat by myself,loneliness,7
i've been totally smiling today.,joy,6
i've been totally worried about the test and i can't shake it.,exam_stress,5
lately i feel so sad right now.,sadness,10
lately i feel deeply content honestly.,joy,6
today i feel deeply normal today.,neutral,9
i think i'm kind of hopeless lately.,depression,4
it seems i'm extremely like nobody likes me lately.,low_self_esteem,8
i've been left out,loneliness,7
totally worried more than usual.,anxiety,1
i am deeply done lately.,burnout,3
i am kind of blessed more than usual.,joy,6
extremely gloomy and i can't shake it.,sadness,10
i think i'm somewhat buried in tasks,stress,11
incredibly miserable honestly.,sadness,10
i'm really kind of blue.,sadness,10
i think i'm somewhat afraid and i can't shake it.,anxiety,1
so furious honestly.,anger,0
i feel enraged,anger,0
lately i feel a bit fine lately.,neutral,9
i am somewhat insecure about my appearance right now.,body_image_issue,2
i'm quite panicky lately.,anxiety,1
i just feel extremely swamped...,stress,11
i am completely isolated lately.,loneliness,7
sometimes i feel kind of worthless right now.,low_self_esteem,8
i've been incredibly invisible lately.,loneliness,7
lately i feel so cheerful today.,joy,6
i've been quite disgusting in the mirror,body_image_issue,2
i've been a bit burnt out honestly.,burnout,3
i think i'm a bit sad and i can't shake it.,sadness,10
i am incredibly ugly these days.,body_image_issue,2
lately i feel very worthless and i can't shake it.,depression,4
somewhat tense from work today.,stress,11
these days i feel kind of resentful.,anger,0
i am like there's no point and i can't shake it.,depression,4
tbh i'm a bit annoyed right now.,anger,0
i've been completely done.,burnout,3
i feel totally anxious honestly.,anxiety,1
i've been completely joyful.,joy,6
sometimes i feel really overwhelmed lately.,stress,11
i'm really buried in tasks i don't know why.,stress,11
these days i feel totally not good enough and i can't shake it.,low_self_esteem,8
i'm really totally ugly.,body_image_issue,2
sometimes i feel very left out these days.,loneliness,7
these days i feel somewhat sad and i can't shake it.,sadness,10
i keep feeling really angry i don't know why.,anger,0
tbh i'm incredibly panicking about finals honestly.,exam_stress,5
"honestly, i'm deeply like a failure honestly.",low_self_esteem,8
tbh i'm very blessed more than usual.,joy,6
i think i'm quite thankful more than usual.,joy,6
tbh i'm quite anxious about my upcoming exam more than usual.,exam_stress,5
lately i feel very apprehensive right now.,anxiety,1
i just feel a bit sad more than usual.,sadness,10
i am deeply done more than usual.,burnout,3
these days i feel kind of under pressure,stress,11
i feel deeply by myself honestly.,loneliness,7
i've been extremely stupid right now.,low_self_esteem,8
i am incredibly on edge.,anxiety,1
these days i feel kind of anxious about my upcoming exam right now.,exam_stress,5
i just feel somewhat tearful today.,sadness,10
sometimes i feel a bit running on empty honestly.,burnout,3
i just feel extremely balanced right now.,neutral,9
lately i feel so stressed about my exams honestly.,exam_stress,5
right now i'm completely alright lately.,neutral,9
i feel very glad...,joy,6
these days i feel completely angry today.,anger,0
i feel really worthless right now.,low_self_esteem,8
lately i feel quite unattractive and i can't shake it.,body_image_issue,2
i just feel numb today.,depression,4
i keep feeling totally enraged honestly.,anger,0
i've been kind of hopeless and i can't shake it.,depression,4
tbh i'm melancholic honestly.,sadness,10
sometimes i feel very like a failure...,low_self_esteem,8
i'm a bit like giving up.,depression,4
it seems i'm deeply upset...,sadness,10
sometimes i feel extremely scared i'll fail my exam,exam_stress,5
these days i feel without purpose lately.,depression,4
lately i feel a bit like nothing matters...,depression,4
i'm really totally exhausted from work...,burnout,3
i keep feeling very like nothing matters lately.,depression,4
i just feel kind of overwhelmed by studying these days.,exam_stress,5
i am so mad honestly.,anger,0
i'm extremely okay i don't know why.,neutral,9
sometimes i feel kind of worried about the test today.,exam_stress,5
i think i'm somewhat sad these days.,sadness,10
i've been a bit blessed i don't know why.,joy,6
kind of miserable today.,sadness,10
i've been so balanced lately.,neutral,9
it seems i'm incredibly stressed lately.,stress,11
it seems i'm so disconnected and i can't shake it.,loneliness,7
lately i feel quite drained honestly.,burnout,3
i'm really kind of like nothing matters today.,depression,4
i feel extremely joyful.,joy,6
sometimes i feel useless...,low_self_esteem,8
these days i feel very like there's no point i don't know why.,depression,4
these days i feel kind of alright...,neutral,9
i think i'm somewhat drained of meaning more than usual.,depression,4
tbh i'm a bit alright these days.,neutral,9
today i feel kind of optimistic.,joy,6
i keep feeling so fine more than usual.,neutral,9
"honestly, i'm alright.",neutral,9
i just feel really panicky right now.,anxiety,1
i keep feeling incredibly annoyed these days.,anger,0
i keep feeling quite at ease,neutral,9
i'm incredibly pleased.,joy,6
i've been incredibly worried honestly.,anxiety,1
i feel totally buried in tasks honestly.,stress,11
i think i'm extremely panicking about finals i don't know why.,exam_stress,5
very like nobody likes me and i can't shake it.,low_self_esteem,8
i just feel totally not good enough...,low_self_esteem,8
right now i'm really ugly these days.,body_image_issue,2
i keep feeling really insecure about myself lately.,low_self_esteem,8
i'm really very furious lately.,anger,0
today i feel somewhat invisible lately.,loneliness,7
i'm really kind of emotionally exhausted...,burnout,3
sometimes i feel kind of afraid today.,anxiety,1
today i feel deeply disconnected and i can't shake it.,loneliness,7
"honestly, i'm deeply running on empty",burnout,3
i am really by myself.,loneliness,7
right now i'm deeply heartbroken,sadness,10
i just feel incredibly sad today.,sadness,10
sometimes i feel kind of disconnected these days.,loneliness,7
ngl everything feels pointless lately,depression,4
i keep feeling completely burnt out.,burnout,3
it seems i'm somewhat alone more than usual.,loneliness,7
i just feel incredibly pissed off these days.,anger,0
i've been extremely apprehensive these days.,anxiety,1
tbh i'm quite grateful...,joy,6
i just feel a bit like there's no point lately.,depression,4
i just feel somewhat running on empty...,burnout,3
right now i'm kind of panicking about finals.,exam_stress,5
right now i'm deeply just chilling more than usual.,neutral,9
"honestly, i'm kind of horrible about how i look honestly.",body_image_issue,2
today i feel extremely grateful honestly.,joy,6
i've been unattractive.,body_image_issue,2
i am incredibly furious.,anger,0
right now i'm a bit like a failure these days.,low_self_esteem,8
tbh i'm quite isolated more than usual.,loneliness,7
lately i feel deeply ashamed of my body today.,body_image_issue,2
lately i feel somewhat fuming i don't know why.,anger,0
right now i'm so cheerful right now.,joy,6
i am extremely ashamed of my body right now.,body_image_issue,2
these days i feel so horrible about how i look more than usual.,body_image_issue,2
right now i'm extremely not good enough lately.,low_self_esteem,8
tbh i have too much to do and not enough time.,stress,11
today i feel extremely panicking about finals...,exam_stress,5
these days i feel so enraged honestly.,anger,0
lately i feel a bit grateful more than usual.,joy,6
right now i'm quite worthless these days.,low_self_esteem,8
tbh i'm a bit by myself honestly.,loneliness,7
lately i feel somewhat scared i'll fail my exam...,exam_stress,5
i'm a bit ugly,body_image_issue,2
i think i'm extremely drained,burnout,3
sometimes i feel so fried right now.,burnout,3
deeply angry more than usual.,anger,0
i'm really quite run down today.,stress,11
i keep feeling totally worthless.,low_self_esteem,8
i keep feeling kind of neutral right now.,neutral,9
right now i'm extremely worthless and i can't shake it.,depression,4
i have no energy and no will to do anything :(,depression,4
i feel incredibly panicking about finals...,exam_stress,5
i'm really swamped...,stress,11
tbh i'm extremely disgusting in the mirror today.,body_image_issue,2
i am happy...,joy,6
tbh i'm completely irritated...,anger,0
sometimes i feel completely content more than usual.,joy,6
really run down more than usual.,stress,11
today i feel very afraid,anxiety,1
i think i'm totally emotionally exhausted...,burnout,3
today i feel somewhat not good enough more than usual.,low_self_esteem,8
these days i feel very isolated right now.,loneliness,7
i'm kind of pressured.,stress,11
right now i'm mad,anger,0
i'm really deeply happy and i can't shake it.,joy,6
it seems i'm so blessed lately.,joy,6
lately i feel somewhat just chilling...,neutral,9
i am somewhat left out lately.,loneliness,7
i am really unattractive,body_image_issue,2
i'm really really drained.,burnout,3
i'm really so running on empty right now.,burnout,3
i keep feeling so blessed and i can't shake it.,joy,6
i keep feeling so anxious about my upcoming exam more than usual.,exam_stress,5
i just feel quite overwhelmed by studying.,exam_stress,5
i'm a bit miserable...,sadness,10
"honestly, i'm a bit anxious about my upcoming exam honestly.",exam_stress,5
i just feel somewhat okay i don't know why.,neutral,9
"honestly, i'm so mad.",anger,0
i've been incredibly anxious about my upcoming exam...,exam_stress,5
i'm really extremely like i don't matter these days.,low_self_esteem,8
i keep feeling completely invisible more than usual.,loneliness,7
today i feel incredibly panicking about finals honestly.,exam_stress,5
i feel totally balanced lately.,neutral,9
tbh i'm extremely furious lately.,anger,0
today i feel extremely annoyed right now.,anger,0
it seems i'm really like i don't matter right now.,low_self_esteem,8
these days i feel very joyful honestly.,joy,6
it seems i'm a bit burnt out and i can't shake it.,burnout,3
i'm quite like there's no point...,depression,4
i am really stressed about my exams honestly.,exam_stress,5
i feel a bit scared i'll fail my exam and i can't shake it.,exam_stress,5
i think i'm very lonely.,loneliness,7
i think i'm left out today.,loneliness,7
"honestly, i'm really without purpose",depression,4
i'm deeply run down lately.,stress,11
i am really content right now.,joy,6
it seems i'm quite stupid.,low_self_esteem,8
i just feel completely mad right now.,anger,0
totally cheerful more than usual.,joy,6
i think i'm stressed about my exams i don't know why.,exam_stress,5
i feel a bit useless right now.,low_self_esteem,8
i feel completely glad today.,joy,6
i'm really somewhat drained honestly.,burnout,3
i keep feeling totally miserable i don't know why.,sadness,10
i'm really totally neutral honestly.,neutral,9
i am kind of neutral i don't know why.,neutral,9
these days i feel completely not good enough lately.,low_self_esteem,8
right now i'm blessed right now.,joy,6
today i feel deeply fried i don't know why.,burnout,3
i just feel quite exhausted from work lately.,burnout,3
sometimes i feel deeply swamped i don't know why.,stress,11
i think i'm deeply frustrated and i can't shake it.,anger,0
i'm pleased,joy,6
today i feel somewhat stupid and i can't shake it.,low_self_esteem,8
i'm kind of alone these days.,loneliness,7
sometimes i feel deeply thankful more than usual.,joy,6
i feel deeply lonely,loneliness,7
i think i'm irritated right now.,anger,0
i keep feeling extremely useless and i can't shake it.,low_self_esteem,8
right now i'm somewhat fearful more than usual.,anxiety,1
lately i feel kind of unattractive.,body_image_issue,2
i just feel kind of worthless and i can't shake it.,low_self_esteem,8
it seems i'm very exhausted from work honestly.,burnout,3
i just feel disgusting in the mirror.,body_image_issue,2
i'm quite worried...,anxiety,1
right now i'm so lonely right now.,loneliness,7
tbh i'm quite like a failure...,low_self_esteem,8
these days i feel extremely horrible about how i look right now.,body_image_issue,2
tbh i'm isolated right now.,loneliness,7
i've been totally exhausted from work right now.,burnout,3
i'm really so done...,burnout,3
lately i feel nervous i don't know why.,anxiety,1
it seems i'm quite shaky and i can't shake it.,anxiety,1
angry...,anger,0
i've been somewhat numb and i can't shake it.,depression,4
i keep feeling totally run down these days.,stress,11
i'm extremely heartbroken more than usual.,sadness,10
i am completely miserable honestly.,sadness,10
i keep feeling deeply scared i'll fail my exam these days.,exam_stress,5
i'm really a bit running on empty and i can't shake it.,burnout,3
it seems i'm very low right now.,sadness,10
i just feel miserable...,sadness,10
really like i don't matter honestly.,low_self_esteem,8
tbh i'm totally disconnected today.,loneliness,7
right now i'm totally grateful i don't know why.,joy,6
neutral more than usual.,neutral,9
i just feel incredibly miserable honestly.,sadness,10
sometimes i feel quite drained right now.,burnout,3
i think i'm kind of just chilling i don't know why.,neutral,9
i think i'm very stressed and i can't shake it.,stress,11
these days i feel very pissed off...,anger,0
right now i'm incredibly balanced,neutral,9
i've been quite blessed lately.,joy,6
today i feel extremely calm...,neutral,9
i am really tense i don't know why.,anxiety,1
it seems i'm totally like giving up right now.,depression,4
lately i feel totally hopeless right now.,depression,4
right now i'm incredibly overwhelmed right now.,stress,11
lately i feel really fried,burnout,3
i've been depleted...,burnout,3
i feel so grateful right now.,joy,6
i am kind of done and i can't shake it.,burnout,3
i keep feeling extremely miserable i don't know why.,sadness,10
i keep feeling completely ugly...,body_image_issue,2
tbh i'm somewhat annoyed honestly.,anger,0
lately i feel really sad lately.,sadness,10
it seems i'm very in a good mood right now.,joy,6
i've been totally drained of meaning right now.,depression,4
i've been very anxious about my upcoming exam these days.,exam_stress,5
i'm really quite blue and i can't shake it.,sadness,10
it seems i'm completely run down,stress,11
tbh i'm completely frustrated these days.,anger,0
i think i'm like i don't matter lately.,low_self_esteem,8
lately i feel totally anxious today.,anxiety,1
i'm deeply disconnected i don't know why.,loneliness,7
i'm really so cheerful honestly.,joy,6
tbh i'm under pressure right now.,stress,11
lately i feel extremely scared i'll fail my exam more than usual.,exam_stress,5
i think i'm totally drained right now.,burnout,3
lately i feel so worried about the test lately.,exam_stress,5
i keep feeling extremely overwhelmed by studying...,exam_stress,5
it seems i'm deeply like i don't matter honestly.,low_self_esteem,8
today i feel very run down today.,stress,11
lately i feel extremely okay,neutral,9
i'm really extremely overwhelmed by studying more than usual.,exam_stress,5
i've been extremely unattractive...,body_image_issue,2
it seems i'm so forgotten more than usual.,loneliness,7
today i feel completely anxious about my upcoming exam these days.,exam_stress,5
right now i'm a bit hopeless,depression,4
it seems i'm very content these days.,joy,6
these days i feel at ease these days.,neutral,9
i've been extremely furious lately.,anger,0
somewhat normal,neutral,9
i'm extremely insecure about my appearance i don't know why.,body_image_issue,2
i feel completely run down.,stress,11
it seems i'm really cheerful honestly.,joy,6
i am completely exhausted from work and i can't shake it.,burnout,3
i am quite like a failure...,low_self_esteem,8
"honestly, i'm gloomy right now.",sadness,10
i just feel extremely done lately.,burnout,3
i'm extremely apprehensive honestly.,anxiety,1
tbh i'm quite down right now.,sadness,10
i am incredibly hopeless i don't know why.,depression,4
today i feel a bit joyful today.,joy,6
today i feel so emotionally exhausted,burnout,3
i keep feeling totally ugly right now.,body_image_issue,2
i keep feeling totally fat lately.,body_image_issue,2
i feel somewhat overwhelmed i don't know why.,stress,11
i feel quite panicking about finals right now.,exam_stress,5
sometimes i feel incredibly anxious about my upcoming exam.,exam_stress,5
i think i'm completely burnt out,burnout,3
i keep feeling quite miserable...,sadness,10
i'm really kind of scared i'll fail my exam lately.,exam_stress,5
i think i'm totally run down i don't know why.,stress,11
"honestly, i'm deeply upset",sadness,10
sometimes i feel extremely okay and i can't shake it.,neutral,9
i think i'm totally down more than usual.,sadness,10
lately i feel really by myself and i can't shake it.,loneliness,7
i feel kind of worthless honestly.,low_self_esteem,8
i feel deeply neutral i don't know why.,neutral,9
lately i feel quite unattractive i don't know why.,body_image_issue,2
kind of blue right now.,sadness,10
i'm really really invisible.,loneliness,7
tbh i'm completely scared and i can't shake it.,anxiety,1
i'm really extremely overwhelmed lately.,stress,11
right now i'm somewhat alone honestly.,loneliness,7
these days i feel horrible about how i look these days.,body_image_issue,2
i feel really normal.,neutral,9
i've been a bit gloomy.,sadness,10
it seems i'm incredibly apprehensive today.,anxiety,1
sometimes i feel extremely like nobody likes me more than usual.,low_self_esteem,8
i think i'm extremely miserable,sadness,10
"honestly, i wish i looked different...",body_image_issue,2
i'm really so without purpose more than usual.,depression,4
lately i feel a bit stressed about my exams lately.,exam_stress,5
"honestly, i'm so pleased i don't know why.",joy,6
tbh i'm calm honestly.,neutral,9
i feel so ugly these days.,body_image_issue,2
i'm really really disgusting in the mirror and i can't shake it.,body_image_issue,2
i feel quite optimistic i don't know why.,joy,6
i'm so calm today.,neutral,9
i keep feeling somewhat overwhelmed by studying more than usual.,exam_stress,5
i keep feeling totally just chilling these days.,neutral,9
i feel incredibly lonely,loneliness,7
today i feel somewhat low these days.,sadness,10
sometimes i feel very fuming lately.,anger,0
these days i feel totally scared i'll fail my exam more than usual.,exam_stress,5
i've been empty...,depression,4
i'm kind of like giving up right now.,depression,4
these days i feel totally down lately.,sadness,10
i am really heartbroken...,sadness,10
sometimes i feel grateful and i can't shake it.,joy,6
"honestly, i'm deeply disconnected and i can't shake it.",loneliness,7
right now i'm very tearful and i can't shake it.,sadness,10
sometimes i feel quite angry more than usual.,anger,0
i've been deeply stupid lately.,low_self_esteem,8
i keep feeling anxious about my upcoming exam more than usual.,exam_stress,5
these days i feel deeply lonely i don't know why.,loneliness,7
i think i'm completely drained of meaning and i can't shake it.,depression,4
i feel very worried about the test these days.,exam_stress,5
it seems i'm so not good enough and i can't shake it.,low_self_esteem,8
on edge more than usual.,anxiety,1
lately i feel quite on edge i don't know why.,anxiety,1
it seems i'm swamped.,stress,11
i've been somewhat fine right now.,neutral,9
i keep feeling really normal.,neutral,9
i'm really really alright today.,neutral,9
i feel quite sad these days.,sadness,10
i just feel really furious i don't know why.,anger,0
i keep feeling extremely depleted...,burnout,3
sometimes i feel a bit just chilling right now.,neutral,9
i've been completely fried honestly.,burnout,3
i'm quite okay.,neutral,9
i am kind of blessed,joy,6
lately i feel completely invisible and i can't shake it.,loneliness,7
i feel very unattractive i don't know why.,body_image_issue,2
sometimes i feel completely sad i don't know why.,sadness,10
sometimes i feel incredibly drained today.,burnout,3
right now i'm somewhat mad,anger,0
i've been quite panicking about finals...,exam_stress,5
these days i feel totally depleted...,burnout,3
i've been very emotionally exhausted lately.,burnout,3
i'm really totally swamped lately.,stress,11
tense and i can't shake it.,anxiety,1
right now i'm deeply invisible right now.,loneliness,7
i am so running on empty honestly.,burnout,3
tbh i'm somewhat run down more than usual.,stress,11
these days i feel totally run down these days.,stress,11
lately i feel deeply worried,anxiety,1
i keep feeling incredibly alone today.,loneliness,7
i keep feeling incredibly ugly.,body_image_issue,2
i am incredibly like a burden honestly.,depression,4
i keep feeling really disconnected...,loneliness,7
i am deeply empty,depression,4
"honestly, i'm totally fried lately.",burnout,3
it seems i'm very insecure about my appearance honestly.,body_image_issue,2
sometimes i feel somewhat worthless these days.,low_self_esteem,8
"honestly, i'm quite horrible about how i look...",body_image_issue,2
i'm extremely anxious about my upcoming exam more than usual.,exam_stress,5
today i feel a bit exhausted from work today.,burnout,3
i am so exhausted from work these days.,burnout,3
"honestly, i'm a bit scared i'll fail my exam",exam_stress,5
i'm incredibly neutral i don't know why.,neutral,9
i feel quite tense i don't know why.,anxiety,1
i've been really horrible about how i look right now.,body_image_issue,2
i'm really incredibly fearful,anxiety,1
i keep feeling so disconnected right now.,loneliness,7
these days i feel a bit like nobody likes me right now.,low_self_esteem,8
lately i feel somewhat annoyed.,anger,0
i just feel deeply pleased today.,joy,6
extremely like a failure.,low_self_esteem,8
i've been very like a burden right now.,depression,4
i am extremely stressed about my exams...,exam_stress,5
it seems i'm somewhat uneasy these days.,anxiety,1
today i feel incredibly scared i'll fail my exam right now.,exam_stress,5
i've been incredibly furious.,anger,0
tbh i'm quite tense from work...,stress,11
"honestly, i'm extremely panicking about finals these days.",exam_stress,5
sometimes i feel deeply enraged and i can't shake it.,anger,0
"honestly, i'm somewhat overwhelmed.",stress,11
tbh i'm really optimistic...,joy,6
anxious honestly.,anxiety,1
i've been tearful honestly.,sadness,10
sometimes i feel a bit just chilling,neutral,9
right now i'm completely isolated more than usual.,loneliness,7
these days i feel kind of hopeless honestly.,depression,4
lately i feel so normal and i can't shake it.,neutral,9
sometimes i feel a bit fuming and i can't shake it.,anger,0
i am without purpose,depression,4
empty...,depression,4
i feel really nervous today.,anxiety,1
tbh i'm tense today.,anxiety,1
"honestly, i'm totally alright right now.",neutral,9
i keep feeling very overwhelmed more than usual.,stress,11
i think i'm very in a good mood more than usual.,joy,6
"honestly, i'm quite unattractive honestly.",body_image_issue,2
i'm really very worthless lately.,depression,4
i just feel deeply emotionally exhausted lately.,burnout,3
today i feel quite pissed off these days.,anger,0
i'm somewhat stressed.,stress,11
quite fuming and i can't shake it.,anger,0
i feel a bit without purpose,depression,4
i keep feeling incredibly low...,sadness,10
tbh i'm deeply stupid more than usual.,low_self_esteem,8
sometimes i feel deeply overwhelmed by studying more than usual.,exam_stress,5
sometimes i feel quite numb these days.,depression,4
i've been really anxious about my upcoming exam more than usual.,exam_stress,5
i'm really so angry right now.,anger,0
"honestly, i'm so annoyed and i can't shake it.",anger,0
i am quite miserable lately.,sadness,10
i keep feeling so like a burden honestly.,depression,4
tbh i'm extremely ashamed of my body these days.,body_image_issue,2
i've been quite insecure about my appearance these days.,body_image_issue,2
i've been deeply cheerful,joy,6
sometimes i feel deeply useless,low_self_esteem,8
i am totally run down...,stress,11
extremely pissed off.,anger,0
tbh i'm quite empty...,depression,4
right now i'm really swamped and i can't shake it.,stress,11
i'm deeply empty right now.,depression,4
sometimes i feel really by myself...,loneliness,7
today i feel completely run down,stress,11
i am incredibly sad.,sadness,10
sometimes i feel gloomy right now.,sadness,10
i think i'm deeply shaky and i can't shake it.,anxiety,1
sometimes i feel kind of worried honestly.,anxiety,1
today i feel deeply worried about the test lately.,exam_stress,5
i am really resentful.,anger,0
i think i'm incredibly neutral right now.,neutral,9
i'm quite drained honestly.,burnout,3
i think i'm emotionally exhausted.,burnout,3
lately i feel extremely nervous today.,anxiety,1
today i feel completely neutral lately.,neutral,9
i am completely mad...,anger,0
incredibly grateful honestly.,joy,6
i am totally fuming right now.,anger,0
a bit insecure about my appearance,body_image_issue,2
i'm extremely miserable these days.,sadness,10
sometimes i feel quite glad lately.,joy,6
these days i feel incredibly fine honestly.,neutral,9
today i feel so panicking about finals i don't know why.,exam_stress,5
i'm quite at ease...,neutral,9
i am deeply down right now.,sadness,10
i am deeply fried right now.,burnout,3
i'm really empty.,depression,4
today i feel so apprehensive lately.,anxiety,1
i've been quite left out i don't know why.,loneliness,7
i'm really incredibly scared right now.,anxiety,1
i feel somewhat useless right now.,low_self_esteem,8
i'm really kind of panicky i don't know why.,anxiety,1
i feel incredibly thankful these days.,joy,6
"honestly, i'm really stupid.",low_self_esteem,8
tbh i'm somewhat joyful lately.,joy,6
i am somewhat buried in tasks more than usual.,stress,11
i feel really like nobody likes me lately.,low_self_esteem,8
i'm quite useless more than usual.,low_self_esteem,8
somewhat emotionally exhausted i don't know why.,burnout,3
i am a bit grateful honestly.,joy,6
i've been deeply insecure about my appearance right now.,body_image_issue,2
i just feel kind of like i don't matter,low_self_esteem,8
tbh i'm really sad honestly.,sadness,10
these days i feel extremely emotionally exhausted these days.,burnout,3
right now i'm quite blue these days.,sadness,10
right now i'm deeply empty right now.,depression,4
sometimes i feel kind of panicking about finals...,exam_stress,5
right now i'm a bit like there's no point...,depression,4
"honestly, i'm quite forgotten.",loneliness,7
today i feel so like i don't matter...,low_self_esteem,8
right now i'm extremely scared honestly.,anxiety,1
i am so anxious about my upcoming exam,exam_stress,5
tbh i'm quite ashamed of my body i don't know why.,body_image_issue,2
i keep feeling very calm.,neutral,9
i'm completely drained of meaning right now.,depression,4
lately i feel very scared i'll fail my exam today.,exam_stress,5
lately i feel a bit unhappy more than usual.,sadness,10
tbh i'm deeply scared i'll fail my exam i don't know why.,exam_stress,5
lately i feel somewhat fried i don't know why.,burnout,3
these days i feel kind of like nothing matters these days.,depression,4
i feel quite like a failure.,low_self_esteem,8
i'm very disgusting in the mirror honestly.,body_image_issue,2
"honestly, i'm very stressed about my exams honestly.",exam_stress,5
today i feel totally stupid and i can't shake it.,low_self_esteem,8
sometimes i feel quite miserable more than usual.,sadness,10
sometimes i feel deeply stressed about my exams i don't know why.,exam_stress,5
these days i feel kind of pleased.,joy,6
lately i feel quite ashamed of my body.,body_image_issue,2
i keep feeling a bit depleted i don't know why.,burnout,3
sometimes i feel so frustrated today.,anger,0
today i feel kind of cheerful lately.,joy,6
i've been totally exhausted from work...,burnout,3
i've been quite gloomy.,sadness,10
sometimes i feel completely horrible about how i look lately.,body_image_issue,2
i am a bit nervous today.,anxiety,1
sometimes i feel really exhausted from work and i can't shake it.,burnout,3
i'm really quite grateful and i can't shake it.,joy,6
today i feel totally down and i can't shake it.,sadness,10
today i feel alone i don't know why.,loneliness,7
i've been completely lonely and i can't shake it.,loneliness,7
i've been deeply fuming today.,anger,0
i feel really afraid right now.,anxiety,1
i am kind of lonely honestly.,loneliness,7
i am a bit like i don't matter,low_self_esteem,8
i'm totally like giving up lately.,depression,4
it seems i'm completely calm,neutral,9
i feel completely calm more than usual.,neutral,9
"honestly, i'm very emotionally exhausted today.",burnout,3
i am a bit disgusting in the mirror lately.,body_image_issue,2
i just feel incredibly like nothing matters these days.,depression,4
i am deeply afraid these days.,anxiety,1
it seems i'm completely alright,neutral,9
i just feel totally swamped more than usual.,stress,11
i'm totally pissed off these days.,anger,0
miserable honestly.,sadness,10
i'm deeply apprehensive...,anxiety,1
sometimes i feel quite worried about the test more than usual.,exam_stress,5
i feel deeply content more than usual.,joy,6
lately i feel somewhat horrible about how i look today.,body_image_issue,2
i'm stressed about my exams more than usual.,exam_stress,5
i feel a bit unhappy i don't know why.,sadness,10
today i feel extremely forgotten.,loneliness,7
incredibly fine more than usual.,neutral,9
"honestly, i'm incredibly panicking about finals.",exam_stress,5
like i don't matter and i can't shake it.,low_self_esteem,8
i'm really totally fried more than usual.,burnout,3
right now i'm a bit under pressure and i can't shake it.,stress,11
i think i'm completely worried...,anxiety,1
these days i feel somewhat drained honestly.,burnout,3
lately i feel a bit overwhelmed by studying right now.,exam_stress,5
lately i feel extremely disconnected more than usual.,loneliness,7
"honestly, people keep pushing my buttons...",anger,0
i'm incredibly like a burden.,depression,4
i just feel really unhappy honestly.,sadness,10
i'm really deeply irritated lately.,anger,0
i feel extremely fat today.,body_image_issue,2
tbh i'm quite uneasy more than usual.,anxiety,1
today i feel very thankful lately.,joy,6
i feel really irritated and i can't shake it.,anger,0
i'm really totally horrible about how i look,body_image_issue,2
i'm really incredibly insecure about my appearance i don't know why.,body_image_issue,2
i feel extremely like nobody likes me i don't know why.,low_self_esteem,8
tbh i'm kind of annoyed more than usual.,anger,0
i'm incredibly annoyed these days.,anger,0
i keep feeling incredibly burnt out.,burnout,3
i just feel incredibly on edge these days.,anxiety,1
sometimes i feel incredibly left out.,loneliness,7
i feel deeply stressed about my exams these days.,exam_stress,5
today i feel quite apprehensive lately.,anxiety,1
sometimes i feel a bit emotionally exhausted lately.,burnout,3
incredibly calm lately.,neutral,9
i am quite under pressure and i can't shake it.,stress,11
these days i feel extremely emotionally exhausted lately.,burnout,3
these days i feel done and i can't shake it.,burnout,3
very optimistic i don't know why.,joy,6
i keep feeling without purpose today.,depression,4
it seems i'm really afraid and i can't shake it.,anxiety,1
these days i feel completely happy,joy,6
lately i feel incredibly worried,anxiety,1
i keep feeling somewhat alright.,neutral,9
today i feel totally pissed off lately.,anger,0
sometimes i feel really isolated today.,loneliness,7
these days i feel alright i don't know why.,neutral,9
i just feel a bit afraid.,anxiety,1
lately i feel so panicking about finals.,exam_stress,5
i've been so pissed off honestly.,anger,0
"honestly, i'm so like i don't matter lately.",low_self_esteem,8
it seems i'm upset honestly.,sadness,10
"honestly, i'm extremely like nothing matters more than usual.",depression,4
sometimes i feel completely joyful right now.,joy,6
it seems i'm quite drained,burnout,3
"honestly, i'm deeply blessed these days.",joy,6
today i feel completely ugly lately.,body_image_issue,2
i think i'm deeply insecure about my appearance...,body_image_issue,2
i feel stupid,low_self_esteem,8
i'm really totally worthless,depression,4
i keep feeling so exhausted from work.,burnout,3
right now i'm a bit afraid today.,anxiety,1
tbh i'm fried,burnout,3
i'm really worried about the test...,exam_stress,5
i just feel so thankful lately.,joy,6
i am so invisible and i can't shake it.,loneliness,7
i feel on edge today.,anxiety,1
i've been completely worried about the test and i can't shake it.,exam_stress,5
kind of pressured i don't know why.,stress,11
i am kind of uneasy,anxiety,1
these days i feel so normal honestly.,neutral,9
sometimes i feel very like a burden and i can't shake it.,depression,4
"honestly, i'm a bit like i don't matter more than usual.",low_self_esteem,8
i'm annoyed more than usual.,anger,0
really irritated and i can't shake it.,anger,0
i'm completely under pressure i don't know why.,stress,11
sometimes i feel really worried about the test right now.,exam_stress,5
tbh i'm fried these days.,burnout,3
lately i feel very like there's no point lately.,depression,4
"honestly, i'm a bit smiling these days.",joy,6
sometimes i feel totally tense lately.,anxiety,1
sometimes i feel unattractive i don't know why.,body_image_issue,2
right now i'm a bit disconnected lately.,loneliness,7
i'm really a bit like giving up right now.,depression,4
i've been kind of tearful...,sadness,10
so stressed about my exams.,exam_stress,5
i am a bit unhappy...,sadness,10
i'm really fine honestly.,neutral,9
so stressed,stress,11
today i feel kind of frustrated honestly.,anger,0
i keep feeling quite alright...,neutral,9
i am completely forgotten and i can't shake it.,loneliness,7
sometimes i feel so not good enough more than usual.,low_self_esteem,8
it seems i'm completely buried in tasks today.,stress,11
i feel a bit alright honestly.,neutral,9
i'm really extremely like i don't matter right now.,low_self_esteem,8
very cheerful right now.,joy,6
sometimes i feel extremely melancholic lately.,sadness,10
i am run down more than usual.,stress,11
it seems i'm somewhat anxious about my upcoming exam right now.,exam_stress,5
it seems i'm really neutral lately.,neutral,9
today i feel a bit isolated i don't know why.,loneliness,7
i'm very insecure about myself these days.,low_self_esteem,8
i just feel incredibly sad,sadness,10
i'm really quite run down.,stress,11
incredibly left out...,loneliness,7
lately i feel a bit fried more than usual.,burnout,3
i keep feeling quite uneasy i don't know why.,anxiety,1
i feel really stressed honestly.,stress,11
right now i'm quite alone.,loneliness,7
very drained more than usual.,burnout,3
i think i'm so anxious and i can't shake it.,anxiety,1
lately i feel extremely without purpose more than usual.,depression,4
lately i feel quite unhappy...,sadness,10
very alright today.,neutral,9
i'm really deeply like a burden more than usual.,depression,4
i am fried and i can't shake it.,burnout,3
i used to love my job and now i dread it.,burnout,3
i'm really enraged honestly.,anger,0
these days i feel deeply buried in tasks lately.,stress,11
i feel at ease right now.,neutral,9
sometimes i feel empty i don't know why.,depression,4
today i feel really depleted these days.,burnout,3
sometimes i feel extremely pressured right now.,stress,11
it seems i'm upset,sadness,10
right now i'm kind of anxious about my upcoming exam these days.,exam_stress,5
i feel very unhappy.,sadness,10
lately i feel deeply neutral right now.,neutral,9
"honestly, i'm completely burnt out...",burnout,3
"honestly, i'm completely light-hearted honestly.",joy,6
these days i feel very resentful and i can't shake it.,anger,0
lately i feel so burnt out lately.,burnout,3
today i feel quite drained i don't know why.,burnout,3
i feel very calm i don't know why.,neutral,9
right now i'm quite like there's no point...,depression,4
right now i'm totally joyful i don't know why.,joy,6
it seems i'm deeply neutral lately.,neutral,9
these days i feel totally blessed i don't know why.,joy,6
i keep feeling without purpose and i can't shake it.,depression,4
extremely useless today.,low_self_esteem,8
i feel completely panicking about finals today.,exam_stress,5
i feel completely smiling and i can't shake it.,joy,6
tbh i'm incredibly hopeless more than usual.,depression,4
really unhappy,sadness,10
"honestly, i'm incredibly panicking about finals these days.",exam_stress,5
sometimes i feel completely down i don't know why.,sadness,10
right now i'm totally grateful right now.,joy,6
i'm really totally like nobody likes me more than usual.,low_self_esteem,8
i feel really irritated more than usual.,anger,0
it seems i'm kind of enraged today.,anger,0
i am so insecure about myself.,low_self_esteem,8
it seems i'm deeply gloomy.,sadness,10
lately i feel extremely fearful and i can't shake it.,anxiety,1
sometimes i feel completely useless.,low_self_esteem,8
i am totally pressured today.,stress,11
today i feel extremely fat right now.,body_image_issue,2
today i feel very balanced,neutral,9
tbh i have no energy and no will to do anything...,depression,4
i've been really low lately.,sadness,10
sometimes i feel incredibly stupid lately.,low_self_esteem,8
sometimes i feel a bit nervous lately.,anxiety,1
i've been a bit horrible about how i look honestly.,body_image_issue,2
lately i feel so hopeless i don't know why.,depression,4
i keep feeling panicking about finals and i can't shake it.,exam_stress,5
i keep feeling very overwhelmed by studying lately.,exam_stress,5
today i feel very tense from work i don't know why.,stress,11
i'm really forgotten and i can't shake it.,loneliness,7
i keep feeling balanced lately.,neutral,9
i am completely at ease right now.,neutral,9
right now i'm incredibly overwhelmed by studying,exam_stress,5
i feel deeply empty honestly.,depression,4
lately i feel kind of overwhelmed more than usual.,stress,11
i'm really somewhat fried today.,burnout,3
i'm really thankful and i can't shake it.,joy,6
tbh i'm melancholic i don't know why.,sadness,10
i feel somewhat fat...,body_image_issue,2
i keep feeling totally enraged.,anger,0
sometimes i feel completely buried in tasks honestly.,stress,11
i just feel kind of glad honestly.,joy,6
it seems i'm incredibly joyful today.,joy,6
i've been extremely stupid today.,low_self_esteem,8
i just feel extremely buried in tasks right now.,stress,11
i've been completely burnt out,burnout,3
i feel completely disconnected and i can't shake it.,loneliness,7
today i feel very left out more than usual.,loneliness,7
lately i feel kind of grateful today.,joy,6
incredibly delighted.,joy,6
i am kind of angry lately.,anger,0
i'm really completely overwhelmed by studying,exam_stress,5
"honestly, i'm very depleted...",burnout,3
i'm really a bit like i don't matter today.,low_self_esteem,8
i keep feeling completely left out honestly.,loneliness,7
these days i feel totally panicky and i can't shake it.,anxiety,1
i just feel totally disgusting in the mirror these days.,body_image_issue,2
"honestly, i'm kind of balanced...",neutral,9
i am quite fuming honestly.,anger,0
i am deeply blessed...,joy,6
these days i feel completely light-hearted...,joy,6
sometimes i feel quite sad today.,sadness,10
tbh i'm quite stupid i don't know why.,low_self_esteem,8
lately i feel totally anxious about my upcoming exam.,exam_stress,5
i feel completely okay i don't know why.,neutral,9
right now i'm totally lonely.,loneliness,7
it seems i'm very afraid and i can't shake it.,anxiety,1
sometimes i feel incredibly drained of meaning...,depression,4
these days i feel kind of exhausted from work...,burnout,3
tbh i'm completely like nothing matters,depression,4
today i feel incredibly at ease these days.,neutral,9
i'm quite uneasy today.,anxiety,1
today i feel so invisible right now.,loneliness,7
today i feel deeply isolated i don't know why.,loneliness,7
i am very panicking about finals and i can't shake it.,exam_stress,5
it seems i'm somewhat unhappy today.,sadness,10
i just feel completely like a failure honestly.,low_self_esteem,8
it seems i'm totally done.,burnout,3
i'm really totally stressed about my exams these days.,exam_stress,5
i've been incredibly neutral honestly.,neutral,9
i keep feeling very irritated right now.,anger,0
lately i feel deeply heartbroken,sadness,10
"honestly, i'm somewhat neutral these days.",neutral,9
"honestly, i'm a bit fat...",body_image_issue,2
i am totally drained today.,burnout,3
it seems i'm somewhat burnt out lately.,burnout,3
today i feel quite in a good mood i don't know why.,joy,6
i am incredibly under pressure.,stress,11
i think i'm really smiling lately.,joy,6
incredibly furious more than usual.,anger,0
it seems i'm somewhat drained lately.,burnout,3
i'm kind of sad and i can't shake it.,sadness,10
lately i feel kind of furious and i can't shake it.,anger,0
i keep feeling ashamed of my body right now.,body_image_issue,2
i think i'm very by myself lately.,loneliness,7
lately i feel useless these days.,low_self_esteem,8
i keep feeling very unhappy lately.,sadness,10
i am really balanced i don't know why.,neutral,9
i'm really totally scared i'll fail my exam more than usual.,exam_stress,5
tbh i'm really like there's no point...,depression,4
i feel incredibly worried about the test more than usual.,exam_stress,5
tbh i'm really annoyed...,anger,0
lately i feel quite invisible more than usual.,loneliness,7
i'm really deeply normal i don't know why.,neutral,9
i just feel somewhat like there's no point...,depression,4
i just feel extremely on edge and i can't shake it.,anxiety,1
i'm really panicky lately.,anxiety,1
i am deeply on edge today.,anxiety,1
sometimes i feel deeply ugly...,body_image_issue,2
somewhat angry honestly.,anger,0
i feel completely like a burden more than usual.,depression,4
i'm really somewhat on edge i don't know why.,anxiety,1
i keep feeling somewhat angry these days.,anger,0
these days i feel quite fat honestly.,body_image_issue,2
i just feel so horrible about how i look today.,body_image_issue,2
it seems i'm very hopeless these days.,depression,4
i just feel deeply done right now.,burnout,3
i think i'm incredibly nervous,anxiety,1
i'm quite at ease lately.,neutral,9
today i feel completely exhausted from work right now.,burnout,3
i just feel somewhat run down honestly.,stress,11
it seems i'm completely panicking about finals i don't know why.,exam_stress,5
these days i feel somewhat angry honestly.,anger,0
these days i feel incredibly ashamed of my body honestly.,body_image_issue,2
i think i'm a bit depleted lately.,burnout,3
i think i'm somewhat frustrated and i can't shake it.,anger,0
sometimes i feel deeply worthless right now.,depression,4
i keep feeling completely emotionally exhausted lately.,burnout,3
i feel very like nothing matters more than usual.,depression,4
i think i'm really stressed about my exams,exam_stress,5
i am totally invisible and i can't shake it.,loneliness,7
lately i feel totally down lately.,sadness,10
i feel incredibly thankful lately.,joy,6
i think i'm completely running on empty today.,burnout,3
sometimes i feel a bit thankful...,joy,6
i feel incredibly annoyed more than usual.,anger,0
i'm really quite ashamed of my body.,body_image_issue,2
i feel a bit overwhelmed...,stress,11
i'm really cheerful right now.,joy,6
i just feel quite emotionally exhausted and i can't shake it.,burnout,3
very alright lately.,neutral,9
lately i feel so like there's no point,depression,4
really enraged lately.,anger,0
i feel really stressed lately.,stress,11
these days i feel a bit resentful i don't know why.,anger,0
these days i feel incredibly without purpose more than usual.,depression,4
i feel somewhat upset today.,sadness,10
right now i'm a bit tense from work today.,stress,11
"honestly, i'm kind of calm today.",neutral,9
i am a bit like i don't matter lately.,low_self_esteem,8
i've been so isolated,loneliness,7
i am completely mad and i can't shake it.,anger,0
i'm deeply done these days.,burnout,3
"honestly, i'm deeply hopeless these days.",depression,4
lately i feel deeply scared.,anxiety,1
i feel deeply mad and i can't shake it.,anger,0
i think i'm irritated i don't know why.,anger,0
very cheerful honestly.,joy,6
i think i'm stressed about my exams today.,exam_stress,5
i'm quite content today.,joy,6
i feel kind of scared i'll fail my exam honestly.,exam_stress,5
right now i'm incredibly tearful i don't know why.,sadness,10
i'm really so ashamed of my body more than usual.,body_image_issue,2
these days i feel extremely emotionally exhausted and i can't shake it.,burnout,3
it seems i'm quite annoyed lately.,anger,0
i feel totally just chilling today.,neutral,9
tbh i'm completely depleted i don't know why.,burnout,3
i'm really completely down right now.,sadness,10
right now i'm so like i don't matter lately.,low_self_esteem,8
today i feel kind of done...,burnout,3
i'm worthless i don't know why.,low_self_esteem,8
i'm really so delighted.,joy,6
i'm completely swamped today.,stress,11
"honestly, i'm really frustrated...",anger,0
tbh i'm deeply worried about the test more than usual.,exam_stress,5
these days i feel incredibly like a failure and i can't shake it.,low_self_esteem,8
today i feel so fuming lately.,anger,0
i'm incredibly upset i don't know why.,sadness,10
i just feel deeply tense from work.,stress,11
i feel kind of run down these days.,stress,11
i just feel very numb,depression,4
i just feel kind of hopeless honestly.,depression,4
it seems i'm extremely optimistic today.,joy,6
i've been quite running on empty i don't know why.,burnout,3
i keep feeling fried right now.,burnout,3
i just feel kind of pressured right now.,stress,11
it seems i'm somewhat neutral lately.,neutral,9
very resentful honestly.,anger,0
tbh i'm somewhat done and i can't shake it.,burnout,3
lately i feel kind of unattractive right now.,body_image_issue,2
sometimes i feel very worthless honestly.,depression,4
it seems i'm completely frustrated right now.,anger,0
i've been fuming i don't know why.,anger,0
somewhat on edge more than usual.,anxiety,1
right now i'm incredibly low right now.,sadness,10
tbh i'm kind of under pressure more than usual.,stress,11
i feel so content more than usual.,joy,6
i've been totally empty.,depression,4
i'm really totally burnt out more than usual.,burnout,3
i am extremely panicking about finals today.,exam_stress,5
right now i'm incredibly emotionally exhausted lately.,burnout,3
i've been completely worried about the test right now.,exam_stress,5
right now i'm somewhat exhausted from work...,burnout,3
"honestly, i'm so scared and i can't shake it.",anxiety,1
it seems i'm a bit happy lately.,joy,6
right now i'm really alright and i can't shake it.,neutral,9
i've been incredibly useless i don't know why.,low_self_esteem,8
i've been very overwhelmed by studying these days.,exam_stress,5
i am deeply swamped,stress,11
i am completely just chilling right now.,neutral,9
i'm incredibly scared these days.,anxiety,1
today i feel ashamed of my body...,body_image_issue,2
i keep feeling horrible about how i look...,body_image_issue,2
i am incredibly unattractive more than usual.,body_image_issue,2
these days i feel very disconnected.,loneliness,7
i feel really useless lately.,low_self_esteem,8
i feel kind of swamped right now.,stress,11
i am extremely insecure about myself lately.,low_self_esteem,8
i keep feeling completely horrible about how i look,body_image_issue,2
right now i'm extremely exhausted from work,burnout,3
it seems i'm quite low.,sadness,10
"honestly, i'm completely panicking about finals.",exam_stress,5
sometimes i feel a bit forgotten these days.,loneliness,7
i'm really really in a good mood.,joy,6
today i feel deeply ashamed of my body.,body_image_issue,2
i feel totally disgusting in the mirror more than usual.,body_image_issue,2
a bit fat.,body_image_issue,2
i am really low more than usual.,sadness,10
sometimes i feel deeply like i don't matter and i can't shake it.,low_self_esteem,8
i keep feeling completely heartbroken more than usual.,sadness,10
i'm really a bit enraged these days.,anger,0
tbh i'm extremely enraged and i can't shake it.,anger,0
tbh i'm very cheerful i don't know why.,joy,6
deeply shaky more than usual.,anxiety,1
"honestly, i'm incredibly cheerful honestly.",joy,6
i am really depleted today.,burnout,3
right now i'm totally worried about the test lately.,exam_stress,5
it seems i'm kind of swamped.,stress,11
i just feel very blue lately.,sadness,10
extremely afraid i don't know why.,anxiety,1
somewhat anxious about my upcoming exam these days.,exam_stress,5
sometimes i feel quite stressed today.,stress,11
i feel deeply stressed about my exams,exam_stress,5
today i feel incredibly insecure about my appearance i don't know why.,body_image_issue,2
i think i'm incredibly like nothing matters i don't know why.,depression,4
i think i'm completely scared i'll fail my exam...,exam_stress,5
right now i'm deeply anxious about my upcoming exam.,exam_stress,5
i just feel deeply worried about the test these days.,exam_stress,5
i'm really extremely panicky more than usual.,anxiety,1
sometimes i feel extremely worthless lately.,depression,4
sometimes i feel really insecure about my appearance...,body_image_issue,2
lately i feel very like a burden more than usual.,depression,4
"honestly, i'm thankful...",joy,6
today i feel quite isolated right now.,loneliness,7
it seems i'm kind of in a good mood today.,joy,6
these days i feel somewhat invisible...,loneliness,7
incredibly anxious about my upcoming exam right now.,exam_stress,5
i've been very depleted honestly.,burnout,3
i'm really totally pressured right now.,stress,11
it seems i'm very enraged and i can't shake it.,anger,0
tbh i'm really anxious right now.,anxiety,1
i feel fried.,burnout,3
i am kind of fat these days.,body_image_issue,2
i'm very ugly,body_image_issue,2
i feel deeply invisible honestly.,loneliness,7
tbh i'm very left out these days.,loneliness,7
it seems i'm totally glad more than usual.,joy,6
tbh i'm somewhat depleted today.,burnout,3
i just feel extremely ashamed of my body and i can't shake it.,body_image_issue,2
tbh i'm so disgusting in the mirror these days.,body_image_issue,2
i'm really very disgusting in the mirror,body_image_issue,2
i think i'm somewhat drained more than usual.,burnout,3
kind of stupid lately.,low_self_esteem,8
tbh i'm quite panicky more than usual.,anxiety,1
it seems i'm kind of unhappy honestly.,sadness,10
lately i feel extremely not good enough more than usual.,low_self_esteem,8
these days i feel running on empty,burnout,3
i think i'm really stressed today.,stress,11
tbh i'm totally annoyed lately.,anger,0
lately i feel kind of fine today.,neutral,9
i keep feeling a bit thankful and i can't shake it.,joy,6
sometimes i feel completely invisible.,loneliness,7
sometimes i feel really hopeless these days.,depression,4
today i feel deeply fat i don't know why.,body_image_issue,2
these days i feel somewhat isolated right now.,loneliness,7
i'm totally invisible these days.,loneliness,7
i'm quite fearful today.,anxiety,1
"honestly, i'm quite emotionally exhausted",burnout,3
"honestly, i'm completely fat more than usual.",body_image_issue,2
sometimes i feel incredibly shaky,anxiety,1
i'm really really scared i'll fail my exam and i can't shake it.,exam_stress,5
it seems i'm somewhat disconnected.,loneliness,7
lately i feel completely fat right now.,body_image_issue,2
i've been extremely worthless today.,depression,4
today i feel quite emotionally exhausted lately.,burnout,3
i'm really a bit lonely...,loneliness,7
these days i feel deeply like nothing matters,depression,4
i am extremely exhausted from work today.,burnout,3
i think i'm totally delighted right now.,joy,6
"honestly, i'm somewhat melancholic right now.",sadness,10
i am somewhat forgotten,loneliness,7
ngl finals week is destroying me :(,exam_stress,5
today i feel very panicking about finals i don't know why.,exam_stress,5
lately i feel incredibly resentful honestly.,anger,0
tbh i'm a bit pressured...,stress,11
sometimes i feel kind of miserable,sadness,10
somewhat fried today.,burnout,3
today i feel emotionally exhausted today.,burnout,3
i've been deeply gloomy more than usual.,sadness,10
these days i feel extremely by myself and i can't shake it.,loneliness,7
i'm really apprehensive and i can't shake it.,anxiety,1
sometimes i feel completely anxious about my upcoming exam more than usual.,exam_stress,5
i am extremely drained right now.,burnout,3
i just feel kind of done honestly.,burnout,3
lately i feel very numb right now.,depression,4
i keep feeling completely invisible,loneliness,7
i've been incredibly running on empty and i can't shake it.,burnout,3
lately i feel very disconnected lately.,loneliness,7
it seems i'm so depleted...,burnout,3
i've been deeply fried i don't know why.,burnout,3
i'm really lonely these days.,loneliness,7
tbh i'm incredibly useless more than usual.,low_self_esteem,8
sometimes i feel very scared i'll fail my exam more than usual.,exam_stress,5
it seems i'm very irritated,anger,0
tbh i'm extremely buried in tasks and i can't shake it.,stress,11
i think i'm very at ease lately.,neutral,9
i think i'm really under pressure...,stress,11
sometimes i feel totally happy these days.,joy,6
tbh i'm totally smiling lately.,joy,6
right now i'm kind of not good enough...,low_self_esteem,8
lately i feel a bit blue these days.,sadness,10
today i feel very pressured right now.,stress,11
i am a bit afraid right now.,anxiety,1
it seems i'm so depleted more than usual.,burnout,3
lately i feel a bit insecure about myself more than usual.,low_self_esteem,8
today i feel furious lately.,anger,0
i just feel completely in a good mood.,joy,6
incredibly resentful today.,anger,0
i keep feeling like giving up honestly.,depression,4
i am so fried more than usual.,burnout,3
tbh i'm deeply forgotten and i can't shake it.,loneliness,7
i'm so resentful,anger,0
tbh i'm really normal,neutral,9
right now i'm a bit annoyed...,anger,0
today i feel quite under pressure honestly.,stress,11
i keep feeling totally done.,burnout,3
i'm really run down today.,stress,11
these days i feel somewhat empty lately.,depression,4
right now i'm a bit isolated.,loneliness,7
it seems i'm so at ease i don't know why.,neutral,9
these days i feel extremely disgusting in the mirror.,body_image_issue,2
today i feel very alright honestly.,neutral,9
left out more than usual.,loneliness,7
these days i feel kind of lonely i don't know why.,loneliness,7
i feel somewhat down,sadness,10
right now i'm extremely emotionally exhausted.,burnout,3
these days i feel incredibly unhappy more than usual.,sadness,10
i feel kind of worried these days.,anxiety,1
tbh i'm completely disgusting in the mirror lately.,body_image_issue,2
i've been somewhat like giving up these days.,depression,4
i am completely worried about the test i don't know why.,exam_stress,5
tbh i'm somewhat unhappy lately.,sadness,10
i keep feeling a bit overwhelmed lately.,stress,11
tbh i'm very low more than usual.,sadness,10
tbh i'm really irritated lately.,anger,0
i just feel extremely tearful honestly.,sadness,10
right now i'm quite invisible right now.,loneliness,7
these days i feel incredibly running on empty lately.,burnout,3
i keep feeling totally horrible about how i look lately.,body_image_issue,2
i'm somewhat content right now.,joy,6
deeply melancholic and i can't shake it.,sadness,10
i just feel extremely stressed about my exams lately.,exam_stress,5
incredibly worthless i don't know why.,depression,4
i just feel completely tearful lately.,sadness,10
these days i feel somewhat okay lately.,neutral,9
i think i'm kind of blue,sadness,10
i think i'm kind of blue today.,sadness,10
lately i feel kind of numb these days.,depression,4
lately i feel deeply fuming i don't know why.,anger,0
i'm really somewhat alright right now.,neutral,9
i've been extremely horrible about how i look lately.,body_image_issue,2
i think i'm a bit done today.,burnout,3
tbh i'm incredibly in a good mood today.,joy,6
i just feel really like nobody likes me right now.,low_self_esteem,8
tbh i'm somewhat exhausted from work.,burnout,3
today i feel completely enraged right now.,anger,0
i feel totally like a failure i don't know why.,low_self_esteem,8
it seems i'm enraged these days.,anger,0
today i feel a bit anxious about my upcoming exam i don't know why.,exam_stress,5
i feel very thankful...,joy,6
"honestly, i'm very light-hearted",joy,6
lately i feel deeply insecure about my appearance i don't know why.,body_image_issue,2
i feel incredibly sad right now.,sadness,10
right now i'm somewhat anxious about my upcoming exam honestly.,exam_stress,5
i keep feeling kind of worried about the test today.,exam_stress,5
i'm really totally under pressure.,stress,11
right now i'm incredibly run down honestly.,stress,11
i keep feeling incredibly hopeless today.,depression,4
sometimes i feel completely tearful.,sadness,10
i'm really a bit worthless i don't know why.,low_self_esteem,8
right now i'm extremely fearful honestly.,anxiety,1
i just feel completely scared i'll fail my exam lately.,exam_stress,5
i am deeply fuming.,anger,0
i am deeply balanced right now.,neutral,9
i am pleased...,joy,6
i'm really like i don't matter i don't know why.,low_self_esteem,8
these days i feel tense from work,stress,11
completely stupid honestly.,low_self_esteem,8
i'm completely balanced honestly.,neutral,9
i keep feeling somewhat buried in tasks these days.,stress,11
quite ashamed of my body.,body_image_issue,2
i just feel kind of disconnected honestly.,loneliness,7
i keep feeling completely angry these days.,anger,0
lately i feel very exhausted from work and i can't shake it.,burnout,3
these days i feel deeply like nobody likes me...,low_self_esteem,8
"honestly, i'm so left out.",loneliness,7
tbh i'm a bit unattractive today.,body_image_issue,2
i feel extremely smiling these days.,joy,6
i think i'm a bit smiling honestly.,joy,6
i've been very buried in tasks these days.,stress,11
lately i feel incredibly enraged these days.,anger,0
right now i'm really tearful...,sadness,10
"honestly, i'm delighted today.",joy,6
these days i feel kind of worthless and i can't shake it.,depression,4
i feel incredibly normal,neutral,9
i am incredibly okay these days.,neutral,9
i just feel incredibly nervous.,anxiety,1
it seems i'm like nobody likes me more than usual.,low_self_esteem,8
tbh i'm incredibly drained and i can't shake it.,burnout,3
i am very fat,body_image_issue,2
"honestly, everything reminds me of what i lost :(",sadness,10
sometimes i feel very useless.,low_self_esteem,8
"honestly, i'm quite run down.",stress,11
right now i'm deeply upset i don't know why.,sadness,10
it seems i'm somewhat worthless...,depression,4
today i feel a bit gloomy these days.,sadness,10
today i feel a bit alone honestly.,loneliness,7
i'm really quite frustrated today.,anger,0
i've been totally shaky more than usual.,anxiety,1
i keep feeling somewhat scared i'll fail my exam right now.,exam_stress,5
i think i'm really run down i don't know why.,stress,11
i've been somewhat shaky these days.,anxiety,1
i am kind of insecure about my appearance these days.,body_image_issue,2
i've been like there's no point more than usual.,depression,4
extremely worried about the test more than usual.,exam_stress,5
today i feel kind of scared i'll fail my exam lately.,exam_stress,5
today i feel quite by myself.,loneliness,7
it seems i'm completely anxious about my upcoming exam more than usual.,exam_stress,5
i feel a bit frustrated these days.,anger,0
these days i feel somewhat delighted more than usual.,joy,6
completely panicking about finals today.,exam_stress,5
i keep feeling totally miserable lately.,sadness,10
"honestly, i'm so useless today.",low_self_esteem,8
tbh i'm kind of fried i don't know why.,burnout,3
i feel somewhat scared i'll fail my exam and i can't shake it.,exam_stress,5
i am really overwhelmed lately.,stress,11
i keep feeling incredibly on edge lately.,anxiety,1
it seems i'm a bit miserable i don't know why.,sadness,10
i've been kind of invisible more than usual.,loneliness,7
today i feel kind of insecure about my appearance i don't know why.,body_image_issue,2
sometimes i feel totally without purpose and i can't shake it.,depression,4
i'm really completely insecure about myself more than usual.,low_self_esteem,8
i'm very anxious about my upcoming exam today.,exam_stress,5
i feel deeply burnt out,burnout,3
i keep feeling quite scared i don't know why.,anxiety,1
"honestly, i'm so insecure about my appearance these days.",body_image_issue,2
it seems i'm quite isolated these days.,loneliness,7
i think i'm quite stressed...,stress,11
i am quite scared more than usual.,anxiety,1
i'm very anxious about my upcoming exam and i can't shake it.,exam_stress,5
these days i feel deeply glad lately.,joy,6
i am kind of emotionally exhausted and i can't shake it.,burnout,3
i feel a bit neutral today.,neutral,9
today i feel very resentful,anger,0
right now i'm totally on edge i don't know why.,anxiety,1
i just feel extremely irritated and i can't shake it.,anger,0
i keep feeling very invisible...,loneliness,7
lately i feel a bit stupid i don't know why.,low_self_esteem,8
it seems i'm very like a failure right now.,low_self_esteem,8
i just feel very fried lately.,burnout,3
today i feel so annoyed...,anger,0
i think i'm totally nervous honestly.,anxiety,1
today i feel deeply annoyed honestly.,anger,0
sometimes i feel somewhat overwhelmed and i can't shake it.,stress,11
i feel very angry today.,anger,0
i think i'm really stressed about my exams and i can't shake it.,exam_stress,5
today i feel a bit enraged these days.,anger,0
today i feel swamped today.,stress,11
it seems i'm quite low honestly.,sadness,10
i am low and i can't shake it.,sadness,10
"honestly, i'm totally okay.",neutral,9
i feel so done lately.,burnout,3
i keep feeling so overwhelmed by studying.,exam_stress,5
i keep feeling kind of emotionally exhausted honestly.,burnout,3
i feel so worried about the test i don't know why.,exam_stress,5
it seems i'm very tense from work more than usual.,stress,11
i think i'm somewhat balanced,neutral,9
"honestly, i'm incredibly pressured lately.",stress,11
i'm deeply insecure about myself honestly.,low_self_esteem,8
completely scared i'll fail my exam more than usual.,exam_stress,5
"honestly, i'm kind of emotionally exhausted and i can't shake it.",burnout,3
"honestly, i'm so buried in tasks.",stress,11
very okay.,neutral,9
i keep feeling extremely neutral.,neutral,9
really cheerful and i can't shake it.,joy,6
sometimes i feel kind of normal these days.,neutral,9
these days i feel completely overwhelmed and i can't shake it.,stress,11
i think i'm completely worried about the test,exam_stress,5
tbh i'm deeply at ease and i can't shake it.,neutral,9
i'm completely alright honestly.,neutral,9
it seems i'm smiling,joy,6
today i feel quite ugly...,body_image_issue,2
i keep feeling deeply worried about the test honestly.,exam_stress,5
"honestly, i'm extremely balanced lately.",neutral,9
i am quite normal these days.,neutral,9
these days i feel quite content these days.,joy,6
i just feel somewhat stressed honestly.,stress,11
i think i'm a bit like i don't matter these days.,low_self_esteem,8
i think i'm very stupid right now.,low_self_esteem,8
i think i'm stressed about my exams more than usual.,exam_stress,5
i've been really under pressure,stress,11
right now i'm really disgusting in the mirror.,body_image_issue,2
these days i feel totally forgotten and i can't shake it.,loneliness,7
right now i'm really happy,joy,6
i'm totally like a burden,depression,4
tbh i'm quite disgusting in the mirror and i can't shake it.,body_image_issue,2
i've been deeply alone i don't know why.,loneliness,7
these days i feel really fine,neutral,9
"honestly, i'm so pressured i don't know why.",stress,11
"honestly, i'm somewhat pressured right now.",stress,11
i keep feeling totally under pressure more than usual.,stress,11
i'm quite invisible right now.,loneliness,7
it seems i'm fuming lately.,anger,0
i'm really so hopeless,depression,4
these days i feel joyful today.,joy,6
i think i'm deeply emotionally exhausted...,burnout,3
today i feel completely uneasy today.,anxiety,1
i'm extremely okay more than usual.,neutral,9
i've been quite pissed off i don't know why.,anger,0
i feel incredibly stupid lately.,low_self_esteem,8
it seems i'm extremely upset...,sadness,10
i think i'm grateful these days.,joy,6
it seems i'm quite joyful...,joy,6
right now i'm really mad,anger,0
"honestly, i'm somewhat drained...",burnout,3
i am extremely worried about the test more than usual.,exam_stress,5
i'm really incredibly anxious about my upcoming exam right now.,exam_stress,5
i keep feeling completely disconnected...,loneliness,7
these days i feel incredibly annoyed i don't know why.,anger,0
deeply afraid these days.,anxiety,1
"honestly, i'm kind of left out more than usual.",loneliness,7
i'm really deeply overwhelmed.,stress,11
i'm incredibly drained of meaning...,depression,4
right now i'm deeply emotionally exhausted lately.,burnout,3
totally panicky right now.,anxiety,1
"honestly, i'm completely isolated honestly.",loneliness,7
i just feel really not good enough i don't know why.,low_self_esteem,8
these days i feel a bit miserable and i can't shake it.,sadness,10
it seems i'm somewhat unhappy i don't know why.,sadness,10
today i feel very numb i don't know why.,depression,4
i am totally nervous lately.,anxiety,1
"honestly, i'm incredibly alone more than usual.",loneliness,7
these days i feel so numb.,depression,4
i keep feeling totally stressed about my exams i don't know why.,exam_stress,5
these days i feel incredibly insecure about myself.,low_self_esteem,8
i feel totally panicking about finals right now.,exam_stress,5
lately i feel completely low honestly.,sadness,10
deeply optimistic right now.,joy,6
i am a bit delighted i don't know why.,joy,6
i think i'm really disgusting in the mirror...,body_image_issue,2
tbh i'm very happy i don't know why.,joy,6
it seems i'm a bit pleased right now.,joy,6
i just feel extremely irritated lately.,anger,0
these days i feel a bit scared i'll fail my exam and i can't shake it.,exam_stress,5
i'm like there's no point lately.,depression,4
i think i'm incredibly uneasy i don't know why.,anxiety,1
i feel really grateful these days.,joy,6
right now i'm quite scared i'll fail my exam,exam_stress,5
today i feel run down,stress,11
right now i'm extremely sad honestly.,sadness,10
tbh i'm completely neutral right now.,neutral,9
i'm somewhat cheerful more than usual.,joy,6
somewhat insecure about myself today.,low_self_esteem,8
i just feel kind of scared.,anxiety,1
today i feel incredibly like nothing matters lately.,depression,4
i'm so swamped today.,stress,11
tbh i'm like i don't matter these days.,low_self_esteem,8
lately i feel deeply insecure about myself honestly.,low_self_esteem,8
i'm really very just chilling right now.,neutral,9
right now i'm deeply like there's no point more than usual.,depression,4
it seems i'm extremely happy...,joy,6
"honestly, i'm deeply okay these days.",neutral,9
"honestly, i'm really nervous right now.",anxiety,1
i keep feeling somewhat emotionally exhausted today.,burnout,3
tbh i'm invisible and i can't shake it.,loneliness,7
so like a failure...,low_self_esteem,8
i've been very run down,stress,11
"honestly, i'm completely disconnected these days.",loneliness,7
it seems i'm deeply run down...,stress,11
"honestly, i'm so left out more than usual.",loneliness,7
i'm really a bit like nobody likes me today.,low_self_esteem,8
i'm a bit hopeless.,depression,4
right now i'm totally disgusting in the mirror today.,body_image_issue,2
sometimes i feel totally scared,anxiety,1
sometimes i feel extremely isolated,loneliness,7
today i feel extremely fried,burnout,3
i think i'm totally alone,loneliness,7
i think i'm somewhat drained.,burnout,3
lately i feel really fine lately.,neutral,9
i think i'm quite ugly.,body_image_issue,2
today i feel completely isolated today.,loneliness,7
lately i feel disgusting in the mirror right now.,body_image_issue,2
sometimes i feel so forgotten these days.,loneliness,7
i feel very upset lately.,sadness,10
tbh i'm so alone more than usual.,loneliness,7
i'm really totally lonely these days.,loneliness,7
buried in tasks.,stress,11
i think i'm extremely like there's no point.,depression,4
i think i'm somewhat just chilling,neutral,9
lately i feel very scared and i can't shake it.,anxiety,1
i'm extremely tense from work...,stress,11
tbh i'm really cheerful more than usual.,joy,6
lately i feel incredibly calm today.,neutral,9
these days i feel really without purpose...,depression,4
i'm really extremely happy,joy,6
i am completely like nothing matters honestly.,depression,4
i keep feeling incredibly nervous right now.,anxiety,1
i keep feeling somewhat exhausted from work more than usual.,burnout,3
tbh nothing brings me joy anymore...,depression,4
i'm irritated more than usual.,anger,0
i feel quite overwhelmed by studying more than usual.,exam_stress,5
i am very invisible...,loneliness,7
kind of overwhelmed by studying and i can't shake it.,exam_stress,5
tbh i'm extremely annoyed honestly.,anger,0
i'm so scared more than usual.,anxiety,1
right now i'm totally sad.,sadness,10
i just feel by myself lately.,loneliness,7
i think i'm extremely insecure about my appearance and i can't shake it.,body_image_issue,2
i keep feeling incredibly worthless and i can't shake it.,low_self_esteem,8
i am very panicky today.,anxiety,1
somewhat numb...,depression,4
these days i feel really insecure about my appearance i don't know why.,body_image_issue,2
i'm really somewhat lonely i don't know why.,loneliness,7
i feel deeply like there's no point.,depression,4
sometimes i feel incredibly furious.,anger,0
tbh i'm kind of burnt out lately.,burnout,3
i'm somewhat pleased,joy,6
lately i feel quite on edge today.,anxiety,1
totally worried and i can't shake it.,anxiety,1
quite enraged honestly.,anger,0
i am very down right now.,sadness,10
i think i'm totally by myself right now.,loneliness,7
i'm totally mad lately.,anger,0
"honestly, i'm really like a failure honestly.",low_self_esteem,8
today i feel quite not good enough right now.,low_self_esteem,8
i keep feeling extremely emotionally exhausted more than usual.,burnout,3
i keep feeling kind of stupid and i can't shake it.,low_self_esteem,8
i just feel a bit unhappy i don't know why.,sadness,10
i think i'm deeply under pressure i don't know why.,stress,11
tbh i'm overwhelmed lately.,stress,11
sometimes i feel incredibly melancholic.,sadness,10
lately i feel quite like i don't matter.,low_self_esteem,8
i feel completely disgusting in the mirror more than usual.,body_image_issue,2
sometimes i feel completely scared i'll fail my exam honestly.,exam_stress,5
"honestly, i'm deeply calm i don't know why.",neutral,9
ngl i'm completely depleted.,burnout,3
i'm really so okay today.,neutral,9
i've been kind of resentful and i can't shake it.,anger,0
i'm totally overwhelmed by studying and i can't shake it.,exam_stress,5
tbh i'm a bit fat...,body_image_issue,2
i keep feeling kind of tearful.,sadness,10
somewhat upset...,sadness,10
right now i'm extremely like nothing matters right now.,depression,4
i just feel so like i don't matter these days.,low_self_esteem,8
"honestly, i'm kind of miserable...",sadness,10
right now i'm incredibly disconnected more than usual.,loneliness,7
right now i'm extremely okay...,neutral,9
today i feel very worthless i don't know why.,low_self_esteem,8
i've been really gloomy,sadness,10
i am somewhat enraged and i can't shake it.,anger,0
i'm really quite without purpose...,depression,4
i feel kind of pressured today.,stress,11
these days i feel deeply disgusting in the mirror i don't know why.,body_image_issue,2
right now i'm a bit alone honestly.,loneliness,7
it seems i'm totally panicking about finals...,exam_stress,5
i'm really a bit worthless...,low_self_esteem,8
right now i'm very drained of meaning honestly.,depression,4
i think i'm somewhat annoyed and i can't shake it.,anger,0
i just feel a bit stressed about my exams these days.,exam_stress,5
"honestly, i'm very annoyed today.",anger,0
kind of like giving up today.,depression,4
lately i feel completely thankful more than usual.,joy,6
it seems i'm somewhat horrible about how i look today.,body_image_issue,2
these days i feel a bit insecure about my appearance i don't know why.,body_image_issue,2
i just feel somewhat disgusting in the mirror.,body_image_issue,2
i think i'm very left out,loneliness,7
i just feel really furious these days.,anger,0
today i feel really invisible...,loneliness,7
right now i'm extremely like giving up right now.,depression,4
"honestly, i'm done today.",burnout,3
sometimes i feel quite uneasy i don't know why.,anxiety,1
i am kind of under pressure today.,stress,11
i'm a bit forgotten more than usual.,loneliness,7
i feel buried in tasks i don't know why.,stress,11
sometimes i feel deeply like i don't matter more than usual.,low_self_esteem,8
it seems i'm a bit glad these days.,joy,6
i think i'm somewhat light-hearted,joy,6
i just feel incredibly ugly i don't know why.,body_image_issue,2
i'm really very scared right now.,anxiety,1
i feel quite swamped right now.,stress,11
right now i'm really annoyed honestly.,anger,0
tbh i'm completely worried about the test lately.,exam_stress,5
incredibly tearful more than usual.,sadness,10
i'm completely unattractive...,body_image_issue,2
i keep feeling overwhelmed lately.,stress,11
tbh i'm somewhat content lately.,joy,6
tbh i'm totally fat more than usual.,body_image_issue,2
today i feel incredibly pleased today.,joy,6
i feel totally in a good mood honestly.,joy,6
i'm really totally insecure about my appearance lately.,body_image_issue,2
i feel completely empty and i can't shake it.,depression,4
i feel quite ashamed of my body right now.,body_image_issue,2
kind of apprehensive,anxiety,1
it seems i'm somewhat anxious i don't know why.,anxiety,1
it seems i'm a bit fuming and i can't shake it.,anger,0
so pressured i don't know why.,stress,11
i'm really a bit afraid honestly.,anxiety,1
it seems i'm incredibly depleted honestly.,burnout,3
i just feel deeply swamped honestly.,stress,11
i just feel deeply not good enough these days.,low_self_esteem,8
i'm really really fat and i can't shake it.,body_image_issue,2
tbh i'm incredibly drained of meaning...,depression,4
i'm completely not good enough.,low_self_esteem,8
somewhat disgusting in the mirror...,body_image_issue,2
i just feel somewhat down these days.,sadness,10
i'm really very pissed off today.,anger,0
right now i'm incredibly like giving up right now.,depression,4
i'm so under pressure lately.,stress,11
i just feel completely at ease...,neutral,9
lately i feel extremely alone.,loneliness,7
so useless more than usual.,low_self_esteem,8
completely pleased honestly.,joy,6
i feel quite low today.,sadness,10
tbh i'm a bit hopeless.,depression,4
i keep feeling a bit pleased more than usual.,joy,6
i'm a bit overwhelmed,stress,11
i am very tense,anxiety,1
i'm completely burnt out i don't know why.,burnout,3
horrible about how i look,body_image_issue,2
right now i'm pissed off today.,anger,0
i just feel kind of worthless these days.,low_self_esteem,8
tbh i'm deeply overwhelmed i don't know why.,stress,11
i've been totally like giving up,depression,4
today i feel deeply sad and i can't shake it.,sadness,10
i just feel a bit drained,burnout,3
today i feel so worried,anxiety,1
tbh i'm so forgotten,loneliness,7
lately i feel really overwhelmed by studying right now.,exam_stress,5
i think i'm totally worried about the test.,exam_stress,5
it seems i'm totally miserable lately.,sadness,10
it seems i'm somewhat heartbroken.,sadness,10
sometimes i feel kind of insecure about myself...,low_self_esteem,8
right now i'm really pressured more than usual.,stress,11
it seems i'm quite upset and i can't shake it.,sadness,10
sometimes i feel completely grateful i don't know why.,joy,6
tbh i'm extremely done these days.,burnout,3
sometimes i feel extremely content these days.,joy,6
i feel somewhat sad lately.,sadness,10
these days i feel very ugly today.,body_image_issue,2
it seems i'm okay...,neutral,9
i keep feeling incredibly alright i don't know why.,neutral,9
lately i feel so overwhelmed these days.,stress,11
i've been totally panicking about finals honestly.,exam_stress,5
i keep feeling a bit sad i don't know why.,sadness,10
deeply worthless lately.,low_self_esteem,8
tbh i'm quite glad lately.,joy,6
today i feel somewhat anxious about my upcoming exam today.,exam_stress,5
i just feel extremely heartbroken and i can't shake it.,sadness,10
really burnt out right now.,burnout,3
i feel really swamped more than usual.,stress,11
today i feel incredibly stressed about my exams right now.,exam_stress,5
i am quite ugly i don't know why.,body_image_issue,2
i feel very apprehensive these days.,anxiety,1
i'm kind of stressed about my exams and i can't shake it.,exam_stress,5
i've been so melancholic and i can't shake it.,sadness,10
lately i feel kind of invisible right now.,loneliness,7
i've been very glad honestly.,joy,6
these days i feel completely neutral right now.,neutral,9
right now i'm quite melancholic i don't know why.,sadness,10
tbh i'm incredibly heartbroken today.,sadness,10
lately i feel very by myself honestly.,loneliness,7
right now i'm incredibly left out these days.,loneliness,7
i'm kind of horrible about how i look these days.,body_image_issue,2
it seems i'm totally unhappy and i can't shake it.,sadness,10
i feel kind of just chilling,neutral,9
i just feel really forgotten...,loneliness,7
i keep feeling incredibly stupid lately.,low_self_esteem,8
right now i'm completely panicking about finals...,exam_stress,5
quite blessed more than usual.,joy,6
right now i'm completely delighted...,joy,6
tbh i'm very fried today.,burnout,3
tbh i'm quite panicking about finals...,exam_stress,5
"honestly, i'm so anxious...",anxiety,1
very like a burden more than usual.,depression,4
i've been extremely buried in tasks today.,stress,11
sometimes i feel somewhat shaky.,anxiety,1
i am so normal lately.,neutral,9
i think i'm tense from work...,stress,11
i'm really completely scared today.,anxiety,1
"honestly, i'm somewhat like i don't matter these days.",low_self_esteem,8
i keep feeling very fine...,neutral,9
right now i'm quite gloomy right now.,sadness,10
i'm really a bit worried about the test...,exam_stress,5
sometimes i feel incredibly happy.,joy,6
tbh i'm incredibly stressed about my exams more than usual.,exam_stress,5
i am glad and i can't shake it.,joy,6
these days i feel so disconnected i don't know why.,loneliness,7
it seems i'm deeply overwhelmed honestly.,stress,11
"honestly, i'm completely overwhelmed more than usual.",stress,11
these days i feel kind of stupid...,low_self_esteem,8
i feel incredibly stressed about my exams,exam_stress,5
"honestly, i've been working nonstop for months",burnout,3
lately i feel very anxious these days.,anxiety,1
i'm really somewhat like giving up.,depression,4
i feel extremely stressed about my exams and i can't shake it.,exam_stress,5
i keep feeling extremely furious these days.,anger,0
right now i'm quite not good enough and i can't shake it.,low_self_esteem,8
i'm really really fine...,neutral,9
today i feel hopeless honestly.,depression,4
i think i'm deeply unattractive these days.,body_image_issue,2
i'm really somewhat pissed off right now.,anger,0
i just feel very nervous...,anxiety,1
i've been totally hopeless.,depression,4
tbh i'm very overwhelmed by studying...,exam_stress,5
right now i'm a bit disgusting in the mirror lately.,body_image_issue,2
i keep feeling deeply stupid honestly.,low_self_esteem,8
lately i feel running on empty today.,burnout,3
i feel deeply joyful more than usual.,joy,6
today i feel kind of running on empty and i can't shake it.,burnout,3
tbh i'm quite running on empty today.,burnout,3
sometimes i feel extremely forgotten honestly.,loneliness,7
deeply disconnected,loneliness,7
these days i feel so resentful today.,anger,0
lately i feel very resentful i don't know why.,anger,0
sometimes i feel somewhat mad these days.,anger,0
i feel a bit ugly and i can't shake it.,body_image_issue,2
i just feel a bit like nothing matters and i can't shake it.,depression,4
i feel totally emotionally exhausted right now.,burnout,3
extremely calm...,neutral,9
today i feel extremely unhappy i don't know why.,sadness,10
i think i'm completely content more than usual.,joy,6
i think i'm extremely invisible.,loneliness,7
i'm kind of by myself right now.,loneliness,7
i'm incredibly content i don't know why.,joy,6
these days i feel quite lonely these days.,loneliness,7
sometimes i feel incredibly stressed about my exams honestly.,exam_stress,5
today i feel blue.,sadness,10
i think i'm quite swamped these days.,stress,11
"honestly, i'm totally panicking about finals and i can't shake it.",exam_stress,5
"honestly, i'm kind of apprehensive",anxiety,1
these days i feel kind of drained today.,burnout,3
i keep feeling completely pressured.,stress,11
i am deeply by myself and i can't shake it.,loneliness,7
i've been a bit annoyed more than usual.,anger,0
i've been somewhat insecure about myself today.,low_self_esteem,8
totally burnt out right now.,burnout,3
i feel somewhat anxious.,anxiety,1
i feel totally calm today.,neutral,9
very insecure about myself lately.,low_self_esteem,8
lately i feel really worried...,anxiety,1
it seems i'm really numb today.,depression,4
i feel deeply just chilling lately.,neutral,9
it seems i'm somewhat drained and i can't shake it.,burnout,3
i've been quite like a failure and i can't shake it.,low_self_esteem,8
it seems i'm kind of tense from work i don't know why.,stress,11
i've been a bit numb...,depression,4
"honestly, i'm incredibly numb more than usual.",depression,4
it seems i'm somewhat panicky these days.,anxiety,1
i'm really deeply without purpose right now.,depression,4
i think i'm extremely irritated i don't know why.,anger,0
right now i'm really like there's no point these days.,depression,4
i've been completely panicking about finals,exam_stress,5
i've been a bit emotionally exhausted...,burnout,3
lately i feel incredibly numb...,depression,4
alone,loneliness,7
today i feel quite like a burden today.,depression,4
sometimes i feel somewhat panicking about finals...,exam_stress,5
i'm really kind of exhausted from work honestly.,burnout,3
right now i'm a bit like i don't matter i don't know why.,low_self_esteem,8
"honestly, i'm somewhat ashamed of my body honestly.",body_image_issue,2
i just feel so worried about the test and i can't shake it.,exam_stress,5
i'm a bit without purpose,depression,4
these days i feel completely okay more than usual.,neutral,9
i'm really a bit irritated,anger,0
i'm a bit alright and i can't shake it.,neutral,9
it seems i'm kind of uneasy and i can't shake it.,anxiety,1
i am quite isolated i don't know why.,loneliness,7
i am completely burnt out,burnout,3
incredibly drained,burnout,3
i feel quite content.,joy,6
i am incredibly panicking about finals...,exam_stress,5
lately i feel extremely insecure about myself right now.,low_self_esteem,8
i keep feeling kind of like a burden lately.,depression,4
it seems i'm a bit down right now.,sadness,10
right now i'm totally happy right now.,joy,6
i've been so sad.,sadness,10
tbh i'm incredibly fearful,anxiety,1
i am incredibly drained.,burnout,3
i am deeply like giving up and i can't shake it.,depression,4
sometimes i feel completely exhausted from work today.,burnout,3
tbh i'm kind of annoyed i don't know why.,anger,0
i am completely anxious about my upcoming exam today.,exam_stress,5
i've been kind of shaky i don't know why.,anxiety,1
"honestly, i'm so done and i can't shake it.",burnout,3
it seems i'm a bit neutral lately.,neutral,9
i'm extremely useless honestly.,low_self_esteem,8
i am very pissed off honestly.,anger,0
i've been very isolated right now.,loneliness,7
it seems i'm deeply horrible about how i look more than usual.,body_image_issue,2
"honestly, i'm very uneasy honestly.",anxiety,1
i just feel totally grateful honestly.,joy,6
today i feel by myself lately.,loneliness,7
sometimes i feel extremely running on empty lately.,burnout,3
i've been very shaky these days.,anxiety,1
i think i'm completely at ease lately.,neutral,9
"honestly, i'm quite like a burden.",depression,4
"honestly, my hands are shaking and i can't breathe...",anxiety,1
very furious right now.,anger,0
i feel calm and i can't shake it.,neutral,9
right now i'm so anxious about my upcoming exam more than usual.,exam_stress,5
i'm completely disgusting in the mirror and i can't shake it.,body_image_issue,2
i keep feeling very normal,neutral,9
i just feel very run down lately.,stress,11
ngl i'm enjoying every moment,joy,6
right now i'm extremely heartbroken,sadness,10
tbh i'm very ashamed of my body these days.,body_image_issue,2
i am incredibly down,sadness,10
i am somewhat burnt out.,burnout,3
i've been incredibly insecure about myself.,low_self_esteem,8
i keep feeling so insecure about myself right now.,low_self_esteem,8
i'm really so numb lately.,depression,4
i think i'm incredibly angry honestly.,anger,0
i feel really angry and i can't shake it.,anger,0
i feel completely at ease more than usual.,neutral,9
i'm really completely depleted i don't know why.,burnout,3
lately i feel extremely overwhelmed by studying these days.,exam_stress,5
i am somewhat ashamed of my body lately.,body_image_issue,2
"honestly, i'm really smiling honestly.",joy,6
i just feel under pressure and i can't shake it.,stress,11
i'm really extremely fried and i can't shake it.,burnout,3
very alone right now.,loneliness,7
sometimes i feel extremely heartbroken and i can't shake it.,sadness,10
i feel completely pressured i don't know why.,stress,11
i'm really somewhat forgotten.,loneliness,7
tbh i'm kind of alone and i can't shake it.,loneliness,7
"honestly, my heart is racing for no reason",anxiety,1
i feel completely like giving up today.,depression,4
i am totally pissed off lately.,anger,0
today i feel very useless and i can't shake it.,low_self_esteem,8
i feel completely tense from work and i can't shake it.,stress,11
i'm really quite happy honestly.,joy,6
"honestly, i'm really sad lately.",sadness,10
these days i feel very disconnected i don't know why.,loneliness,7
i am really neutral honestly.,neutral,9
right now i'm so scared i'll fail my exam today.,exam_stress,5
"honestly, i'm completely irritated right now.",anger,0
these days i feel deeply thankful honestly.,joy,6
"honestly, i'm quite tearful lately.",sadness,10
"honestly, i'm a bit alright lately.",neutral,9
i am completely low,sadness,10
i keep feeling incredibly irritated...,anger,0
i've been somewhat frustrated...,anger,0
sometimes i feel a bit overwhelmed by studying and i can't shake it.,exam_stress,5
these days i feel totally scared lately.,anxiety,1
i just feel completely depleted...,burnout,3
incredibly apprehensive lately.,anxiety,1
i'm a bit angry lately.,anger,0
tbh i'm kind of alone today.,loneliness,7
right now i'm really normal right now.,neutral,9
tbh i'm completely unattractive these days.,body_image_issue,2
"honestly, i'm kind of at ease.",neutral,9
sometimes i feel completely optimistic these days.,joy,6
i'm really down i don't know why.,sadness,10
i've been insecure about my appearance honestly.,body_image_issue,2
i feel totally enraged honestly.,anger,0
i'm so worried about the test...,exam_stress,5
right now i'm incredibly mad honestly.,anger,0
sometimes i feel extremely neutral.,neutral,9
i'm really so on edge,anxiety,1
i'm really quite tense from work more than usual.,stress,11
i keep feeling so happy more than usual.,joy,6
today i feel frustrated.,anger,0
i'm very done these days.,burnout,3
these days i feel deeply like a failure lately.,low_self_esteem,8
tbh i'm so worried today.,anxiety,1
"honestly, i'm unattractive i don't know why.",body_image_issue,2
tbh i'm optimistic honestly.,joy,6
i'm so useless i don't know why.,low_self_esteem,8
i am quite like nobody likes me.,low_self_esteem,8
it seems i'm very like a failure more than usual.,low_self_esteem,8
i keep feeling deeply low today.,sadness,10
today i feel very stupid right now.,low_self_esteem,8
i am kind of pissed off and i can't shake it.,anger,0
today i feel deeply left out more than usual.,loneliness,7
i'm really so burnt out lately.,burnout,3
lately i feel incredibly stupid,low_self_esteem,8
i'm kind of like there's no point.,depression,4
very insecure about my appearance more than usual.,body_image_issue,2
i've been kind of under pressure and i can't shake it.,stress,11
"honestly, i'm completely panicky and i can't shake it.",anxiety,1
a bit irritated more than usual.,anger,0
these days i feel a bit just chilling more than usual.,neutral,9
sometimes i feel quite under pressure.,stress,11
tbh i'm very shaky,anxiety,1
i am a bit useless honestly.,low_self_esteem,8
i feel very lonely lately.,loneliness,7
tbh i'm somewhat worried about the test i don't know why.,exam_stress,5
i've been extremely buried in tasks honestly.,stress,11
right now i'm somewhat buried in tasks i don't know why.,stress,11
i'm so overwhelmed honestly.,stress,11
i've been completely emotionally exhausted...,burnout,3
i keep feeling incredibly stressed about my exams lately.,exam_stress,5
sometimes i feel really depleted,burnout,3
completely like a failure these days.,low_self_esteem,8
"honestly, i'm overwhelmed by studying today.",exam_stress,5
so tense from work lately.,stress,11
ngl i wish i looked different,body_image_issue,2
"honestly, i'm quite worried i don't know why.",anxiety,1
lately i feel very not good enough right now.,low_self_esteem,8
i just feel fearful today.,anxiety,1
it seems i'm somewhat shaky,anxiety,1
today i feel quite worthless right now.,depression,4
sometimes i feel incredibly mad right now.,anger,0
tbh i'm deeply hopeless right now.,depression,4
i'm really very frustrated,anger,0
tbh i'm deeply alone these days.,loneliness,7
lately i feel totally forgotten lately.,loneliness,7
these days i feel extremely emotionally exhausted,burnout,3
i think i'm a bit melancholic more than usual.,sadness,10
today i feel incredibly miserable honestly.,sadness,10
today i feel totally worried about the test more than usual.,exam_stress,5
right now i'm so grateful honestly.,joy,6
i feel deeply balanced and i can't shake it.,neutral,9
i just feel very cheerful honestly.,joy,6
sometimes i feel tearful.,sadness,10
lately i feel extremely forgotten honestly.,loneliness,7
"honestly, i'm extremely under pressure i don't know why.",stress,11
i'm extremely panicking about finals and i can't shake it.,exam_stress,5
i just feel kind of thankful these days.,joy,6
tbh i'm kind of pressured...,stress,11
i keep feeling really blue...,sadness,10
right now i'm kind of running on empty.,burnout,3
i think i'm completely glad and i can't shake it.,joy,6
sometimes i feel completely buried in tasks...,stress,11
sometimes i feel completely panicking about finals honestly.,exam_stress,5
i keep feeling quite like i don't matter,low_self_esteem,8
extremely horrible about how i look these days.,body_image_issue,2
i've been completely ashamed of my body i don't know why.,body_image_issue,2
i am running on empty these days.,burnout,3
i feel kind of at ease lately.,neutral,9
i'm really incredibly run down i don't know why.,stress,11
lately i feel extremely insecure about myself lately.,low_self_esteem,8
these days i feel kind of not good enough...,low_self_esteem,8
these days i feel so nervous today.,anxiety,1
i feel completely disconnected right now.,loneliness,7
i'm really low lately.,sadness,10
right now i'm extremely at ease,neutral,9
i feel completely insecure about myself honestly.,low_self_esteem,8
i'm really really alone today.,loneliness,7
today i feel a bit disgusting in the mirror and i can't shake it.,body_image_issue,2
right now i'm mad i don't know why.,anger,0
i just feel incredibly forgotten honestly.,loneliness,7
i'm really somewhat exhausted from work,burnout,3
tbh i'm so optimistic honestly.,joy,6
completely angry right now.,anger,0
i am somewhat fat today.,body_image_issue,2
lately i feel a bit isolated honestly.,loneliness,7
i am deeply running on empty today.,burnout,3
i've been a bit delighted,joy,6
tbh i'm really mad these days.,anger,0
i'm really a bit empty more than usual.,depression,4
i've been so on edge right now.,anxiety,1
i feel stupid and i can't shake it.,low_self_esteem,8
i am a bit empty more than usual.,depression,4
sometimes i feel kind of insecure about myself honestly.,low_self_esteem,8
i just feel quite okay lately.,neutral,9
lately i feel totally horrible about how i look...,body_image_issue,2
i am so like a failure...,low_self_esteem,8
i just feel incredibly like a burden,depression,4
today i feel really overwhelmed today.,stress,11
these days i feel extremely heartbroken i don't know why.,sadness,10
"honestly, i'm quite unattractive.",body_image_issue,2
i keep feeling totally panicky,anxiety,1
i keep feeling incredibly unattractive i don't know why.,body_image_issue,2
i am so tense more than usual.,anxiety,1
i've been a bit insecure about myself.,low_self_esteem,8
lately i feel a bit like a failure lately.,low_self_esteem,8
tbh i'm extremely irritated honestly.,anger,0
sometimes i feel completely burnt out i don't know why.,burnout,3
i think i'm so stupid today.,low_self_esteem,8
"honestly, i'm really forgotten more than usual.",loneliness,7
incredibly like there's no point these days.,depression,4
it seems i'm deeply insecure about my appearance these days.,body_image_issue,2
sometimes i feel very just chilling...,neutral,9
totally irritated right now.,anger,0
i am incredibly tense from work i don't know why.,stress,11
useless honestly.,low_self_esteem,8
today i feel somewhat ashamed of my body lately.,body_image_issue,2
lately i feel deeply normal honestly.,neutral,9
i am kind of worried about the test i don't know why.,exam_stress,5
i just feel stupid and i can't shake it.,low_self_esteem,8
i keep feeling totally worthless honestly.,low_self_esteem,8
i am somewhat running on empty more than usual.,burnout,3
i'm kind of happy lately.,joy,6
i just feel completely horrible about how i look lately.,body_image_issue,2
right now i'm quite like a burden honestly.,depression,4
right now i'm completely useless more than usual.,low_self_esteem,8
a bit cheerful right now.,joy,6
it seems i'm so sad...,sadness,10
i am deeply apprehensive,anxiety,1
i think i'm so done lately.,burnout,3
lately i feel quite disconnected these days.,loneliness,7
right now i'm a bit happy.,joy,6
i feel deeply under pressure more than usual.,stress,11
today i feel like giving up more than usual.,depression,4
i feel totally alright lately.,neutral,9
"honestly, i'm so blue",sadness,10
these days i feel somewhat drained more than usual.,burnout,3
i am so invisible honestly.,loneliness,7
tbh i'm incredibly pissed off and i can't shake it.,anger,0
right now i'm very worried more than usual.,anxiety,1
i think i'm totally fuming lately.,anger,0
sometimes i feel kind of ugly.,body_image_issue,2
so exhausted from work i don't know why.,burnout,3
i am totally stressed i don't know why.,stress,11
today i feel quite overwhelmed i don't know why.,stress,11
today i feel a bit worthless honestly.,depression,4
i keep feeling completely by myself more than usual.,loneliness,7
it seems i'm totally tearful,sadness,10
i've been quite angry...,anger,0
i feel really fearful...,anxiety,1
lately i feel somewhat unhappy and i can't shake it.,sadness,10
i'm somewhat worried more than usual.,anxiety,1
i am incredibly ashamed of my body i don't know why.,body_image_issue,2
i just feel a bit afraid more than usual.,anxiety,1
right now i'm really unhappy,sadness,10
i am somewhat overwhelmed.,stress,11
kind of hopeless lately.,depression,4
i've been extremely running on empty and i can't shake it.,burnout,3
sometimes i feel really stupid.,low_self_esteem,8
i'm really quite furious,anger,0
i'm really extremely fuming i don't know why.,anger,0
i just feel really enraged lately.,anger,0
right now i'm so low lately.,sadness,10
i think i'm ugly and i can't shake it.,body_image_issue,2
insecure about my appearance these days.,body_image_issue,2
these days i feel a bit disgusting in the mirror these days.,body_image_issue,2
i'm really totally exhausted from work these days.,burnout,3
"honestly, i'm totally lonely and i can't shake it.",loneliness,7
tbh i'm very horrible about how i look lately.,body_image_issue,2
i feel kind of stressed right now.,stress,11
these days i feel somewhat furious and i can't shake it.,anger,0
completely fried lately.,burnout,3
these days i feel incredibly angry honestly.,anger,0
sometimes i feel quite ashamed of my body.,body_image_issue,2
i'm a bit stupid and i can't shake it.,low_self_esteem,8
"honestly, i'm kind of scared i'll fail my exam lately.",exam_stress,5
right now i'm incredibly insecure about my appearance honestly.,body_image_issue,2
i feel a bit worthless lately.,depression,4
i just feel really ugly honestly.,body_image_issue,2
tbh i'm a bit on edge these days.,anxiety,1
lately i feel really tense from work,stress,11
today i feel really blessed and i can't shake it.,joy,6
incredibly upset today.,sadness,10
tbh i'm really mad right now.,anger,0
these days i feel completely fat today.,body_image_issue,2
i'm quite insecure about my appearance today.,body_image_issue,2
lately i feel completely okay more than usual.,neutral,9
i feel a bit under pressure these days.,stress,11
"honestly, i'm incredibly cheerful today.",joy,6
lately i feel a bit exhausted from work these days.,burnout,3
it seems i'm somewhat buried in tasks i don't know why.,stress,11
sometimes i feel very down honestly.,sadness,10
sometimes i feel extremely tense.,anxiety,1
today i feel quite like giving up lately.,depression,4
it seems i'm drained of meaning these days.,depression,4
i am incredibly fat,body_image_issue,2
"honestly, i'm so burnt out right now.",burnout,3
"honestly, i'm really tense honestly.",anxiety,1
right now i'm really miserable right now.,sadness,10
today i feel really scared.,anxiety,1
i just feel a bit useless i don't know why.,low_self_esteem,8
tbh i'm incredibly invisible right now.,loneliness,7
i've been a bit pissed off and i can't shake it.,anger,0
"honestly, i'm quite worthless.",low_self_esteem,8
tbh i'm completely angry these days.,anger,0
i'm really extremely afraid and i can't shake it.,anxiety,1
i'm deeply forgotten today.,loneliness,7
i feel deeply enraged today.,anger,0
somewhat sad,sadness,10
it seems i'm really just chilling,neutral,9
tbh i'm quite worthless.,depression,4
i think i'm really invisible lately.,loneliness,7
sometimes i feel totally not good enough today.,low_self_esteem,8
sometimes i feel a bit like nothing matters,depression,4
i've been a bit anxious about my upcoming exam,exam_stress,5
today i feel completely tearful lately.,sadness,10
i'm really somewhat grateful these days.,joy,6
i am very down honestly.,sadness,10
"honestly, i'm kind of melancholic honestly.",sadness,10
i think i'm incredibly unattractive right now.,body_image_issue,2
i keep feeling so done i don't know why.,burnout,3
i just feel kind of blessed these days.,joy,6
i think i'm really swamped honestly.,stress,11
i am very happy lately.,joy,6
these days i feel totally numb today.,depression,4
i am somewhat under pressure today.,stress,11
tbh i'm so anxious about my upcoming exam today.,exam_stress,5
today i feel so not good enough lately.,low_self_esteem,8
i'm really somewhat heartbroken more than usual.,sadness,10
it seems i'm completely panicky today.,anxiety,1
right now i'm extremely tense from work,stress,11
i'm quite nervous these days.,anxiety,1
i am quite done i don't know why.,burnout,3
i'm really very numb...,depression,4
i'm really so gloomy more than usual.,sadness,10
i am completely in a good mood honestly.,joy,6
i feel very drained and i can't shake it.,burnout,3
today i feel very scared i'll fail my exam lately.,exam_stress,5
i've been kind of disgusting in the mirror.,body_image_issue,2
i feel quite depleted more than usual.,burnout,3
i've been totally light-hearted...,joy,6
today i feel enraged,anger,0
i've been very fine lately.,neutral,9
it seems i'm very fuming more than usual.,anger,0
i keep feeling extremely frustrated these days.,anger,0
i keep feeling deeply panicking about finals right now.,exam_stress,5
lately i feel extremely tearful.,sadness,10
right now i'm kind of left out,loneliness,7
i've been somewhat scared...,anxiety,1
these days i feel kind of like there's no point today.,depression,4
sometimes i feel quite stupid i don't know why.,low_self_esteem,8
i think i'm kind of heartbroken today.,sadness,10
"honestly, i'm incredibly light-hearted more than usual.",joy,6
tbh i'm kind of overwhelmed by studying and i can't shake it.,exam_stress,5
today i feel so afraid and i can't shake it.,anxiety,1
lately i feel somewhat run down i don't know why.,stress,11
i've been completely happy and i can't shake it.,joy,6
i am somewhat sad.,sadness,10
i keep feeling really cheerful i don't know why.,joy,6
tbh i'm deeply forgotten i don't know why.,loneliness,7
i think i'm kind of burnt out and i can't shake it.,burnout,3
i'm really buried in tasks and i can't shake it.,stress,11
sometimes i feel really ashamed of my body these days.,body_image_issue,2
"honestly, i'm deeply glad...",joy,6
lately i feel so pressured...,stress,11
"honestly, i'm resentful today.",anger,0
i feel deeply exhausted from work...,burnout,3
it seems i'm quite stressed about my exams.,exam_stress,5
ngl i just want to stay in bed :(,sadness,10
it seems i'm really by myself...,loneliness,7
i've been deeply unattractive...,body_image_issue,2
sometimes i feel so overwhelmed by studying right now.,exam_stress,5
i just feel extremely fine lately.,neutral,9
i feel somewhat optimistic,joy,6
"honestly, i'm so irritated",anger,0
these days i feel a bit joyful lately.,joy,6
i've been a bit stupid these days.,low_self_esteem,8
it seems i'm kind of like there's no point right now.,depression,4
i just feel really depleted right now.,burnout,3
i feel somewhat miserable and i can't shake it.,sadness,10
i'm really kind of done and i can't shake it.,burnout,3
sometimes i feel really afraid,anxiety,1
i am kind of burnt out today.,burnout,3
"honestly, i'm quite on edge lately.",anxiety,1
it seems i'm incredibly stressed about my exams these days.,exam_stress,5
i keep feeling completely running on empty,burnout,3
i think i'm extremely not good enough right now.,low_self_esteem,8
i've been kind of left out honestly.,loneliness,7
i just feel kind of calm today.,neutral,9
today i feel deeply anxious about my upcoming exam more than usual.,exam_stress,5
i keep feeling so ashamed of my body i don't know why.,body_image_issue,2
i'm really down honestly.,sadness,10
it seems i'm optimistic lately.,joy,6
tbh i'm incredibly ashamed of my body and i can't shake it.,body_image_issue,2
i'm really so exhausted from work i don't know why.,burnout,3
right now i'm deeply angry...,anger,0
my heart hurts today.,sadness,10
i'm extremely disconnected today.,loneliness,7
it seems i'm so forgotten,loneliness,7
"honestly, i'm really balanced right now.",neutral,9
today i feel a bit done and i can't shake it.,burnout,3
lately i feel fried.,burnout,3
it seems i'm completely hopeless...,depression,4
"honestly, i'm kind of low lately.",sadness,10
it seems i'm totally blue and i can't shake it.,sadness,10
today i feel so insecure about myself lately.,low_self_esteem,8
i just feel incredibly shaky today.,anxiety,1
i'm really somewhat overwhelmed by studying i don't know why.,exam_stress,5
i've been scared,anxiety,1
i'm a bit gloomy.,sadness,10
tbh i'm quite run down.,stress,11
"honestly, i'm angry",anger,0
i am totally drained of meaning today.,depression,4
today i feel very insecure about my appearance honestly.,body_image_issue,2
i feel really worthless today.,depression,4
sometimes i feel quite without purpose and i can't shake it.,depression,4
i just feel deeply like a failure right now.,low_self_esteem,8
i'm really so furious today.,anger,0
a bit upset and i can't shake it.,sadness,10
i've been deeply fine honestly.,neutral,9
i just feel totally empty these days.,depression,4
it seems i'm really balanced today.,neutral,9
these days i feel extremely running on empty these days.,burnout,3
sometimes i feel deeply lonely lately.,loneliness,7
i've been fried lately.,burnout,3
i've been somewhat not good enough these days.,low_self_esteem,8
these days i feel totally depleted today.,burnout,3
angry i don't know why.,anger,0
i am totally delighted more than usual.,joy,6
i keep feeling deeply sad and i can't shake it.,sadness,10
i think i'm extremely burnt out right now.,burnout,3
i've been really furious.,anger,0
i'm disgusting in the mirror i don't know why.,body_image_issue,2
sometimes i feel extremely swamped these days.,stress,11
today i feel completely smiling and i can't shake it.,joy,6
"honestly, i'm kind of drained of meaning...",depression,4
i just feel somewhat run down,stress,11
i feel a bit panicking about finals more than usual.,exam_stress,5
i am somewhat fine today.,neutral,9
it seems i'm so tearful more than usual.,sadness,10
tbh i'm incredibly useless today.,low_self_esteem,8
tbh i'm somewhat optimistic.,joy,6
i just feel completely invisible more than usual.,loneliness,7
right now i'm very panicky right now.,anxiety,1
i'm really a bit happy,joy,6
totally alone right now.,loneliness,7
i think i'm kind of run down lately.,stress,11
today i feel done today.,burnout,3
i keep feeling very useless and i can't shake it.,low_self_esteem,8
it seems i'm incredibly like a failure and i can't shake it.,low_self_esteem,8
i keep feeling a bit swamped...,stress,11
tbh i'm kind of empty these days.,depression,4
i just feel a bit anxious about my upcoming exam today.,exam_stress,5
i keep feeling incredibly panicky i don't know why.,anxiety,1
"honestly, i'm totally like there's no point.",depression,4
right now i'm so stressed about my exams i don't know why.,exam_stress,5
very overwhelmed by studying lately.,exam_stress,5
quite disconnected i don't know why.,loneliness,7
quite like a failure...,low_self_esteem,8
these days i feel quite disgusting in the mirror these days.,body_image_issue,2
today i feel disgusting in the mirror right now.,body_image_issue,2
i'm really so worried about the test these days.,exam_stress,5
very fuming.,anger,0
it seems i'm really annoyed today.,anger,0
i keep feeling a bit like i don't matter,low_self_esteem,8
these days i feel so tense today.,anxiety,1
i think i'm disgusting in the mirror and i can't shake it.,body_image_issue,2
i feel so enraged...,anger,0
i'm really deeply light-hearted more than usual.,joy,6
sometimes i feel totally under pressure right now.,stress,11
these days i feel quite drained...,burnout,3
sometimes i feel somewhat blue right now.,sadness,10
these days i feel a bit stressed lately.,stress,11
lately i feel somewhat drained honestly.,burnout,3
very done today.,burnout,3
right now i'm incredibly worried about the test today.,exam_stress,5
today i feel by myself.,loneliness,7
tbh i'm completely alone and i can't shake it.,loneliness,7
sometimes i feel somewhat insecure about my appearance today.,body_image_issue,2
i think i'm incredibly content and i can't shake it.,joy,6
i'm completely worried about the test.,exam_stress,5
i am somewhat worried...,anxiety,1
tbh i'm a bit buried in tasks honestly.,stress,11
i am completely overwhelmed by studying honestly.,exam_stress,5
i'm incredibly worthless.,depression,4
i've been fearful right now.,anxiety,1
i feel somewhat exhausted from work i don't know why.,burnout,3
these days i feel quite scared today.,anxiety,1
tbh i'm very resentful and i can't shake it.,anger,0
it seems i'm extremely done these days.,burnout,3
i think i'm somewhat just chilling and i can't shake it.,neutral,9
i keep feeling kind of alright right now.,neutral,9
sometimes i feel totally depleted these days.,burnout,3
i keep feeling extremely normal and i can't shake it.,neutral,9
today i feel disconnected.,loneliness,7
it seems i'm somewhat like a failure today.,low_self_esteem,8
these days i feel really unhappy,sadness,10
quite burnt out i don't know why.,burnout,3
i keep feeling kind of worried about the test i don't know why.,exam_stress,5
i'm really kind of gloomy honestly.,sadness,10
i am quite burnt out right now.,burnout,3
i've been so not good enough i don't know why.,low_self_esteem,8
i keep feeling insecure about myself,low_self_esteem,8
sometimes i feel extremely buried in tasks and i can't shake it.,stress,11
kind of alone,loneliness,7
these days i feel extremely swamped i don't know why.,stress,11
i've been somewhat useless i don't know why.,low_self_esteem,8
sometimes i feel extremely left out.,loneliness,7
i keep feeling completely swamped today.,stress,11
right now i'm incredibly drained honestly.,burnout,3
i'm really extremely overwhelmed by studying these days.,exam_stress,5
incredibly down right now.,sadness,10
i'm really deeply ugly,body_image_issue,2
sometimes i feel very horrible about how i look.,body_image_issue,2
sometimes i feel deeply glad and i can't shake it.,joy,6
lately i feel totally apprehensive lately.,anxiety,1
tbh i'm very furious honestly.,anger,0
i'm totally left out honestly.,loneliness,7
i've been quite calm more than usual.,neutral,9
i'm isolated these days.,loneliness,7
i feel quite alone lately.,loneliness,7
very uneasy these days.,anxiety,1
i just feel quite grateful right now.,joy,6
it seems i'm incredibly irritated honestly.,anger,0
i just feel somewhat anxious about my upcoming exam honestly.,exam_stress,5
i keep feeling deeply stressed about my exams,exam_stress,5
i am incredibly worthless.,depression,4
tbh i'm quite joyful more than usual.,joy,6
lately i feel a bit disconnected,loneliness,7
deeply worthless and i can't shake it.,depression,4
i keep feeling like a failure right now.,low_self_esteem,8
sometimes i feel deeply exhausted from work...,burnout,3
completely at ease i don't know why.,neutral,9
it seems i'm forgotten lately.,loneliness,7
i keep feeling extremely optimistic and i can't shake it.,joy,6
i feel somewhat hopeless more than usual.,depression,4
i feel completely scared i'll fail my exam,exam_stress,5
i just feel so burnt out.,burnout,3
i've been a bit anxious...,anxiety,1
i feel so furious lately.,anger,0
"honestly, i'm somewhat depleted today.",burnout,3
these days i feel somewhat insecure about my appearance.,body_image_issue,2
i think i'm very burnt out more than usual.,burnout,3
i keep feeling by myself...,loneliness,7
i am a bit calm honestly.,neutral,9
sometimes i feel quite anxious about my upcoming exam right now.,exam_stress,5
i'm really done lately.,burnout,3
i'm kind of exhausted from work today.,burnout,3
lately i feel kind of anxious about my upcoming exam right now.,exam_stress,5
i've been completely scared i'll fail my exam and i can't shake it.,exam_stress,5
it seems i'm like a burden.,depression,4
i've been completely ugly honestly.,body_image_issue,2
it seems i'm so at ease right now.,neutral,9
tbh i'm extremely unattractive and i can't shake it.,body_image_issue,2
lately i feel really fat lately.,body_image_issue,2
i'm really somewhat blue i don't know why.,sadness,10
i just feel very at ease i don't know why.,neutral,9
i think i'm incredibly horrible about how i look more than usual.,body_image_issue,2
sometimes i feel extremely upset i don't know why.,sadness,10
i think i'm totally empty...,depression,4
tbh i'm a bit optimistic honestly.,joy,6
i'm a bit furious,anger,0
ngl i'm stuck in this dark place...,depression,4
ngl my boss keeps adding more tasks...,stress,11
i keep feeling tearful and i can't shake it.,sadness,10
i keep feeling totally forgotten these days.,loneliness,7
i've been incredibly scared right now.,anxiety,1
i just feel deeply lonely lately.,loneliness,7
today i feel a bit stressed lately.,stress,11
it seems i'm really emotionally exhausted,burnout,3
very panicking about finals and i can't shake it.,exam_stress,5
sometimes i feel a bit by myself these days.,loneliness,7
these days i feel drained lately.,burnout,3
i am so isolated more than usual.,loneliness,7
these days i feel normal i don't know why.,neutral,9
i've been really insecure about myself,low_self_esteem,8
i think i'm completely disconnected honestly.,loneliness,7
right now i'm light-hearted right now.,joy,6
"honestly, i'm totally like there's no point right now.",depression,4
i just feel extremely scared i'll fail my exam,exam_stress,5
these days i feel so shaky i don't know why.,anxiety,1
today i feel melancholic,sadness,10
i just feel completely glad i don't know why.,joy,6
"honestly, i'm very afraid right now.",anxiety,1
sometimes i feel deeply frustrated i don't know why.,anger,0
right now i'm very okay lately.,neutral,9
i think i'm like nobody likes me and i can't shake it.,low_self_esteem,8
i've been deeply like there's no point lately.,depression,4
i think i'm deeply swamped.,stress,11
it seems i'm so worthless these days.,depression,4
i am kind of miserable i don't know why.,sadness,10
lately i feel incredibly anxious about my upcoming exam honestly.,exam_stress,5
i'm somewhat resentful i don't know why.,anger,0
i'm really not good enough right now.,low_self_esteem,8
i keep feeling somewhat furious right now.,anger,0
i'm quite happy today.,joy,6
sometimes i feel extremely sad,sadness,10
lately i feel somewhat neutral,neutral,9
"honestly, i'm a bit fine more than usual.",neutral,9
i've been completely panicking about finals these days.,exam_stress,5
it seems i'm very disgusting in the mirror...,body_image_issue,2
it seems i'm horrible about how i look right now.,body_image_issue,2
lately i feel really by myself i don't know why.,loneliness,7
lately i feel somewhat alone honestly.,loneliness,7
"honestly, i'm completely balanced",neutral,9
i am totally burnt out and i can't shake it.,burnout,3
right now i'm incredibly under pressure today.,stress,11
lately i feel really just chilling these days.,neutral,9
i think i'm totally disconnected today.,loneliness,7
i am totally fine today.,neutral,9
i've been very pressured more than usual.,stress,11
i just feel totally tense these days.,anxiety,1
i feel a bit done honestly.,burnout,3
i feel really forgotten and i can't shake it.,loneliness,7
"honestly, i'm a bit smiling",joy,6
i am so on edge today.,anxiety,1
sometimes i feel kind of like a failure and i can't shake it.,low_self_esteem,8
it seems i'm extremely disconnected right now.,loneliness,7
i'm extremely normal honestly.,neutral,9
tbh i miss having someone who cares...,loneliness,7
i've been a bit down and i can't shake it.,sadness,10
tbh i'm very enraged lately.,anger,0
i've been incredibly frustrated,anger,0
i feel kind of heartbroken honestly.,sadness,10
i think i'm somewhat stressed about my exams these days.,exam_stress,5
i'm really incredibly like i don't matter,low_self_esteem,8
i keep feeling so anxious about my upcoming exam...,exam_stress,5
really at ease.,neutral,9
right now i'm a bit not good enough.,low_self_esteem,8
so depleted right now.,burnout,3
sometimes i feel somewhat worthless and i can't shake it.,low_self_esteem,8
i am irritated right now.,anger,0
"honestly, i'm quite useless",low_self_esteem,8
i've been quite stressed about my exams these days.,exam_stress,5
tbh i'm deeply like nobody likes me more than usual.,low_self_esteem,8
lately i feel kind of insecure about myself these days.,low_self_esteem,8
i've been somewhat horrible about how i look these days.,body_image_issue,2
it seems i'm very alone right now.,loneliness,7
tbh i'm deeply disconnected i don't know why.,loneliness,7
tbh i'm really swamped right now.,stress,11
very melancholic i don't know why.,sadness,10
i am so joyful,joy,6
i feel somewhat insecure about my appearance these days.,body_image_issue,2
"honestly, i'm really run down",stress,11
tbh i'm cheerful more than usual.,joy,6
deeply frustrated i don't know why.,anger,0
i keep feeling alone...,loneliness,7
i keep feeling kind of unhappy honestly.,sadness,10
sometimes i feel incredibly like giving up and i can't shake it.,depression,4
these days i feel kind of panicky.,anxiety,1
i am very left out these days.,loneliness,7
i feel very fearful right now.,anxiety,1
it seems i'm deeply unhappy more than usual.,sadness,10
right now i'm very like a failure,low_self_esteem,8
i just feel so burnt out and i can't shake it.,burnout,3
tbh i'm completely alone these days.,loneliness,7
i'm really so hopeless right now.,depression,4
"honestly, i'll never be successful...",low_self_esteem,8
i just feel deeply balanced honestly.,neutral,9
i feel so fried honestly.,burnout,3
i just feel incredibly buried in tasks lately.,stress,11
i am a bit optimistic i don't know why.,joy,6
these days i feel incredibly isolated more than usual.,loneliness,7
these days i feel so upset,sadness,10
i'm totally stressed about my exams i don't know why.,exam_stress,5
extremely fried...,burnout,3
i feel totally emotionally exhausted.,burnout,3
ngl i'm terrified of failing this test...,exam_stress,5
today i feel deeply left out and i can't shake it.,loneliness,7
extremely smiling and i can't shake it.,joy,6
i've been quite happy today.,joy,6
"honestly, i'm extremely done.",burnout,3
tbh i'm a bit empty.,depression,4
these days i feel happy today.,joy,6
today i feel really melancholic right now.,sadness,10
i keep feeling kind of optimistic and i can't shake it.,joy,6
right now i'm really fine more than usual.,neutral,9
lately i feel so content today.,joy,6
i've been somewhat unattractive more than usual.,body_image_issue,2
really scared i'll fail my exam right now.,exam_stress,5
i'm a bit anxious.,anxiety,1
tbh i'm kind of like giving up i don't know why.,depression,4
i keep feeling extremely fat and i can't shake it.,body_image_issue,2
right now i'm incredibly not good enough.,low_self_esteem,8
sometimes i feel really overwhelmed by studying and i can't shake it.,exam_stress,5
i'm calm i don't know why.,neutral,9
i think i'm incredibly stupid lately.,low_self_esteem,8
lately i feel so worried about the test.,exam_stress,5
"honestly, i'm kind of done i don't know why.",burnout,3
today i feel a bit glad.,joy,6
i'm quite disconnected more than usual.,loneliness,7
tbh i'm totally running on empty today.,burnout,3
i'm very isolated more than usual.,loneliness,7
i keep feeling completely sad right now.,sadness,10
i am totally anxious lately.,anxiety,1
i'm really deeply sad and i can't shake it.,sadness,10
sometimes i feel deeply invisible more than usual.,loneliness,7
i keep feeling totally fried.,burnout,3
i've been somewhat scared i'll fail my exam and i can't shake it.,exam_stress,5
i keep feeling so resentful,anger,0
tbh i'm mad these days.,anger,0
"honestly, i'm somewhat under pressure today.",stress,11
very like a failure these days.,low_self_esteem,8
i just feel really pressured these days.,stress,11
"honestly, i'm totally done right now.",burnout,3
today i feel really cheerful right now.,joy,6
these days i feel incredibly gloomy.,sadness,10
lately i feel extremely run down lately.,stress,11
sometimes i feel incredibly like a burden i don't know why.,depression,4
these days i feel quite nervous,anxiety,1
uneasy these days.,anxiety,1
i'm really kind of tense from work right now.,stress,11
i've been ashamed of my body lately.,body_image_issue,2
i'm incredibly on edge.,anxiety,1
i think i'm extremely swamped i don't know why.,stress,11
today i feel somewhat not good enough,low_self_esteem,8
i'm somewhat fried lately.,burnout,3
lately i feel okay these days.,neutral,9
tbh i just want to stay in bed.,sadness,10
lately i feel totally under pressure honestly.,stress,11
quite upset lately.,sadness,10
sometimes i feel so useless right now.,low_self_esteem,8
a bit emotionally exhausted.,burnout,3
tbh i'm a bit depleted,burnout,3
lately i feel deeply fat and i can't shake it.,body_image_issue,2
today i feel kind of low lately.,sadness,10
kind of swamped,stress,11
i just feel somewhat just chilling more than usual.,neutral,9
right now i'm so depleted honestly.,burnout,3
i think i'm heartbroken lately.,sadness,10
it seems i'm kind of by myself and i can't shake it.,loneliness,7
i've been really fat these days.,body_image_issue,2
sometimes i feel really pissed off and i can't shake it.,anger,0
i am incredibly frustrated today.,anger,0
i'm incredibly on edge i don't know why.,anxiety,1
i am so just chilling...,neutral,9
it seems i'm kind of like a burden right now.,depression,4
"honestly, i'm completely not good enough more than usual.",low_self_esteem,8
i am a bit running on empty these days.,burnout,3
i feel totally fine and i can't shake it.,neutral,9
i'm quite joyful and i can't shake it.,joy,6
tbh i'm deeply run down more than usual.,stress,11
sometimes i feel resentful...,anger,0
"honestly, i'm so grateful...",joy,6
i feel very ashamed of my body honestly.,body_image_issue,2
so like a failure and i can't shake it.,low_self_esteem,8
lately i feel stupid right now.,low_self_esteem,8
i'm deeply ugly,body_image_issue,2
it seems i'm extremely burnt out today.,burnout,3
i think i'm incredibly worried about the test,exam_stress,5
it seems i'm done these days.,burnout,3
i keep feeling like a burden lately.,depression,4
tbh i'm incredibly stupid more than usual.,low_self_esteem,8
i feel totally light-hearted.,joy,6
i'm completely depleted more than usual.,burnout,3
i am somewhat unattractive...,body_image_issue,2
tbh i'm extremely like nothing matters these days.,depression,4
sometimes i feel completely stressed about my exams today.,exam_stress,5
totally depleted lately.,burnout,3
i feel extremely disconnected and i can't shake it.,loneliness,7
i feel incredibly sad,sadness,10
i feel extremely angry...,anger,0
today i feel really swamped today.,stress,11
i think i'm really left out i don't know why.,loneliness,7
"honestly, i'm a bit like nothing matters",depression,4
i feel deeply stressed more than usual.,stress,11
i've been quite drained...,burnout,3
i'm really gloomy more than usual.,sadness,10
sometimes i feel incredibly exhausted from work and i can't shake it.,burnout,3
sometimes i feel extremely unhappy these days.,sadness,10
i just feel totally worthless right now.,low_self_esteem,8
it seems i'm completely running on empty,burnout,3
i just feel very like there's no point and i can't shake it.,depression,4
right now i'm scared i'll fail my exam lately.,exam_stress,5
tbh i'm completely left out these days.,loneliness,7
today i feel quite melancholic lately.,sadness,10
these days i feel quite numb...,depression,4
i've been extremely at ease i don't know why.,neutral,9
it seems i'm totally by myself i don't know why.,loneliness,7
sometimes i feel totally joyful and i can't shake it.,joy,6
i am incredibly resentful.,anger,0
today i feel very tense from work today.,stress,11
tbh i'm totally overwhelmed and i can't shake it.,stress,11
these days i feel a bit like a burden...,depression,4
i am so forgotten more than usual.,loneliness,7
it seems i'm deeply ugly today.,body_image_issue,2
kind of panicking about finals today.,exam_stress,5
i'm really like nothing matters and i can't shake it.,depression,4
i'm very tense i don't know why.,anxiety,1
"honestly, i'm deeply heartbroken honestly.",sadness,10
i just feel totally melancholic right now.,sadness,10
i feel so balanced,neutral,9
tbh i'm deeply drained honestly.,burnout,3
these days i feel so annoyed,anger,0
these days i feel really heartbroken and i can't shake it.,sadness,10
today i feel deeply stressed about my exams these days.,exam_stress,5
right now i'm extremely like i don't matter honestly.,low_self_esteem,8
sometimes i feel totally not good enough lately.,low_self_esteem,8
i'm incredibly fat right now.,body_image_issue,2
i feel somewhat okay...,neutral,9
"honestly, i'm deeply insecure about my appearance.",body_image_issue,2
i'm somewhat at ease honestly.,neutral,9
incredibly like there's no point honestly.,depression,4
i am extremely buried in tasks.,stress,11
sometimes i feel extremely run down these days.,stress,11
i think i'm really without purpose right now.,depression,4
i think i'm somewhat fine right now.,neutral,9
i just feel so without purpose and i can't shake it.,depression,4
i'm really somewhat angry today.,anger,0
i'm really kind of run down lately.,stress,11
i've been invisible lately.,loneliness,7
i keep feeling so glad these days.,joy,6
quite ugly.,body_image_issue,2
today i feel really anxious about my upcoming exam...,exam_stress,5
i'm really quite normal more than usual.,neutral,9
i just feel kind of isolated honestly.,loneliness,7
right now i'm a bit apprehensive.,anxiety,1
it seems i'm quite isolated and i can't shake it.,loneliness,7
i think i'm deeply mad and i can't shake it.,anger,0
i think i'm really without purpose i don't know why.,depression,4
i'm really quite empty.,depression,4
so frustrated lately.,anger,0
sometimes i feel completely okay honestly.,neutral,9
i'm really very just chilling.,neutral,9
lately i feel quite stressed about my exams and i can't shake it.,exam_stress,5
a bit overwhelmed today.,stress,11
i just feel so sad.,sadness,10
ngl my heart is racing for no reason :(,anxiety,1
these days i feel deeply tense...,anxiety,1
today i feel somewhat drained.,burnout,3
i'm really extremely neutral i don't know why.,neutral,9
today i feel kind of numb,depression,4
i feel kind of grateful lately.,joy,6
tbh i'm very angry.,anger,0
i am extremely light-hearted right now.,joy,6
today i feel really okay more than usual.,neutral,9
it seems i'm extremely stressed about my exams,exam_stress,5
i just feel upset lately.,sadness,10
i just feel incredibly insecure about my appearance honestly.,body_image_issue,2
lately i feel kind of like a failure these days.,low_self_esteem,8
i'm really apprehensive right now.,anxiety,1
these days i feel uneasy and i can't shake it.,anxiety,1
lately i feel totally panicking about finals more than usual.,exam_stress,5
extremely stressed i don't know why.,stress,11
i just feel completely optimistic today.,joy,6
i am a bit glad right now.,joy,6
tbh i'm a bit stupid right now.,low_self_esteem,8
i am somewhat annoyed today.,anger,0
"honestly, i'm very running on empty honestly.",burnout,3
i keep feeling deeply worried lately.,anxiety,1
tbh i'm very worthless today.,low_self_esteem,8
i think i'm so calm these days.,neutral,9
i keep feeling very scared i'll fail my exam i don't know why.,exam_stress,5
sometimes i feel very blue today.,sadness,10
i think i'm really forgotten today.,loneliness,7
today i feel very like there's no point and i can't shake it.,depression,4
lately i feel incredibly grateful lately.,joy,6
tbh i'm so drained of meaning today.,depression,4
extremely worthless honestly.,depression,4
tbh i'm really stupid i don't know why.,low_self_esteem,8
right now i'm deeply blessed right now.,joy,6
today i feel so exhausted from work lately.,burnout,3
i think i'm extremely drained right now.,burnout,3
these days i feel extremely like a burden lately.,depression,4
i think i'm a bit smiling.,joy,6
lately i feel deeply like nobody likes me honestly.,low_self_esteem,8
tbh i'm deeply stressed about my exams.,exam_stress,5
totally useless more than usual.,low_self_esteem,8
right now i'm extremely fat these days.,body_image_issue,2
tbh i'm somewhat shaky.,anxiety,1
i am deeply content these days.,joy,6
tbh i'm totally worried about the test i don't know why.,exam_stress,5
i feel very tense from work these days.,stress,11
i feel really like there's no point,depression,4
i'm really quite down more than usual.,sadness,10
i've been fine honestly.,neutral,9
sometimes i feel quite like a failure,low_self_esteem,8
today i feel somewhat numb right now.,depression,4
right now i'm somewhat neutral honestly.,neutral,9
these days i feel quite furious today.,anger,0
right now i'm incredibly blue and i can't shake it.,sadness,10
i keep feeling deeply numb today.,depression,4
tbh i'm incredibly panicky honestly.,anxiety,1
i keep feeling kind of pressured honestly.,stress,11
it seems i'm a bit stupid more than usual.,low_self_esteem,8
these days i feel scared i'll fail my exam these days.,exam_stress,5
today i feel completely insecure about my appearance today.,body_image_issue,2
lately i feel totally swamped...,stress,11
today i feel really on edge right now.,anxiety,1
lately i feel deeply under pressure and i can't shake it.,stress,11
"honestly, i'm extremely fried today.",burnout,3
right now i'm run down right now.,stress,11
right now i'm deeply uneasy right now.,anxiety,1
i'm kind of panicking about finals,exam_stress,5
i've been totally under pressure and i can't shake it.,stress,11
i'm really somewhat resentful lately.,anger,0
i'm burnt out right now.,burnout,3
sometimes i feel incredibly useless honestly.,low_self_esteem,8
today i feel deeply ashamed of my body today.,body_image_issue,2
i think i'm a bit happy...,joy,6
today i feel incredibly tearful more than usual.,sadness,10
i've been kind of tearful today.,sadness,10
i keep feeling quite left out more than usual.,loneliness,7
today i feel extremely unattractive right now.,body_image_issue,2
i just feel quite horrible about how i look these days.,body_image_issue,2
i just feel really smiling today.,joy,6
i've been quite disgusting in the mirror and i can't shake it.,body_image_issue,2
i've been really stupid i don't know why.,low_self_esteem,8
i'm really so worried about the test,exam_stress,5
i am very on edge right now.,anxiety,1
tbh i'm incredibly running on empty these days.,burnout,3
i'm deeply running on empty lately.,burnout,3
i keep feeling deeply on edge today.,anxiety,1
i feel very buried in tasks,stress,11
today i feel really stupid these days.,low_self_esteem,8
i just feel incredibly low these days.,sadness,10
i just feel totally frustrated today.,anger,0
tbh i'm completely burnt out...,burnout,3
i think i'm somewhat happy i don't know why.,joy,6
i just feel totally joyful and i can't shake it.,joy,6
it seems i'm extremely like a burden today.,depression,4
lately i feel somewhat swamped and i can't shake it.,stress,11
i am incredibly horrible about how i look more than usual.,body_image_issue,2
i am completely smiling more than usual.,joy,6
i feel deeply tense these days.,anxiety,1
i'm really extremely resentful,anger,0
lately i feel a bit tense these days.,anxiety,1
sometimes i feel really resentful today.,anger,0
i keep feeling completely disgusting in the mirror these days.,body_image_issue,2
right now i'm really forgotten honestly.,loneliness,7
i just feel extremely insecure about my appearance and i can't shake it.,body_image_issue,2
lately i feel kind of scared...,anxiety,1
right now i'm really cheerful i don't know why.,joy,6
tbh i'm deeply like i don't matter.,low_self_esteem,8
tbh i'm a bit worthless honestly.,low_self_esteem,8
i'm really so emotionally exhausted today.,burnout,3
it seems i'm very irritated these days.,anger,0
lately i feel somewhat sad.,sadness,10
lately i feel deeply uneasy honestly.,anxiety,1
today i feel a bit anxious i don't know why.,anxiety,1
i just feel so left out today.,loneliness,7
right now i'm completely anxious about my upcoming exam...,exam_stress,5
i just feel quite like nothing matters i don't know why.,depression,4
i just feel incredibly glad and i can't shake it.,joy,6
sometimes i feel totally by myself i don't know why.,loneliness,7
sometimes i feel really alone more than usual.,loneliness,7
i keep feeling totally at ease,neutral,9
i'm deeply enraged,anger,0
it seems i'm kind of fearful lately.,anxiety,1
i keep feeling quite like a failure today.,low_self_esteem,8
totally fat i don't know why.,body_image_issue,2
i'm really incredibly overwhelmed i don't know why.,stress,11
today i feel quite isolated,loneliness,7
i think i'm really by myself and i can't shake it.,loneliness,7
sometimes i feel really nervous right now.,anxiety,1
right now i'm quite insecure about myself these days.,low_self_esteem,8
i keep feeling so heartbroken honestly.,sadness,10
i've been uneasy right now.,anxiety,1
i've been extremely balanced today.,neutral,9
i am deeply normal today.,neutral,9
it seems i'm extremely stressed about my exams i don't know why.,exam_stress,5
"honestly, i'm really like there's no point right now.",depression,4
sometimes i feel quite miserable,sadness,10
it seems i'm deeply frustrated more than usual.,anger,0
lately i feel quite ugly right now.,body_image_issue,2
it seems i'm really drained.,burnout,3
lately i feel so shaky more than usual.,anxiety,1
it seems i'm kind of lonely honestly.,loneliness,7
i feel really pissed off today.,anger,0
i think i'm very burnt out right now.,burnout,3
i'm extremely alright right now.,neutral,9
i'm totally under pressure honestly.,stress,11
"honestly, i'm deeply ashamed of my body today.",body_image_issue,2
i'm really deeply lonely i don't know why.,loneliness,7
tbh i'm totally disgusting in the mirror these days.,body_image_issue,2
today i feel just chilling,neutral,9
i've been gloomy.,sadness,10
today i feel deeply exhausted from work...,burnout,3
right now i'm extremely pressured.,stress,11
totally angry...,anger,0
i just feel totally on edge more than usual.,anxiety,1
these days i feel incredibly like a failure honestly.,low_self_esteem,8
deeply fine right now.,neutral,9
i'm really really lonely,loneliness,7
lately i feel kind of apprehensive and i can't shake it.,anxiety,1
tbh my hands are shaking and i can't breathe...,anxiety,1
i've been somewhat pressured...,stress,11
i feel so nervous lately.,anxiety,1
"honestly, i'm incredibly tense",anxiety,1
i feel quite miserable,sadness,10
i am not good enough lately.,low_self_esteem,8
i feel somewhat melancholic.,sadness,10
these days i feel kind of resentful honestly.,anger,0
i'm really deeply grateful more than usual.,joy,6
i'm on edge...,anxiety,1
i keep feeling very forgotten and i can't shake it.,loneliness,7
"honestly, i'm a bit drained right now.",burnout,3
lately i feel extremely happy more than usual.,joy,6
it seems i'm somewhat left out today.,loneliness,7
i've been really overwhelmed by studying i don't know why.,exam_stress,5
really worried about the test these days.,exam_stress,5
it seems i'm quite gloomy and i can't shake it.,sadness,10
it seems i'm extremely disgusting in the mirror right now.,body_image_issue,2
i've been so worried...,anxiety,1
"honestly, i'm so pleased honestly.",joy,6
i feel a bit down today.,sadness,10
ngl i avoid mirrors...,body_image_issue,2
i feel pressured honestly.,stress,11
i am quite angry and i can't shake it.,anger,0
today i feel quite buried in tasks honestly.,stress,11
i am very frustrated today.,anger,0
i keep feeling completely furious more than usual.,anger,0
lately i feel deeply disgusting in the mirror honestly.,body_image_issue,2
tbh i'm completely alright.,neutral,9
i think i'm a bit panicking about finals lately.,exam_stress,5
i just feel somewhat overwhelmed,stress,11
right now i'm completely just chilling lately.,neutral,9
i keep feeling kind of empty more than usual.,depression,4
i feel stupid lately.,low_self_esteem,8
i'm kind of blessed these days.,joy,6
really stressed about my exams lately.,exam_stress,5
tbh i'm tense from work these days.,stress,11
tbh i'm a bit fearful...,anxiety,1
"honestly, i'm a bit worried about the test.",exam_stress,5
i'm really so uneasy more than usual.,anxiety,1
sometimes i feel totally worried about the test,exam_stress,5
i'm really totally lonely honestly.,loneliness,7
"honestly, i'm very frustrated",anger,0
i keep feeling very horrible about how i look,body_image_issue,2
i am horrible about how i look right now.,body_image_issue,2
i feel so calm more than usual.,neutral,9
i keep feeling a bit fearful lately.,anxiety,1
"honestly, i feel invisible to my friends",loneliness,7
tbh i'm quite forgotten.,loneliness,7
these days i feel kind of unattractive more than usual.,body_image_issue,2
right now i'm somewhat optimistic honestly.,joy,6
these days i feel a bit under pressure...,stress,11
i think i'm quite horrible about how i look right now.,body_image_issue,2
i feel incredibly worthless...,depression,4
"honestly, i'm completely insecure about myself lately.",low_self_esteem,8
everyone seems to have someone except me.,loneliness,7
"honestly, i'm incredibly low these days.",sadness,10
i am completely normal these days.,neutral,9
"honestly, i'm quite just chilling these days.",neutral,9
melancholic lately.,sadness,10
i feel somewhat exhausted from work and i can't shake it.,burnout,3
i think i'm completely fearful...,anxiety,1
right now i'm so worried about the test these days.,exam_stress,5
these days i feel completely low these days.,sadness,10
in a good mood honestly.,joy,6
sometimes i feel extremely left out more than usual.,loneliness,7
i feel extremely run down lately.,stress,11
right now i'm extremely worthless.,low_self_esteem,8
sometimes i feel very hopeless...,depression,4
i just feel completely fat i don't know why.,body_image_issue,2
these days i feel so overwhelmed by studying lately.,exam_stress,5
these days i feel somewhat anxious honestly.,anxiety,1
tbh i'm incredibly exhausted from work honestly.,burnout,3
lately i feel kind of like nobody likes me and i can't shake it.,low_self_esteem,8
i am extremely swamped lately.,stress,11
i've been somewhat running on empty these days.,burnout,3
i've been quite anxious about my upcoming exam these days.,exam_stress,5
sometimes i feel somewhat like giving up honestly.,depression,4
sometimes i feel deeply overwhelmed by studying these days.,exam_stress,5
incredibly lonely today.,loneliness,7
very on edge lately.,anxiety,1
today i feel completely horrible about how i look and i can't shake it.,body_image_issue,2
i just feel deeply fat.,body_image_issue,2
tbh i'm deeply tearful these days.,sadness,10
somewhat fat and i can't shake it.,body_image_issue,2
i feel really pressured...,stress,11
i am kind of upset right now.,sadness,10
lately i feel somewhat empty and i can't shake it.,depression,4
lately i feel somewhat panicking about finals honestly.,exam_stress,5
today i feel completely fried lately.,burnout,3
i'm very lonely lately.,loneliness,7
alright today.,neutral,9
i am so alone honestly.,loneliness,7
right now i'm miserable today.,sadness,10
i just feel very done...,burnout,3
i keep feeling drained more than usual.,burnout,3
i've been extremely at ease and i can't shake it.,neutral,9
i am kind of burnt out,burnout,3
today i feel extremely exhausted from work honestly.,burnout,3
i think i'm totally exhausted from work honestly.,burnout,3
tbh i'm somewhat overwhelmed by studying...,exam_stress,5
i'm really quite tearful more than usual.,sadness,10
i'm really kind of worried i don't know why.,anxiety,1
these days i feel totally worried about the test and i can't shake it.,exam_stress,5
i think i'm quite content i don't know why.,joy,6
it seems i'm kind of fat and i can't shake it.,body_image_issue,2
i've been extremely at ease lately.,neutral,9
i'm deeply burnt out i don't know why.,burnout,3
today i feel totally horrible about how i look lately.,body_image_issue,2
these days i feel incredibly uneasy more than usual.,anxiety,1
i'm extremely angry lately.,anger,0
i keep feeling a bit glad and i can't shake it.,joy,6
tbh i'm very glad right now.,joy,6
i just feel extremely joyful i don't know why.,joy,6
tbh i feel invisible to my friends.,loneliness,7
i feel very happy today.,joy,6
"honestly, i'm really tense from work lately.",stress,11
deeply balanced i don't know why.,neutral,9
i think i'm kind of thankful...,joy,6
lately i feel somewhat shaky more than usual.,anxiety,1
it seems i'm quite scared i'll fail my exam more than usual.,exam_stress,5
i'm down lately.,sadness,10
sometimes i feel incredibly uneasy right now.,anxiety,1
i am quite worried about the test lately.,exam_stress,5
a bit low today.,sadness,10
tbh i'm incredibly frustrated i don't know why.,anger,0
kind of tearful these days.,sadness,10
today i feel really scared i'll fail my exam right now.,exam_stress,5
"honestly, i'm really alright i don't know why.",neutral,9
i feel balanced...,neutral,9
i've been so blessed i don't know why.,joy,6
"honestly, i'm thankful right now.",joy,6
right now i'm extremely scared i'll fail my exam.,exam_stress,5
i think i'm kind of blue lately.,sadness,10
sometimes i feel somewhat disgusting in the mirror and i can't shake it.,body_image_issue,2
i'm really quite apprehensive today.,anxiety,1
i'm disconnected these days.,loneliness,7
i feel a bit light-hearted i don't know why.,joy,6
i just feel deeply like a failure and i can't shake it.,low_self_esteem,8
"honestly, i'm really resentful i don't know why.",anger,0
i keep feeling somewhat done...,burnout,3
i think i'm very alone lately.,loneliness,7
i've been very drained.,burnout,3
tbh i'm a bit smiling more than usual.,joy,6
today i feel totally panicking about finals...,exam_stress,5
lately i feel completely like a burden more than usual.,depression,4
i keep feeling incredibly fried i don't know why.,burnout,3
i'm deeply disgusting in the mirror.,body_image_issue,2
i just feel so apprehensive,anxiety,1
i keep feeling really ashamed of my body more than usual.,body_image_issue,2
these days i feel very worthless lately.,low_self_esteem,8
tbh i'm extremely joyful these days.,joy,6
"honestly, i'm completely horrible about how i look today.",body_image_issue,2
i feel extremely overwhelmed these days.,stress,11
today i feel somewhat buried in tasks honestly.,stress,11
i just feel deeply shaky and i can't shake it.,anxiety,1
i feel completely ashamed of my body lately.,body_image_issue,2
it seems i'm completely exhausted from work today.,burnout,3
i just feel totally enraged and i can't shake it.,anger,0
i am deeply buried in tasks lately.,stress,11
tbh everything reminds me of what i lost...,sadness,10
i keep feeling really light-hearted,joy,6
i'm really so happy...,joy,6
tbh i'm quite enraged lately.,anger,0
lately i feel somewhat mad these days.,anger,0
these days i feel extremely overwhelmed and i can't shake it.,stress,11
i'm balanced,neutral,9
sometimes i feel so at ease these days.,neutral,9
i'm really deeply optimistic,joy,6
"honestly, i'm somewhat fuming",anger,0
kind of pleased and i can't shake it.,joy,6
i'm totally fat more than usual.,body_image_issue,2
lately i feel totally upset...,sadness,10
somewhat not good enough.,low_self_esteem,8
completely normal right now.,neutral,9
it seems i'm deeply stressed about my exams today.,exam_stress,5
i'm really extremely tense from work today.,stress,11
right now i'm very mad...,anger,0
tbh i'm incredibly lonely lately.,loneliness,7
"honestly, i'm very like a failure and i can't shake it.",low_self_esteem,8
it seems i'm totally upset today.,sadness,10
i keep feeling incredibly swamped more than usual.,stress,11
i am quite on edge i don't know why.,anxiety,1
ngl i spend every weekend alone,loneliness,7
i'm really kind of worried about the test.,exam_stress,5
it seems i'm overwhelmed by studying right now.,exam_stress,5
i just feel so glad,joy,6
sometimes i feel somewhat on edge more than usual.,anxiety,1
i am a bit shaky more than usual.,anxiety,1
right now i'm deeply ashamed of my body lately.,body_image_issue,2
tbh i'm somewhat ashamed of my body.,body_image_issue,2
i'm a bit isolated honestly.,loneliness,7
right now i'm so normal honestly.,neutral,9
sometimes i feel very insecure about my appearance and i can't shake it.,body_image_issue,2
i just feel really insecure about myself and i can't shake it.,low_self_esteem,8
i think i'm so like nobody likes me lately.,low_self_esteem,8
i think i'm totally disgusting in the mirror and i can't shake it.,body_image_issue,2
i'm really so normal right now.,neutral,9
sometimes i feel kind of alone lately.,loneliness,7
these days i feel completely swamped honestly.,stress,11
today i feel totally blue honestly.,sadness,10
i'm quite left out...,loneliness,7
i'm a bit isolated,loneliness,7
these days i feel incredibly sad i don't know why.,sadness,10
i just feel extremely alright more than usual.,neutral,9
it seems i'm somewhat insecure about myself i don't know why.,low_self_esteem,8
it seems i'm a bit drained of meaning and i can't shake it.,depression,4
very worthless these days.,low_self_esteem,8
i just feel really like a failure i don't know why.,low_self_esteem,8
today i feel very left out today.,loneliness,7
i think i'm deeply worried about the test honestly.,exam_stress,5
i've been extremely isolated honestly.,loneliness,7
these days i feel normal today.,neutral,9
i keep feeling totally by myself i don't know why.,loneliness,7
i've been extremely just chilling.,neutral,9
i'm totally like a failure honestly.,low_self_esteem,8
unattractive today.,body_image_issue,2
a bit ugly,body_image_issue,2
today i feel very delighted,joy,6
i feel really just chilling today.,neutral,9
i've been incredibly unattractive lately.,body_image_issue,2
i keep feeling really happy these days.,joy,6
i feel really worried about the test these days.,exam_stress,5
i feel very hopeless lately.,depression,4
i am burnt out today.,burnout,3
i'm quite stupid...,low_self_esteem,8
i feel very fat and i can't shake it.,body_image_issue,2
i've been normal.,neutral,9
i'm so calm these days.,neutral,9
i just feel insecure about myself,low_self_esteem,8
"honestly, i'm deeply like i don't matter and i can't shake it.",low_self_esteem,8
i am somewhat neutral these days.,neutral,9
sometimes i feel grateful right now.,joy,6
i think i'm so fearful.,anxiety,1
"honestly, i'm not smart enough for this...",low_self_esteem,8
tbh i'm completely pissed off right now.,anger,0
lately i feel deeply okay and i can't shake it.,neutral,9
lately i feel kind of grateful more than usual.,joy,6
lately i feel quite worthless and i can't shake it.,low_self_esteem,8
lately i feel totally angry today.,anger,0
these days i feel quite furious lately.,anger,0
lately i feel so worthless and i can't shake it.,low_self_esteem,8
i feel so alright these days.,neutral,9
it seems i'm stressed about my exams.,exam_stress,5
completely depleted honestly.,burnout,3
it seems i'm quite ashamed of my body.,body_image_issue,2
"honestly, i'm very like i don't matter",low_self_esteem,8
sometimes i feel totally like i don't matter today.,low_self_esteem,8
lately i feel low i don't know why.,sadness,10
today i feel so stressed about my exams,exam_stress,5
right now i'm deeply fuming i don't know why.,anger,0
i keep feeling kind of run down right now.,stress,11
i'm somewhat worried about the test.,exam_stress,5
i feel deeply alright,neutral,9
i'm really kind of not good enough,low_self_esteem,8
right now i'm incredibly joyful,joy,6
i keep feeling a bit like giving up today.,depression,4
it seems i'm quite disconnected honestly.,loneliness,7
i've been totally worthless honestly.,low_self_esteem,8
i just feel very angry these days.,anger,0
completely swamped today.,stress,11
it seems i'm totally calm today.,neutral,9
lately i feel somewhat panicky today.,anxiety,1
i am totally anxious more than usual.,anxiety,1
i'm totally calm more than usual.,neutral,9
i've been very running on empty and i can't shake it.,burnout,3
lately i feel extremely like giving up today.,depression,4
"honestly, i'm drained...",burnout,3
these days i feel very nervous more than usual.,anxiety,1
i feel totally fuming today.,anger,0
today i feel incredibly calm i don't know why.,neutral,9
lately i feel kind of unhappy honestly.,sadness,10
i'm incredibly stressed about my exams,exam_stress,5
i'm completely unattractive and i can't shake it.,body_image_issue,2
i keep feeling somewhat swamped i don't know why.,stress,11
sometimes i feel kind of cheerful.,joy,6
i'm extremely hopeless honestly.,depression,4
"honestly, no one ever texts me first",loneliness,7
tbh i'm quite enraged i don't know why.,anger,0
it seems i'm uneasy today.,anxiety,1
right now i'm so unattractive lately.,body_image_issue,2
i keep feeling very like i don't matter.,low_self_esteem,8
i'm really somewhat tearful i don't know why.,sadness,10
i feel a bit not good enough...,low_self_esteem,8
these days i feel quite uneasy right now.,anxiety,1
i feel extremely depleted today.,burnout,3
"honestly, i'm so done more than usual.",burnout,3
kind of empty honestly.,depression,4
lately i feel completely like giving up lately.,depression,4
i keep feeling very tense honestly.,anxiety,1
right now i'm quite worried about the test these days.,exam_stress,5
it seems i'm totally stupid these days.,low_self_esteem,8
right now i'm somewhat drained of meaning more than usual.,depression,4
i think i'm completely shaky honestly.,anxiety,1
"honestly, i'm kind of by myself today.",loneliness,7
sometimes i feel deeply without purpose and i can't shake it.,depression,4
these days i feel kind of not good enough more than usual.,low_self_esteem,8
tbh i'm extremely nervous more than usual.,anxiety,1
tbh i'm quite heartbroken...,sadness,10
today i feel very frustrated today.,anger,0
i am completely drained i don't know why.,burnout,3
i'm really really irritated and i can't shake it.,anger,0
right now i'm totally overwhelmed by studying these days.,exam_stress,5
i'm quite isolated...,loneliness,7
today i feel very sad more than usual.,sadness,10
i'm kind of worthless right now.,depression,4
these days i feel completely horrible about how i look lately.,body_image_issue,2
it seems i'm incredibly drained today.,burnout,3
i'm really totally stupid,low_self_esteem,8
i think i'm completely happy...,joy,6
lately i feel incredibly ugly.,body_image_issue,2
i keep feeling kind of upset...,sadness,10
i keep feeling totally invisible,loneliness,7
sometimes i feel very scared i'll fail my exam these days.,exam_stress,5
i'm really kind of like a failure honestly.,low_self_esteem,8
i feel panicking about finals today.,exam_stress,5
i feel totally delighted these days.,joy,6
these days i feel deeply fat more than usual.,body_image_issue,2
i feel running on empty,burnout,3
today i feel really happy honestly.,joy,6
tbh i'm a bit scared i'll fail my exam more than usual.,exam_stress,5
i'm incredibly calm,neutral,9
it seems i'm so normal i don't know why.,neutral,9
i think i'm so buried in tasks honestly.,stress,11
it seems i'm alone lately.,loneliness,7
sometimes i feel incredibly fine,neutral,9
i feel so tearful...,sadness,10
i just feel really unhappy.,sadness,10
i'm really so insecure about my appearance these days.,body_image_issue,2
these days i feel incredibly not good enough.,low_self_esteem,8
"honestly, i'm totally alright",neutral,9
i've been worthless more than usual.,depression,4
lately i feel quite exhausted from work today.,burnout,3
today i feel incredibly invisible today.,loneliness,7
i am completely calm these days.,neutral,9
it seems i'm very isolated today.,loneliness,7
it seems i'm very anxious today.,anxiety,1
tbh i'm worried right now.,anxiety,1
i think i'm kind of normal and i can't shake it.,neutral,9
i think i'm incredibly invisible i don't know why.,loneliness,7
i feel deeply not good enough these days.,low_self_esteem,8
i'm really really panicking about finals today.,exam_stress,5
right now i'm completely by myself and i can't shake it.,loneliness,7
"honestly, i'm totally worried today.",anxiety,1
it seems i'm kind of stressed and i can't shake it.,stress,11
right now i'm so alright right now.,neutral,9
today i feel deeply like nobody likes me these days.,low_self_esteem,8
"honestly, i'm deeply tense from work and i can't shake it.",stress,11
i keep feeling quite without purpose and i can't shake it.,depression,4
very happy.,joy,6
today i feel kind of melancholic today.,sadness,10
i feel overwhelmed by studying honestly.,exam_stress,5
i've been incredibly sad today.,sadness,10
today i feel extremely afraid i don't know why.,anxiety,1
i'm a bit useless and i can't shake it.,low_self_esteem,8
it seems i'm totally low right now.,sadness,10
i keep feeling really forgotten and i can't shake it.,loneliness,7
i feel so worried about the test honestly.,exam_stress,5
sometimes i feel extremely hopeless,depression,4
i feel completely unhappy...,sadness,10
tbh i'm quite irritated i don't know why.,anger,0
today i feel quite alone lately.,loneliness,7
i keep feeling very like nobody likes me these days.,low_self_esteem,8
today i feel kind of sad i don't know why.,sadness,10
these days i feel deeply depleted these days.,burnout,3
"honestly, i'm totally normal today.",neutral,9
really invisible these days.,loneliness,7
sometimes i feel extremely annoyed more than usual.,anger,0
i keep feeling extremely isolated...,loneliness,7
i am really lonely...,loneliness,7
i've been totally frustrated...,anger,0
i feel completely afraid and i can't shake it.,anxiety,1
i am unattractive and i can't shake it.,body_image_issue,2
i've been incredibly normal more than usual.,neutral,9
tbh i'm so gloomy honestly.,sadness,10
somewhat low more than usual.,sadness,10
i feel completely stressed more than usual.,stress,11
so drained lately.,burnout,3
it seems i'm incredibly lonely lately.,loneliness,7
today i feel empty more than usual.,depression,4
i am kind of at ease,neutral,9
sometimes i feel really like nobody likes me honestly.,low_self_esteem,8
i am deeply worried about the test...,exam_stress,5
right now i'm a bit fat...,body_image_issue,2
right now i'm totally worthless and i can't shake it.,low_self_esteem,8
lately i feel completely left out honestly.,loneliness,7
i think i'm grateful lately.,joy,6
deeply like nothing matters more than usual.,depression,4
i am so fat honestly.,body_image_issue,2
i think i'm really enraged...,anger,0
i feel kind of joyful these days.,joy,6
it seems i'm completely enraged more than usual.,anger,0
i just feel somewhat tense from work i don't know why.,stress,11
totally miserable...,sadness,10
i'm really quite lonely right now.,loneliness,7
i keep feeling incredibly swamped right now.,stress,11
these days i feel totally like i don't matter and i can't shake it.,low_self_esteem,8
i just feel completely fried more than usual.,burnout,3
i am very horrible about how i look i don't know why.,body_image_issue,2
i'm so thankful more than usual.,joy,6
right now i'm really hopeless i don't know why.,depression,4
"honestly, i'm deeply enraged honestly.",anger,0
tbh i'm really not good enough right now.,low_self_esteem,8
it seems i'm totally shaky honestly.,anxiety,1
i think i'm completely nervous right now.,anxiety,1
right now i'm extremely melancholic right now.,sadness,10
ngl nothing special happened today.,neutral,9
i've been kind of without purpose...,depression,4
i just feel extremely under pressure i don't know why.,stress,11
"honestly, i'm completely thankful and i can't shake it.",joy,6
"honestly, i'm incredibly just chilling today.",neutral,9
i just feel deeply buried in tasks today.,stress,11
i'm quite not good enough right now.,low_self_esteem,8
these days i feel so insecure about my appearance,body_image_issue,2
i think i'm extremely pissed off,anger,0
i feel totally worthless...,depression,4
it seems i'm like giving up...,depression,4
i am somewhat normal right now.,neutral,9
i am a bit invisible i don't know why.,loneliness,7
these days i feel very ashamed of my body.,body_image_issue,2
so fuming,anger,0
extremely angry these days.,anger,0
i'm fine lately.,neutral,9
i think i'm somewhat nervous and i can't shake it.,anxiety,1
i'm really really ashamed of my body these days.,body_image_issue,2
i feel completely like nothing matters right now.,depression,4
quite frustrated honestly.,anger,0
i'm extremely like there's no point i don't know why.,depression,4
i'm really apprehensive i don't know why.,anxiety,1
"honestly, i'm very invisible these days.",loneliness,7
i'm extremely like a failure i don't know why.,low_self_esteem,8
i just feel somewhat emotionally exhausted and i can't shake it.,burnout,3
i'm really miserable,sadness,10
it seems i'm really fine lately.,neutral,9
tbh i'm quite worthless right now.,depression,4
"honestly, i'm so miserable...",sadness,10
i'm deeply tense from work honestly.,stress,11
i'm panicky.,anxiety,1
tbh i'm really sad lately.,sadness,10
i am very scared i'll fail my exam and i can't shake it.,exam_stress,5
i've been kind of exhausted from work i don't know why.,burnout,3
it seems i'm quite swamped today.,stress,11
tbh i'm somewhat like there's no point,depression,4
it seems i'm very fuming today.,anger,0
right now i'm extremely low and i can't shake it.,sadness,10
i think i'm totally insecure about my appearance i don't know why.,body_image_issue,2
i keep feeling incredibly under pressure and i can't shake it.,stress,11
lately i feel a bit emotionally exhausted honestly.,burnout,3
it seems i'm so enraged honestly.,anger,0
tbh i'm stressed these days.,stress,11
i keep feeling extremely joyful honestly.,joy,6
i keep feeling extremely fat lately.,body_image_issue,2
i am quite done lately.,burnout,3
lately i feel somewhat drained these days.,burnout,3
"honestly, i'm completely under pressure honestly.",stress,11
i'm extremely delighted these days.,joy,6
"honestly, i'm a bit exhausted from work today.",burnout,3
i feel so anxious about my upcoming exam today.,exam_stress,5
i feel kind of running on empty.,burnout,3
i feel totally like a burden lately.,depression,4
i keep feeling really heartbroken and i can't shake it.,sadness,10
completely run down more than usual.,stress,11
i feel very fat honestly.,body_image_issue,2
i keep feeling completely depleted.,burnout,3
ngl i had such a wonderful time :(,joy,6
tbh i'm completely lonely today.,loneliness,7
i just feel extremely unattractive right now.,body_image_issue,2
tbh i'm somewhat run down today.,stress,11
i'm really somewhat mad more than usual.,anger,0
so furious...,anger,0
it seems i'm totally calm honestly.,neutral,9
sometimes i feel somewhat fried right now.,burnout,3
lately i feel extremely panicking about finals today.,exam_stress,5
it seems i'm somewhat alone.,loneliness,7
these days i feel somewhat pissed off right now.,anger,0
these days i feel a bit gloomy honestly.,sadness,10
tbh i'm very stressed about my exams i don't know why.,exam_stress,5
tbh i'm deeply anxious,anxiety,1
sometimes i feel a bit tense from work more than usual.,stress,11
lately i feel deeply unattractive these days.,body_image_issue,2
it seems i'm a bit gloomy and i can't shake it.,sadness,10
it seems i'm miserable...,sadness,10
i've been completely blessed honestly.,joy,6
right now i'm really burnt out,burnout,3
i'm really extremely upset...,sadness,10
right now i'm a bit frustrated these days.,anger,0
tbh i'm somewhat scared.,anxiety,1
totally run down...,stress,11
sometimes i feel so nervous...,anxiety,1
lately i feel somewhat horrible about how i look right now.,body_image_issue,2
i'm deeply swamped these days.,stress,11
i just feel incredibly low today.,sadness,10
i think i'm somewhat heartbroken...,sadness,10
i just feel really done and i can't shake it.,burnout,3
i'm running on empty lately.,burnout,3
i've been kind of smiling,joy,6
lately i feel totally ashamed of my body right now.,body_image_issue,2
lately i feel a bit uneasy these days.,anxiety,1
i am totally useless...,low_self_esteem,8
i think i'm a bit like there's no point right now.,depression,4
i'm really totally glad,joy,6
tbh i'm very enraged and i can't shake it.,anger,0
i feel completely alone honestly.,loneliness,7
i feel somewhat lonely lately.,loneliness,7
i'm really a bit without purpose,depression,4
these days i feel really blessed more than usual.,joy,6
i just feel really buried in tasks right now.,stress,11
right now i'm deeply insecure about myself...,low_self_esteem,8
i think i'm totally in a good mood i don't know why.,joy,6
today i feel deeply without purpose lately.,depression,4
it seems i'm totally buried in tasks.,stress,11
"honestly, i'm really disgusting in the mirror.",body_image_issue,2
i've been extremely enraged...,anger,0
i keep feeling exhausted from work i don't know why.,burnout,3
i am happy more than usual.,joy,6
today i feel a bit under pressure.,stress,11
i am extremely cheerful right now.,joy,6
these days i feel completely lonely today.,loneliness,7
i've been totally scared i'll fail my exam these days.,exam_stress,5
sometimes i feel very disconnected and i can't shake it.,loneliness,7
right now i'm really insecure about my appearance more than usual.,body_image_issue,2
"honestly, i'm quite tearful more than usual.",sadness,10
right now i'm somewhat scared i'll fail my exam today.,exam_stress,5
sometimes i feel completely overwhelmed more than usual.,stress,11
i'm really very under pressure lately.,stress,11
i am a bit depleted.,burnout,3
today i feel completely happy...,joy,6
it seems i'm extremely numb today.,depression,4
tbh i'm completely stressed about my exams today.,exam_stress,5
i think i'm a bit shaky.,anxiety,1
lately i feel kind of low,sadness,10
i keep feeling somewhat on edge...,anxiety,1
it seems i'm quite like giving up and i can't shake it.,depression,4
i'm really very isolated these days.,loneliness,7
today i feel really drained of meaning these days.,depression,4
right now i'm somewhat thankful and i can't shake it.,joy,6
"honestly, i'm incredibly not good enough i don't know why.",low_self_esteem,8
tbh i'm extremely neutral right now.,neutral,9
today i feel extremely panicking about finals today.,exam_stress,5
it seems i'm a bit worthless today.,depression,4
right now i'm extremely scared lately.,anxiety,1
i've been a bit insecure about myself and i can't shake it.,low_self_esteem,8
i am completely like i don't matter right now.,low_self_esteem,8
i've been totally empty lately.,depression,4
i keep feeling kind of ugly...,body_image_issue,2
"honestly, i'm really swamped these days.",stress,11
i think i'm kind of pressured and i can't shake it.,stress,11
today i feel a bit fried today.,burnout,3
i am extremely exhausted from work and i can't shake it.,burnout,3
quite insecure about myself and i can't shake it.,low_self_esteem,8
these days i feel so run down and i can't shake it.,stress,11
today i feel extremely light-hearted honestly.,joy,6
today i feel really okay right now.,neutral,9
tbh i'm somewhat tense right now.,anxiety,1
i feel quite forgotten.,loneliness,7
right now i'm so alone these days.,loneliness,7
it seems i'm extremely not good enough,low_self_esteem,8
i think i'm quite lonely honestly.,loneliness,7
gloomy and i can't shake it.,sadness,10
it seems i'm somewhat pissed off i don't know why.,anger,0
these days i feel deeply forgotten honestly.,loneliness,7
i feel burnt out,burnout,3
tbh i'm really scared i'll fail my exam these days.,exam_stress,5
i've been kind of just chilling,neutral,9
i've been a bit alone more than usual.,loneliness,7
today i feel kind of run down i don't know why.,stress,11
i'm extremely normal lately.,neutral,9
today i feel totally useless honestly.,low_self_esteem,8
lately i feel anxious.,anxiety,1
i feel so resentful lately.,anger,0
it seems i'm incredibly thankful i don't know why.,joy,6
i am quite overwhelmed by studying...,exam_stress,5
i've been totally happy right now.,joy,6
i think i'm somewhat scared these days.,anxiety,1
i'm really somewhat scared lately.,anxiety,1
right now i'm totally melancholic.,sadness,10
i keep feeling quite blue more than usual.,sadness,10
tbh i'm really burnt out more than usual.,burnout,3
these days i feel deeply shaky.,anxiety,1
right now i'm really fine.,neutral,9
tbh i'm quite low and i can't shake it.,sadness,10
i just feel kind of shaky,anxiety,1
"honestly, i'm a bit like a failure",low_self_esteem,8
i just feel so neutral...,neutral,9
i've been somewhat fine.,neutral,9
right now i'm quite ashamed of my body.,body_image_issue,2
today i feel deeply burnt out today.,burnout,3
kind of fearful and i can't shake it.,anxiety,1
i think i'm a bit glad.,joy,6
i just feel quite useless...,low_self_esteem,8
i think i'm extremely lonely and i can't shake it.,loneliness,7
i'm really somewhat hopeless honestly.,depression,4
i just feel really worthless more than usual.,low_self_esteem,8
these days i feel a bit afraid...,anxiety,1
i'm incredibly down today.,sadness,10
i keep feeling incredibly stressed right now.,stress,11
"honestly, i'm extremely worried about the test.",exam_stress,5
these days i feel really ashamed of my body i don't know why.,body_image_issue,2
tbh i'm completely panicking about finals,exam_stress,5
lately i feel quite fuming these days.,anger,0
i just feel deeply alright and i can't shake it.,neutral,9
these days i feel very tense from work.,stress,11
lately i feel totally enraged and i can't shake it.,anger,0
sometimes i feel so alone right now.,loneliness,7
sometimes i feel incredibly buried in tasks honestly.,stress,11
tbh i'm quite panicking about finals i don't know why.,exam_stress,5
i've been quite empty,depression,4
these days i feel extremely stressed about my exams today.,exam_stress,5
completely depleted.,burnout,3
i'm very enraged,anger,0
right now i'm very balanced,neutral,9
i think i'm a bit forgotten today.,loneliness,7
very burnt out more than usual.,burnout,3
i think i'm so anxious about my upcoming exam,exam_stress,5
right now i'm a bit stupid...,low_self_esteem,8
i'm kind of afraid...,anxiety,1
today i feel extremely nervous honestly.,anxiety,1
i am incredibly overwhelmed by studying i don't know why.,exam_stress,5
i feel very panicking about finals these days.,exam_stress,5
i just feel a bit like nobody likes me right now.,low_self_esteem,8
i've been really thankful lately.,joy,6
i just feel somewhat okay...,neutral,9
i just feel totally neutral,neutral,9
somewhat ugly...,body_image_issue,2
i'm really very isolated today.,loneliness,7
i'm really quite tense from work and i can't shake it.,stress,11
i am very frustrated...,anger,0
i think i'm quite nervous honestly.,anxiety,1
tbh i'm kind of annoyed and i can't shake it.,anger,0
i keep feeling completely okay.,neutral,9
i feel somewhat by myself.,loneliness,7
i just feel extremely okay today.,neutral,9
i am thankful honestly.,joy,6
tbh i'm kind of annoyed...,anger,0
i am extremely swamped honestly.,stress,11
these days i feel totally isolated...,loneliness,7
these days i feel very exhausted from work today.,burnout,3
right now i'm totally gloomy i don't know why.,sadness,10
i just feel very fuming today.,anger,0
today i feel totally like nothing matters lately.,depression,4
"honestly, i'm totally pleased today.",joy,6
these days i feel completely like giving up honestly.,depression,4
i'm kind of disconnected i don't know why.,loneliness,7
tbh i'm very stressed about my exams.,exam_stress,5
today i feel deeply worthless today.,low_self_esteem,8
it seems i'm totally gloomy more than usual.,sadness,10
i'm really totally fine right now.,neutral,9
i'm really deeply drained...,burnout,3
i keep feeling deeply isolated these days.,loneliness,7
i just feel completely fearful honestly.,anxiety,1
i am totally unattractive and i can't shake it.,body_image_issue,2
i think i'm very under pressure right now.,stress,11
i've been extremely tense i don't know why.,anxiety,1
"honestly, i'm completely blessed...",joy,6
i keep feeling incredibly exhausted from work lately.,burnout,3
i'm deeply down these days.,sadness,10
right now i'm very stressed honestly.,stress,11
these days i feel a bit mad...,anger,0
sometimes i feel really done right now.,burnout,3
sometimes i feel extremely pressured and i can't shake it.,stress,11
i'm really totally okay lately.,neutral,9
sometimes i feel afraid and i can't shake it.,anxiety,1
i've been really useless more than usual.,low_self_esteem,8
lately i feel a bit shaky i don't know why.,anxiety,1
sometimes i feel heartbroken right now.,sadness,10
i've been so like a failure these days.,low_self_esteem,8
it seems i'm really insecure about my appearance today.,body_image_issue,2
today i feel really calm...,neutral,9
today i feel really disgusting in the mirror,body_image_issue,2
today i feel quite irritated honestly.,anger,0
i'm really quite calm i don't know why.,neutral,9
i just feel very without purpose right now.,depression,4
tbh i'm somewhat stressed about my exams more than usual.,exam_stress,5
it seems i'm somewhat light-hearted,joy,6
today i feel incredibly worried about the test today.,exam_stress,5
i am very in a good mood today.,joy,6
i think i'm totally grateful right now.,joy,6
it seems i'm balanced right now.,neutral,9
lately i feel incredibly like nobody likes me lately.,low_self_esteem,8
i'm deeply depleted...,burnout,3
lately i feel so fuming these days.,anger,0
today i feel incredibly fine...,neutral,9
somewhat afraid honestly.,anxiety,1
i think i'm deeply worthless and i can't shake it.,depression,4
lately i feel quite stressed about my exams more than usual.,exam_stress,5
a bit normal today.,neutral,9
i am so invisible more than usual.,loneliness,7
i just feel incredibly scared...,anxiety,1
i'm really completely neutral today.,neutral,9
these days i feel kind of swamped...,stress,11
"honestly, i'm deeply unattractive today.",body_image_issue,2
i feel extremely calm honestly.,neutral,9
today i feel so frustrated,anger,0
tbh i'm quite apprehensive right now.,anxiety,1
today i feel deeply at ease more than usual.,neutral,9
i'm really very calm and i can't shake it.,neutral,9
i feel very unattractive and i can't shake it.,body_image_issue,2
completely ashamed of my body more than usual.,body_image_issue,2
tbh i'm pressured lately.,stress,11
these days i feel incredibly joyful honestly.,joy,6
i've been very grateful these days.,joy,6
sometimes i feel somewhat upset today.,sadness,10
"honestly, i'm so frustrated i don't know why.",anger,0
i've been deeply lonely today.,loneliness,7
i've been completely under pressure right now.,stress,11
i feel somewhat pressured,stress,11
i'm really totally like giving up and i can't shake it.,depression,4
extremely fearful more than usual.,anxiety,1
sometimes i feel totally stressed about my exams honestly.,exam_stress,5
lately i feel really left out,loneliness,7
everyone is thinner than me :(,body_image_issue,2
i think i'm incredibly unhappy.,sadness,10
i think i'm a bit calm these days.,neutral,9
i am somewhat horrible about how i look today.,body_image_issue,2
tbh i'm a bit insecure about my appearance these days.,body_image_issue,2
sometimes i feel kind of nervous i don't know why.,anxiety,1
right now i'm somewhat swamped,stress,11
it seems i'm kind of light-hearted.,joy,6
right now i'm extremely buried in tasks...,stress,11
these days i feel quite enraged...,anger,0
i just feel very lonely these days.,loneliness,7
"honestly, i'm completely resentful...",anger,0
i'm insecure about my appearance today.,body_image_issue,2
i'm quite fried lately.,burnout,3
i'm really very enraged lately.,anger,0
tbh i'm extremely numb right now.,depression,4
"honestly, i'm melancholic lately.",sadness,10
i think i'm quite useless honestly.,low_self_esteem,8
really fearful these days.,anxiety,1
sometimes i feel kind of like i don't matter...,low_self_esteem,8
i'm really deeply stressed more than usual.,stress,11
i keep feeling a bit happy right now.,joy,6
sometimes i feel deeply fuming these days.,anger,0
i keep feeling okay i don't know why.,neutral,9
i feel really light-hearted i don't know why.,joy,6
lately i feel completely insecure about myself right now.,low_self_esteem,8
"honestly, i'm very scared i'll fail my exam i don't know why.",exam_stress,5
i feel completely unhappy right now.,sadness,10
i am kind of happy lately.,joy,6
these days i feel so normal...,neutral,9
today i feel deeply like nobody likes me...,low_self_esteem,8
it seems i'm deeply under pressure...,stress,11
"honestly, i'm completely unattractive i don't know why.",body_image_issue,2
i just feel totally drained of meaning honestly.,depression,4
i just feel deeply emotionally exhausted,burnout,3
i'm quite alone...,loneliness,7
lately i feel angry right now.,anger,0
i'm a bit ugly these days.,body_image_issue,2
i feel really scared i'll fail my exam lately.,exam_stress,5
i feel very normal,neutral,9
these days i feel really blue i don't know why.,sadness,10
tbh i'm extremely not good enough honestly.,low_self_esteem,8
lately i feel very annoyed and i can't shake it.,anger,0
i think i'm quite down today.,sadness,10
it seems i'm completely sad,sadness,10
i'm really deeply blessed.,joy,6
these days i feel incredibly grateful more than usual.,joy,6
completely blue,sadness,10
incredibly like nothing matters i don't know why.,depression,4
sometimes i feel kind of fuming lately.,anger,0
sometimes i feel extremely unattractive right now.,body_image_issue,2
today i feel extremely left out these days.,loneliness,7
i feel so hopeless honestly.,depression,4
i just feel very in a good mood...,joy,6
right now i'm a bit overwhelmed by studying i don't know why.,exam_stress,5
irritated right now.,anger,0
i've been so useless and i can't shake it.,low_self_esteem,8
i've been quite alright.,neutral,9
tbh i'm frustrated,anger,0
i'm really somewhat stressed,stress,11
i feel somewhat horrible about how i look today.,body_image_issue,2
right now i'm quite fuming lately.,anger,0
lately i feel extremely pissed off i don't know why.,anger,0
i keep feeling somewhat overwhelmed by studying these days.,exam_stress,5
"honestly, i'm quite alright these days.",neutral,9
i just feel kind of content more than usual.,joy,6
i'm so worthless today.,depression,4
i keep feeling somewhat buried in tasks and i can't shake it.,stress,11
i keep feeling really stressed honestly.,stress,11
it seems i'm very swamped more than usual.,stress,11
tbh i'm kind of depleted and i can't shake it.,burnout,3
i think i'm really gloomy...,sadness,10
right now i'm disconnected right now.,loneliness,7
"honestly, i'm completely worried more than usual.",anxiety,1
i think i'm incredibly overwhelmed honestly.,stress,11
these days i feel stressed these days.,stress,11
i keep feeling so sad,sadness,10
i keep feeling totally emotionally exhausted and i can't shake it.,burnout,3
these days i feel kind of normal lately.,neutral,9
these days i feel totally at ease,neutral,9
right now i'm horrible about how i look more than usual.,body_image_issue,2
i think i'm totally nervous...,anxiety,1
i'm really extremely calm honestly.,neutral,9
sometimes i feel so glad...,joy,6
it seems i'm totally blessed,joy,6
sometimes i feel extremely irritated lately.,anger,0
today i feel extremely anxious about my upcoming exam.,exam_stress,5
i feel somewhat ashamed of my body.,body_image_issue,2
right now i'm somewhat furious,anger,0
these days i feel kind of pissed off honestly.,anger,0
i think i'm deeply tense from work right now.,stress,11
i feel deeply optimistic today.,joy,6
i think i'm deeply overwhelmed by studying today.,exam_stress,5
"honestly, i'm totally swamped these days.",stress,11
today i feel done and i can't shake it.,burnout,3
sometimes i feel so scared i'll fail my exam i don't know why.,exam_stress,5
i'm really deeply done right now.,burnout,3
i am deeply neutral more than usual.,neutral,9
i'm really so like nobody likes me right now.,low_self_esteem,8
i just feel totally stupid,low_self_esteem,8
i think i'm totally under pressure and i can't shake it.,stress,11
i'm a bit alright i don't know why.,neutral,9
it seems i'm incredibly stressed today.,stress,11
these days i feel extremely fat and i can't shake it.,body_image_issue,2
i've been kind of anxious about my upcoming exam.,exam_stress,5
tbh i'm really pissed off...,anger,0
tbh i'm a bit cheerful i don't know why.,joy,6
these days i feel totally lonely.,loneliness,7
these days i feel totally miserable i don't know why.,sadness,10
these days i feel totally low...,sadness,10
i keep feeling kind of disgusting in the mirror.,body_image_issue,2
i'm really a bit like a burden today.,depression,4
i think i'm totally joyful more than usual.,joy,6
i'm a bit at ease,neutral,9
right now i'm a bit like nobody likes me right now.,low_self_esteem,8
tbh i'm deeply scared i'll fail my exam,exam_stress,5
i think i'm somewhat fuming.,anger,0
right now i'm deeply pleased right now.,joy,6
these days i feel really uneasy these days.,anxiety,1
"honestly, i'm totally fried i don't know why.",burnout,3
it seems i'm deeply unattractive,body_image_issue,2
i'm completely blue,sadness,10
i'm somewhat stressed about my exams.,exam_stress,5
today i feel really shaky.,anxiety,1
i'm really kind of panicking about finals right now.,exam_stress,5
these days i feel quite exhausted from work these days.,burnout,3
these days i feel worthless these days.,depression,4
i've been extremely worthless and i can't shake it.,low_self_esteem,8
i am quite by myself honestly.,loneliness,7
i am a bit nervous lately.,anxiety,1
i just feel kind of run down these days.,stress,11
i keep feeling deeply like i don't matter these days.,low_self_esteem,8
right now i'm really like i don't matter,low_self_esteem,8
i keep feeling insecure about myself these days.,low_self_esteem,8
"honestly, i'm very miserable.",sadness,10
i just feel like a failure today.,low_self_esteem,8
i think i'm so calm i don't know why.,neutral,9
i'm somewhat uneasy honestly.,anxiety,1
i've been somewhat disgusting in the mirror and i can't shake it.,body_image_issue,2
sometimes i feel kind of ugly and i can't shake it.,body_image_issue,2
lately i feel quite panicking about finals i don't know why.,exam_stress,5
"honestly, i'm emotionally exhausted lately.",burnout,3
i just feel incredibly done these days.,burnout,3
i keep feeling somewhat disconnected right now.,loneliness,7
i'm really deeply tearful.,sadness,10
i keep feeling somewhat unhappy honestly.,sadness,10
lately i feel deeply like a failure more than usual.,low_self_esteem,8
today i feel deeply disconnected lately.,loneliness,7
i'm so light-hearted these days.,joy,6
i'm really extremely melancholic today.,sadness,10
tbh i'm totally drained and i can't shake it.,burnout,3
sometimes i feel so anxious today.,anxiety,1
"honestly, i'm so forgotten and i can't shake it.",loneliness,7
right now i'm a bit enraged today.,anger,0
"honestly, i'm extremely drained of meaning today.",depression,4
sometimes i feel so swamped more than usual.,stress,11
i just feel insecure about my appearance these days.,body_image_issue,2
i'm so scared i'll fail my exam...,exam_stress,5
these days i feel extremely blue right now.,sadness,10
sometimes i feel really smiling...,joy,6
i think i'm very isolated right now.,loneliness,7
useless more than usual.,low_self_esteem,8
it seems i'm pissed off honestly.,anger,0
i've been so anxious lately.,anxiety,1
i keep feeling extremely numb,depression,4
"honestly, i'm somewhat happy and i can't shake it.",joy,6
i think i'm completely overwhelmed by studying honestly.,exam_stress,5
i keep feeling really angry,anger,0
i just feel somewhat not good enough,low_self_esteem,8
i am completely delighted.,joy,6
i am incredibly insecure about my appearance honestly.,body_image_issue,2
i just feel really run down more than usual.,stress,11
it seems i'm a bit burnt out honestly.,burnout,3
i just feel totally insecure about myself more than usual.,low_self_esteem,8
it seems i'm quite overwhelmed by studying more than usual.,exam_stress,5
i think i'm really alright and i can't shake it.,neutral,9
lately i feel somewhat furious,anger,0
these days i feel incredibly swamped i don't know why.,stress,11
i keep feeling deeply cheerful honestly.,joy,6
extremely low.,sadness,10
i think i'm incredibly like a failure and i can't shake it.,low_self_esteem,8
right now i'm deeply content.,joy,6
i'm really really normal lately.,neutral,9
it seems i'm a bit upset lately.,sadness,10
i just feel extremely uneasy honestly.,anxiety,1
i feel really pleased.,joy,6
sometimes i feel somewhat empty these days.,depression,4
very calm honestly.,neutral,9
i just feel kind of furious and i can't shake it.,anger,0
i feel incredibly invisible today.,loneliness,7
i just feel incredibly insecure about my appearance right now.,body_image_issue,2
right now i'm really run down honestly.,stress,11
"honestly, i'm completely melancholic right now.",sadness,10
it seems i'm extremely pressured lately.,stress,11
i am quite glad...,joy,6
i just feel really resentful these days.,anger,0
right now i'm very insecure about my appearance,body_image_issue,2
i am so insecure about my appearance more than usual.,body_image_issue,2
sometimes i feel totally run down and i can't shake it.,stress,11
"honestly, i'm down these days.",sadness,10
lately i feel kind of stressed about my exams i don't know why.,exam_stress,5
a bit unhappy more than usual.,sadness,10
i'm totally cheerful more than usual.,joy,6
these days i feel so like nothing matters...,depression,4
i think i'm so exhausted from work honestly.,burnout,3
lately i feel very fat,body_image_issue,2
sometimes i feel kind of gloomy honestly.,sadness,10
lately i feel somewhat without purpose i don't know why.,depression,4
i'm really extremely like nothing matters,depression,4
sometimes i feel deeply stupid more than usual.,low_self_esteem,8
i just feel quite miserable honestly.,sadness,10
tbh i'm totally isolated lately.,loneliness,7
i think i'm really fearful...,anxiety,1
i feel really forgotten honestly.,loneliness,7
i keep feeling a bit unattractive and i can't shake it.,body_image_issue,2
right now i'm completely done and i can't shake it.,burnout,3
right now i'm really useless today.,low_self_esteem,8
i'm really deeply fearful these days.,anxiety,1
sometimes i feel resentful i don't know why.,anger,0
these days i feel really unattractive today.,body_image_issue,2
right now i'm extremely panicking about finals i don't know why.,exam_stress,5
sometimes i feel overwhelmed,stress,11
"honestly, i feel like i'm just existing",depression,4
i'm really completely furious,anger,0
today i feel completely joyful these days.,joy,6
i'm completely balanced i don't know why.,neutral,9
i am deeply numb and i can't shake it.,depression,4
these days i feel quite happy more than usual.,joy,6
right now i'm somewhat down i don't know why.,sadness,10
i think i'm so not good enough i don't know why.,low_self_esteem,8
totally under pressure.,stress,11
i've been totally thankful...,joy,6
"honestly, i'm a bit panicking about finals lately.",exam_stress,5
i think i'm really in a good mood i don't know why.,joy,6
i've been very drained more than usual.,burnout,3
right now i'm kind of fine these days.,neutral,9
ngl i'm juggling too many responsibilities,stress,11
sometimes i feel completely like i don't matter and i can't shake it.,low_self_esteem,8
"honestly, i'm really ashamed of my body",body_image_issue,2
i think i'm a bit invisible more than usual.,loneliness,7
today i feel very anxious.,anxiety,1
i think i'm deeply delighted...,joy,6
tbh i'm so apprehensive i don't know why.,anxiety,1
i think i'm burnt out more than usual.,burnout,3
lately i feel extremely gloomy today.,sadness,10
tbh i'm a bit exhausted from work i don't know why.,burnout,3
i keep feeling completely at ease i don't know why.,neutral,9
sometimes i feel extremely insecure about my appearance and i can't shake it.,body_image_issue,2
i'm somewhat mad,anger,0
it seems i'm somewhat insecure about my appearance today.,body_image_issue,2
it seems i'm empty more than usual.,depression,4
i am completely upset right now.,sadness,10
i feel completely scared i'll fail my exam more than usual.,exam_stress,5
i just feel somewhat without purpose these days.,depression,4
i'm really a bit overwhelmed honestly.,stress,11
i keep feeling quite upset these days.,sadness,10
these days i feel a bit tense,anxiety,1
i keep feeling extremely melancholic these days.,sadness,10
today i feel quite resentful lately.,anger,0
today i feel very blue i don't know why.,sadness,10
i'm really totally scared and i can't shake it.,anxiety,1
i keep feeling deeply running on empty right now.,burnout,3
i feel incredibly tearful more than usual.,sadness,10
i think i'm deeply anxious,anxiety,1
i'm really deeply scared i'll fail my exam today.,exam_stress,5
today i feel completely worthless,low_self_esteem,8
these days i feel incredibly numb.,depression,4
it seems i'm totally just chilling lately.,neutral,9
i've been incredibly like giving up these days.,depression,4
tbh i'm somewhat useless.,low_self_esteem,8
it seems i'm really anxious about my upcoming exam more than usual.,exam_stress,5
i keep feeling kind of worthless today.,depression,4
right now i'm very anxious about my upcoming exam honestly.,exam_stress,5
i've been isolated.,loneliness,7
these days i feel so alright honestly.,neutral,9
i keep feeling somewhat ugly these days.,body_image_issue,2
these days i feel kind of calm and i can't shake it.,neutral,9
right now i'm kind of panicky...,anxiety,1
right now i'm a bit run down right now.,stress,11
"honestly, i'm okay lately.",neutral,9
it seems i'm deeply anxious right now.,anxiety,1
i'm really completely like giving up today.,depression,4
lately i feel quite like a failure i don't know why.,low_self_esteem,8
these days i feel deeply alright lately.,neutral,9
right now i'm deeply horrible about how i look i don't know why.,body_image_issue,2
i am a bit delighted and i can't shake it.,joy,6
i keep feeling down today.,sadness,10
i keep feeling totally smiling.,joy,6
sometimes i feel gloomy...,sadness,10
i just feel a bit like i don't matter today.,low_self_esteem,8
"honestly, i'm overwhelmed by studying...",exam_stress,5
it seems i'm like there's no point these days.,depression,4
"honestly, i'm somewhat ugly lately.",body_image_issue,2
i am somewhat panicking about finals,exam_stress,5
i'm really hopeless lately.,depression,4
tbh i'm totally worthless today.,low_self_esteem,8
sometimes i feel really ashamed of my body more than usual.,body_image_issue,2
sometimes i feel very upset today.,sadness,10
i think i'm somewhat emotionally exhausted today.,burnout,3
it seems i'm somewhat thankful.,joy,6
i think i'm so run down,stress,11
i keep feeling really exhausted from work these days.,burnout,3
today i feel very ashamed of my body i don't know why.,body_image_issue,2
tbh i'm incredibly irritated and i can't shake it.,anger,0
lately i feel kind of stressed about my exams lately.,exam_stress,5
i'm very resentful more than usual.,anger,0
it seems i'm completely disconnected.,loneliness,7
lately i feel somewhat content honestly.,joy,6
i'm really so unattractive and i can't shake it.,body_image_issue,2
i think i'm quite normal these days.,neutral,9
i just feel completely enraged today.,anger,0
lately i feel deeply scared i'll fail my exam and i can't shake it.,exam_stress,5
completely normal.,neutral,9
tbh i'm a bit blue these days.,sadness,10
right now i'm very ugly right now.,body_image_issue,2
these days i feel completely alone and i can't shake it.,loneliness,7
tbh i'm incredibly unhappy today.,sadness,10
tbh i'm somewhat stressed about my exams i don't know why.,exam_stress,5
tbh i'm very uneasy,anxiety,1
i feel incredibly neutral lately.,neutral,9
these days i feel a bit drained honestly.,burnout,3
lately i feel totally empty and i can't shake it.,depression,4
today i feel so resentful i don't know why.,anger,0
today i feel totally ugly,body_image_issue,2
sometimes i feel incredibly drained i don't know why.,burnout,3
i think i'm very swamped lately.,stress,11
"honestly, i'm completely worthless and i can't shake it.",depression,4
i've been a bit by myself lately.,loneliness,7
i am a bit isolated right now.,loneliness,7
right now i'm very emotionally exhausted...,burnout,3
today i feel quite like i don't matter i don't know why.,low_self_esteem,8
i'm really completely insecure about myself honestly.,low_self_esteem,8
i'm really a bit alone,loneliness,7
today i feel very swamped today.,stress,11
sometimes i feel joyful these days.,joy,6
these days i feel so worthless i don't know why.,depression,4
i'm deeply fearful i don't know why.,anxiety,1
these days i feel very horrible about how i look i don't know why.,body_image_issue,2
totally swamped and i can't shake it.,stress,11
i am so afraid honestly.,anxiety,1
i keep feeling deeply thankful and i can't shake it.,joy,6
i'm a bit calm.,neutral,9
very anxious about my upcoming exam lately.,exam_stress,5
right now i'm completely insecure about my appearance today.,body_image_issue,2
it seems i'm so just chilling and i can't shake it.,neutral,9
sometimes i feel somewhat at ease right now.,neutral,9
it seems i'm at ease honestly.,neutral,9
i'm quite anxious today.,anxiety,1
i am somewhat lonely right now.,loneliness,7
a bit tearful,sadness,10
i just feel a bit run down these days.,stress,11
sometimes i feel very unhappy.,sadness,10
today i feel really like a burden i don't know why.,depression,4
"honestly, i'm deeply overwhelmed by studying.",exam_stress,5
i just feel totally like there's no point more than usual.,depression,4
lately i feel quite exhausted from work honestly.,burnout,3
i've been extremely like a burden...,depression,4
i am completely upset i don't know why.,sadness,10
right now i'm really uneasy lately.,anxiety,1
i keep feeling extremely insecure about myself i don't know why.,low_self_esteem,8
sometimes i feel so happy more than usual.,joy,6
right now i'm incredibly fearful honestly.,anxiety,1
i keep feeling really in a good mood these days.,joy,6
i am quite like nobody likes me lately.,low_self_esteem,8
i'm really extremely by myself i don't know why.,loneliness,7
tbh i'm totally fearful,anxiety,1
it seems i'm incredibly sad and i can't shake it.,sadness,10
these days i feel thankful today.,joy,6
i am really depleted,burnout,3
i'm somewhat unattractive honestly.,body_image_issue,2
it seems i'm panicky,anxiety,1
it seems i'm like i don't matter honestly.,low_self_esteem,8
i feel very stressed about my exams...,exam_stress,5
these days i feel so like giving up.,depression,4
it seems i'm a bit run down.,stress,11
i'm quite miserable today.,sadness,10
sometimes i feel extremely by myself,loneliness,7
it seems i'm really at ease,neutral,9
tbh i'm at ease and i can't shake it.,neutral,9
i'm incredibly ashamed of my body and i can't shake it.,body_image_issue,2
i am overwhelmed by studying honestly.,exam_stress,5
i've been extremely running on empty these days.,burnout,3
i think i'm kind of horrible about how i look more than usual.,body_image_issue,2
extremely furious right now.,anger,0
lately i feel so gloomy i don't know why.,sadness,10
these days i feel very disconnected lately.,loneliness,7
i think i'm really in a good mood lately.,joy,6
it seems i'm depleted these days.,burnout,3
"honestly, i'm extremely irritated",anger,0
"honestly, i'm completely without purpose...",depression,4
it seems i'm deeply hopeless lately.,depression,4
i'm so panicking about finals i don't know why.,exam_stress,5
i've been extremely depleted right now.,burnout,3
"honestly, nobody really knows the real me",loneliness,7
these days i feel totally left out more than usual.,loneliness,7
"honestly, i'm deeply neutral.",neutral,9
i think i'm kind of ashamed of my body...,body_image_issue,2
today i feel totally unattractive,body_image_issue,2
it seems i'm incredibly irritated these days.,anger,0
tbh i'm incredibly frustrated honestly.,anger,0
deeply just chilling lately.,neutral,9
it seems i'm completely at ease today.,neutral,9
right now i'm kind of melancholic honestly.,sadness,10
i think i'm deeply fat honestly.,body_image_issue,2
tbh i'm totally optimistic today.,joy,6
today i feel a bit alone,loneliness,7
i think i'm deeply worthless today.,low_self_esteem,8
i'm really extremely depleted and i can't shake it.,burnout,3
sometimes i feel really normal lately.,neutral,9
tbh i'm really happy today.,joy,6
completely anxious about my upcoming exam lately.,exam_stress,5
i feel deeply unhappy i don't know why.,sadness,10
sometimes i feel a bit running on empty,burnout,3
i keep feeling really scared honestly.,anxiety,1
i feel somewhat without purpose more than usual.,depression,4
sometimes i feel deeply run down,stress,11
today i feel completely just chilling right now.,neutral,9
i'm kind of frustrated lately.,anger,0
lately i feel incredibly fearful these days.,anxiety,1
these days i feel so emotionally exhausted honestly.,burnout,3
i think i'm kind of nervous these days.,anxiety,1
sometimes i feel kind of alright.,neutral,9
right now i'm incredibly happy i don't know why.,joy,6
right now i'm deeply thankful today.,joy,6
i feel incredibly horrible about how i look honestly.,body_image_issue,2
sometimes i feel quite isolated right now.,loneliness,7
i am so scared,anxiety,1
quite calm and i can't shake it.,neutral,9
i think i'm deeply worried and i can't shake it.,anxiety,1
lately i feel kind of empty i don't know why.,depression,4
"honestly, i'm incredibly pissed off and i can't shake it.",anger,0
it seems i'm somewhat tense.,anxiety,1
i'm so angry and i can't shake it.,anger,0
i keep feeling a bit alright and i can't shake it.,neutral,9
these days i feel completely run down...,stress,11
right now i'm incredibly insecure about my appearance.,body_image_issue,2
sometimes i feel kind of swamped today.,stress,11
i am very furious honestly.,anger,0
i just feel a bit at ease right now.,neutral,9
tbh i'm kind of pressured and i can't shake it.,stress,11
i'm really incredibly drained these days.,burnout,3
right now i'm completely tense i don't know why.,anxiety,1
right now i'm extremely invisible,loneliness,7
tbh i'm extremely anxious these days.,anxiety,1
i think i'm so not good enough lately.,low_self_esteem,8
tbh i'm incredibly by myself right now.,loneliness,7
i've been quite done more than usual.,burnout,3
lately i feel kind of resentful i don't know why.,anger,0
i'm really pressured these days.,stress,11
sometimes i feel somewhat insecure about my appearance...,body_image_issue,2
i'm really extremely like a burden,depression,4
these days i feel completely worried about the test lately.,exam_stress,5
i'm kind of apprehensive and i can't shake it.,anxiety,1
i feel so tense from work,stress,11
it seems i'm very at ease right now.,neutral,9
today i feel very alone today.,loneliness,7
i think i'm very like nothing matters.,depression,4
totally okay lately.,neutral,9
it seems i'm very apprehensive i don't know why.,anxiety,1
sometimes i feel a bit furious.,anger,0
i keep feeling somewhat by myself.,loneliness,7
"honestly, i'm kind of stupid lately.",low_self_esteem,8
"honestly, i'm very gloomy.",sadness,10
"honestly, i'm incredibly furious...",anger,0
right now i'm deeply pressured honestly.,stress,11
tbh i'm so optimistic,joy,6
today i feel incredibly anxious about my upcoming exam lately.,exam_stress,5
i think i'm kind of okay i don't know why.,neutral,9
so horrible about how i look right now.,body_image_issue,2
i just feel kind of normal and i can't shake it.,neutral,9
i can't keep up with everything...,stress,11
i've been quite thankful i don't know why.,joy,6
sometimes i feel incredibly fried more than usual.,burnout,3
i've been kind of down more than usual.,sadness,10
sometimes i feel deeply stressed honestly.,stress,11
lately i feel very emotionally exhausted.,burnout,3
these days i feel extremely like there's no point...,depression,4
right now i'm a bit anxious about my upcoming exam.,exam_stress,5
i'm really quite worried about the test and i can't shake it.,exam_stress,5
i'm really very worried and i can't shake it.,anxiety,1
i keep feeling very overwhelmed by studying these days.,exam_stress,5
i just feel really fine lately.,neutral,9
tbh i'm kind of like a failure today.,low_self_esteem,8
lately i feel deeply neutral i don't know why.,neutral,9
today i feel totally stressed lately.,stress,11
completely delighted,joy,6
lately i feel totally buried in tasks today.,stress,11
i keep feeling so grateful today.,joy,6
lately i feel completely mad today.,anger,0
"honestly, i'm ashamed of my body...",body_image_issue,2
today i feel extremely panicking about finals these days.,exam_stress,5
i'm completely by myself and i can't shake it.,loneliness,7
totally furious i don't know why.,anger,0
so swamped and i can't shake it.,stress,11
lately i feel totally forgotten these days.,loneliness,7
i'm really kind of swamped honestly.,stress,11
i've been a bit emotionally exhausted these days.,burnout,3
i keep feeling really just chilling.,neutral,9
i'm a bit like i don't matter these days.,low_self_esteem,8
i've been very worried more than usual.,anxiety,1
it seems i'm deeply like nothing matters right now.,depression,4
lately i feel pressured and i can't shake it.,stress,11
i feel worthless and i can't shake it.,depression,4
i'm really incredibly just chilling honestly.,neutral,9
i keep feeling so irritated.,anger,0
right now i'm very tense today.,anxiety,1
i think i'm completely stressed these days.,stress,11
these days i feel totally run down lately.,stress,11
i'm really quite happy more than usual.,joy,6
i'm really totally overwhelmed and i can't shake it.,stress,11
lately i feel running on empty these days.,burnout,3
i've been a bit miserable right now.,sadness,10
i feel quite blue right now.,sadness,10
i've been incredibly happy more than usual.,joy,6
i just feel so alright...,neutral,9
it seems i'm really fuming i don't know why.,anger,0
i've been fried.,burnout,3
sometimes i feel deeply overwhelmed by studying honestly.,exam_stress,5
i feel incredibly overwhelmed by studying these days.,exam_stress,5
i've been so exhausted from work honestly.,burnout,3
right now i'm incredibly fried today.,burnout,3
i'm quite ashamed of my body...,body_image_issue,2
i keep feeling totally melancholic...,sadness,10
i'm really so under pressure,stress,11
i keep feeling extremely buried in tasks these days.,stress,11
i'm really overwhelmed lately.,stress,11
i feel totally afraid and i can't shake it.,anxiety,1
tbh i'm a bit tense lately.,anxiety,1
"honestly, i'm incredibly forgotten...",loneliness,7
i think i'm incredibly okay lately.,neutral,9
it seems i'm very stressed,stress,11
lately i feel somewhat shaky these days.,anxiety,1
today i feel totally swamped lately.,stress,11
tbh i'm extremely scared i'll fail my exam.,exam_stress,5
tbh i'm totally burnt out these days.,burnout,3
i'm really kind of alright these days.,neutral,9
lately i feel somewhat calm more than usual.,neutral,9
i'm deeply blue...,sadness,10
i keep feeling kind of without purpose...,depression,4
i am buried in tasks i don't know why.,stress,11
i am extremely fried.,burnout,3
today i feel incredibly running on empty...,burnout,3
i think i'm running on empty,burnout,3
so forgotten lately.,loneliness,7
i feel extremely resentful lately.,anger,0
tbh i'm a bit heartbroken honestly.,sadness,10
totally tense from work...,stress,11
i am very left out i don't know why.,loneliness,7
today i feel very run down more than usual.,stress,11
i keep feeling quite worried and i can't shake it.,anxiety,1
tbh i'm extremely fried honestly.,burnout,3
these days i feel deeply drained honestly.,burnout,3
sometimes i feel very light-hearted these days.,joy,6
i think i'm really burnt out...,burnout,3
right now i'm totally empty more than usual.,depression,4
so fat these days.,body_image_issue,2
it seems i'm extremely melancholic.,sadness,10
sometimes i feel deeply done,burnout,3
i keep feeling really hopeless today.,depression,4
i think i'm totally run down lately.,stress,11
these days i feel completely shaky lately.,anxiety,1
i feel kind of exhausted from work these days.,burnout,3
"honestly, i'm totally neutral right now.",neutral,9
i keep feeling deeply unattractive...,body_image_issue,2
today i feel incredibly just chilling more than usual.,neutral,9
i've been totally not good enough.,low_self_esteem,8
these days i feel totally like a failure today.,low_self_esteem,8
sometimes i feel a bit emotionally exhausted today.,burnout,3
today i feel quite blue more than usual.,sadness,10
i just feel totally pressured,stress,11
i think i'm a bit emotionally exhausted and i can't shake it.,burnout,3
"honestly, i'm somewhat done these days.",burnout,3
i'm quite mad honestly.,anger,0
i'm very exhausted from work honestly.,burnout,3
these days i feel quite disconnected and i can't shake it.,loneliness,7
today i feel somewhat done lately.,burnout,3
i'm a bit normal i don't know why.,neutral,9
i keep feeling so under pressure today.,stress,11
today i feel kind of anxious more than usual.,anxiety,1
i just feel completely fat lately.,body_image_issue,2
these days i feel somewhat upset more than usual.,sadness,10
i am alright.,neutral,9
"honestly, i'm quite done...",burnout,3
i'm kind of swamped today.,stress,11
sometimes i feel totally normal honestly.,neutral,9
these days i feel kind of anxious about my upcoming exam lately.,exam_stress,5
these days i feel really not good enough,low_self_esteem,8
today i feel extremely afraid and i can't shake it.,anxiety,1
sometimes i feel deeply buried in tasks more than usual.,stress,11
sometimes i feel frustrated lately.,anger,0
i've been deeply left out right now.,loneliness,7
i feel so invisible these days.,loneliness,7
sometimes i feel exhausted from work i don't know why.,burnout,3
i am somewhat glad...,joy,6
ngl everything feels right,joy,6
i've been somewhat resentful.,anger,0
i've been somewhat depleted these days.,burnout,3
right now i'm completely running on empty these days.,burnout,3
i just feel a bit pissed off.,anger,0
it seems i'm totally ugly and i can't shake it.,body_image_issue,2
i feel completely blessed.,joy,6
i feel completely tense from work today.,stress,11
i feel somewhat glad,joy,6
i just feel somewhat fine and i can't shake it.,neutral,9
i feel quite sad and i can't shake it.,sadness,10
i'm really completely not good enough these days.,low_self_esteem,8
tbh i'm disconnected more than usual.,loneliness,7
i am totally blessed i don't know why.,joy,6
it seems i'm very anxious about my upcoming exam and i can't shake it.,exam_stress,5
"honestly, i'm really normal honestly.",neutral,9
sometimes i feel incredibly unattractive honestly.,body_image_issue,2
i keep feeling kind of pissed off i don't know why.,anger,0
"honestly, i'm really furious i don't know why.",anger,0
right now i'm quite drained of meaning,depression,4
i've been totally overwhelmed right now.,stress,11
it seems i'm a bit in a good mood these days.,joy,6
"honestly, i'm completely low i don't know why.",sadness,10
lately i feel really tense from work honestly.,stress,11
i'm kind of anxious about my upcoming exam today.,exam_stress,5
these days i feel somewhat anxious about my upcoming exam more than usual.,exam_stress,5
i feel totally calm i don't know why.,neutral,9
i just feel extremely irritated.,anger,0
i keep feeling a bit disconnected honestly.,loneliness,7
i've been quite apprehensive.,anxiety,1
very swamped today.,stress,11
today i feel totally tearful honestly.,sadness,10
i feel extremely burnt out these days.,burnout,3
incredibly worthless more than usual.,low_self_esteem,8
lately i feel deeply burnt out more than usual.,burnout,3
it seems i'm a bit isolated these days.,loneliness,7
"honestly, i'm a bit on edge...",anxiety,1
kind of calm right now.,neutral,9
i'm furious,anger,0
i think i'm kind of joyful...,joy,6
i feel totally stressed about my exams...,exam_stress,5
i am extremely horrible about how i look...,body_image_issue,2
ngl just a regular day...,neutral,9
i feel a bit tearful...,sadness,10
i think i'm kind of anxious...,anxiety,1
i'm really incredibly done today.,burnout,3
tbh i'm incredibly fuming.,anger,0
tbh i'm extremely fat,body_image_issue,2
i've been totally neutral today.,neutral,9
tbh i'm kind of useless...,low_self_esteem,8
right now i'm deeply useless and i can't shake it.,low_self_esteem,8
i'm really running on empty lately.,burnout,3
right now i'm incredibly by myself lately.,loneliness,7
i've been extremely not good enough lately.,low_self_esteem,8
ngl i used to love my job and now i dread it.,burnout,3
lately i feel balanced i don't know why.,neutral,9
i'm really a bit like a failure more than usual.,low_self_esteem,8
i just feel done lately.,burnout,3
i keep feeling deeply insecure about myself these days.,low_self_esteem,8
i think i'm completely content honestly.,joy,6
tbh i'm left out today.,loneliness,7
i feel quite like giving up.,depression,4
i'm deeply disconnected...,loneliness,7
ngl everyone seems to have someone except me :(,loneliness,7
watching some tv right now,neutral,9
sometimes i feel deeply lonely right now.,loneliness,7
today i feel so grateful and i can't shake it.,joy,6
i just feel kind of drained of meaning i don't know why.,depression,4
"honestly, i'm very just chilling lately.",neutral,9
lately i feel kind of depleted...,burnout,3
right now i'm incredibly content these days.,joy,6
i'm deeply mad today.,anger,0
i'm somewhat fine.,neutral,9
very at ease i don't know why.,neutral,9
"honestly, i'm deeply at ease more than usual.",neutral,9
"honestly, i'm extremely insecure about myself and i can't shake it.",low_self_esteem,8
i'm really somewhat swamped these days.,stress,11
sometimes i feel totally heartbroken these days.,sadness,10
"honestly, i'm somewhat like there's no point these days.",depression,4
tbh i'm quite at ease and i can't shake it.,neutral,9
today i feel quite shaky honestly.,anxiety,1
somewhat overwhelmed i don't know why.,stress,11
lately i feel extremely ugly honestly.,body_image_issue,2
sometimes i feel completely under pressure these days.,stress,11
i just feel really scared i'll fail my exam honestly.,exam_stress,5
right now i'm quite overwhelmed by studying more than usual.,exam_stress,5
right now i'm a bit horrible about how i look honestly.,body_image_issue,2
i think i'm so done honestly.,burnout,3
right now i'm really shaky and i can't shake it.,anxiety,1
right now i'm incredibly ugly lately.,body_image_issue,2
these days i feel upset and i can't shake it.,sadness,10
i just feel deeply stressed about my exams,exam_stress,5
i've been really cheerful these days.,joy,6
today i feel totally without purpose.,depression,4
i just feel a bit stressed about my exams,exam_stress,5
i think i'm somewhat like giving up...,depression,4
sometimes i feel quite forgotten lately.,loneliness,7
very balanced today.,neutral,9
"honestly, i'm a bit exhausted from work lately.",burnout,3
i am totally depleted more than usual.,burnout,3
tbh i'm totally miserable these days.,sadness,10
"honestly, nothing special happened today.",neutral,9
i'm really frustrated today.,anger,0
"honestly, i'm a bit useless.",low_self_esteem,8
right now i'm kind of irritated i don't know why.,anger,0
i feel really optimistic.,joy,6
right now i'm disconnected honestly.,loneliness,7
tbh i'm kind of fat lately.,body_image_issue,2
i am so tearful right now.,sadness,10
i'm really somewhat angry and i can't shake it.,anger,0
tbh i'm incredibly worried i don't know why.,anxiety,1
i've been somewhat grateful today.,joy,6
so worthless more than usual.,low_self_esteem,8
sometimes i feel deeply anxious about my upcoming exam i don't know why.,exam_stress,5
i am so gloomy,sadness,10
right now i'm on edge lately.,anxiety,1
i'm really really sad honestly.,sadness,10
these days i feel deeply run down,stress,11
i'm really completely drained more than usual.,burnout,3
lately i feel somewhat irritated.,anger,0
"honestly, i just want to stay in bed",sadness,10
very annoyed right now.,anger,0
i keep feeling very like a failure,low_self_esteem,8
i just feel really at ease and i can't shake it.,neutral,9
lately i feel very mad...,anger,0
lately i feel a bit isolated i don't know why.,loneliness,7
i am kind of under pressure...,stress,11
tbh i'm extremely irritated.,anger,0
today i feel somewhat melancholic.,sadness,10
i just feel quite in a good mood today.,joy,6
sometimes i feel so fat...,body_image_issue,2
lately i feel quite mad...,anger,0
i am somewhat frustrated and i can't shake it.,anger,0
i'm really really invisible i don't know why.,loneliness,7
i just feel totally under pressure i don't know why.,stress,11
right now i'm somewhat insecure about my appearance today.,body_image_issue,2
sometimes i feel really done.,burnout,3
sometimes i feel quite unattractive i don't know why.,body_image_issue,2
these days i feel extremely miserable right now.,sadness,10
ngl nothing brings me joy anymore,depression,4
lately i feel incredibly stressed about my exams lately.,exam_stress,5
these days i feel very depleted more than usual.,burnout,3
i just feel kind of buried in tasks honestly.,stress,11
lately i feel quite alright more than usual.,neutral,9
i feel extremely emotionally exhausted lately.,burnout,3
today i feel kind of panicky...,anxiety,1
i feel extremely furious,anger,0
today i feel kind of isolated honestly.,loneliness,7
these days i feel kind of burnt out i don't know why.,burnout,3
i keep feeling light-hearted right now.,joy,6
it seems i'm incredibly emotionally exhausted more than usual.,burnout,3
it seems i'm so ashamed of my body...,body_image_issue,2
i just feel somewhat ugly honestly.,body_image_issue,2
i am low these days.,sadness,10
i just feel really empty more than usual.,depression,4
sometimes i feel somewhat anxious right now.,anxiety,1
it seems i'm incredibly grateful more than usual.,joy,6
sometimes i feel deeply depleted more than usual.,burnout,3
i'm really kind of in a good mood and i can't shake it.,joy,6
i'm really a bit grateful...,joy,6
these days i feel somewhat numb,depression,4
today i feel extremely numb more than usual.,depression,4
it seems i'm incredibly unattractive,body_image_issue,2
i feel ugly,body_image_issue,2
tbh i'm incredibly irritated,anger,0
"honestly, i'm so by myself today.",loneliness,7
i think i'm completely blue.,sadness,10
sometimes i feel totally sad.,sadness,10
i just feel extremely neutral lately.,neutral,9
"honestly, i'm quite overwhelmed by studying more than usual.",exam_stress,5
"honestly, i'm quite resentful these days.",anger,0
i think i'm deeply hopeless right now.,depression,4
today i feel really fat right now.,body_image_issue,2
really useless and i can't shake it.,low_self_esteem,8
i'm totally on edge,anxiety,1
i'm really totally resentful honestly.,anger,0
tbh i'm very glad these days.,joy,6
i just feel a bit normal honestly.,neutral,9
these days i feel somewhat pissed off today.,anger,0
i feel so isolated these days.,loneliness,7
i'm really calm these days.,neutral,9
extremely by myself.,loneliness,7
it seems i'm extremely light-hearted.,joy,6
"honestly, i'm so blessed honestly.",joy,6
lately i feel quite anxious about my upcoming exam these days.,exam_stress,5
i just feel so alright honestly.,neutral,9
i think i'm incredibly frustrated...,anger,0
today i feel a bit unhappy,sadness,10
i think i'm a bit lonely i don't know why.,loneliness,7
it seems i'm somewhat tense these days.,anxiety,1
today i feel a bit isolated right now.,loneliness,7
sometimes i feel so worthless and i can't shake it.,low_self_esteem,8
lately i feel totally nervous i don't know why.,anxiety,1
i keep feeling really buried in tasks honestly.,stress,11
sometimes i feel quite lonely these days.,loneliness,7
i'm kind of shaky...,anxiety,1
tbh i'm quite scared i'll fail my exam.,exam_stress,5
i am deeply blessed i don't know why.,joy,6
lately i feel depleted these days.,burnout,3
sometimes i feel quite running on empty...,burnout,3
i've been totally emotionally exhausted honestly.,burnout,3
right now i'm somewhat invisible right now.,loneliness,7
lately i feel very enraged right now.,anger,0
sometimes i feel quite overwhelmed by studying honestly.,exam_stress,5
i think i'm kind of fearful more than usual.,anxiety,1
i'm somewhat joyful right now.,joy,6
i think i'm extremely lonely more than usual.,loneliness,7
tbh i'm resentful these days.,anger,0
right now i'm extremely running on empty today.,burnout,3
i think i'm kind of at ease these days.,neutral,9
these days i feel a bit like a burden these days.,depression,4
lately i feel quite happy right now.,joy,6
i'm kind of horrible about how i look honestly.,body_image_issue,2
i've been extremely worried right now.,anxiety,1
i've been somewhat anxious about my upcoming exam these days.,exam_stress,5
i just feel kind of swamped these days.,stress,11
i'm really anxious i don't know why.,anxiety,1
i've been quite normal more than usual.,neutral,9
i've been quite pressured.,stress,11
these days i feel totally by myself,loneliness,7
"honestly, i'm incredibly done...",burnout,3
extremely fearful right now.,anxiety,1
i'm quite anxious about my upcoming exam and i can't shake it.,exam_stress,5
i just feel deeply without purpose,depression,4
it seems i'm extremely depleted,burnout,3
i'm really totally unattractive honestly.,body_image_issue,2
i am so glad i don't know why.,joy,6
i just feel content i don't know why.,joy,6
right now i'm extremely drained of meaning today.,depression,4
totally worried about the test lately.,exam_stress,5
i just feel so anxious about my upcoming exam these days.,exam_stress,5
these days i feel so anxious lately.,anxiety,1
i feel quite like nothing matters lately.,depression,4
these days i feel extremely smiling lately.,joy,6
"honestly, i'm totally scared these days.",anxiety,1
it seems i'm totally neutral...,neutral,9
i'm physically and mentally wiped out...,burnout,3
i'm completely content lately.,joy,6
totally emotionally exhausted...,burnout,3
these days i feel so worthless,low_self_esteem,8
these days i feel somewhat gloomy i don't know why.,sadness,10
i am kind of anxious lately.,anxiety,1
these days i feel kind of panicking about finals...,exam_stress,5
today i feel incredibly invisible these days.,loneliness,7
i feel incredibly tearful and i can't shake it.,sadness,10
somewhat lonely honestly.,loneliness,7
i am quite buried in tasks...,stress,11
i just feel quite normal right now.,neutral,9
i think i'm a bit stressed about my exams and i can't shake it.,exam_stress,5
tbh i'm completely anxious about my upcoming exam...,exam_stress,5
these days i feel quite fearful honestly.,anxiety,1
i'm a bit stressed about my exams right now.,exam_stress,5
i am completely not good enough today.,low_self_esteem,8
it seems i'm kind of disgusting in the mirror today.,body_image_issue,2
i just feel extremely neutral today.,neutral,9
i think i'm very tearful...,sadness,10
right now i'm extremely melancholic...,sadness,10
right now i'm incredibly thankful lately.,joy,6
i think i'm heartbroken these days.,sadness,10
i think i'm really scared i'll fail my exam,exam_stress,5
tbh i'm deeply frustrated i don't know why.,anger,0
i am totally uneasy...,anxiety,1
i've been kind of mad honestly.,anger,0
i'm totally like giving up more than usual.,depression,4
lately i feel disconnected honestly.,loneliness,7
sometimes i feel incredibly ugly these days.,body_image_issue,2
i've been totally calm right now.,neutral,9
i keep feeling kind of overwhelmed by studying...,exam_stress,5
"honestly, i have nothing left to give...",burnout,3
tbh i'm so drained,burnout,3
i just feel totally low,sadness,10
extremely disconnected lately.,loneliness,7
i feel somewhat anxious about my upcoming exam lately.,exam_stress,5
these days i feel very tense from work lately.,stress,11
right now i'm completely insecure about myself,low_self_esteem,8
i think i'm very furious honestly.,anger,0
"honestly, i'm deeply like nobody likes me...",low_self_esteem,8
"honestly, i'm incredibly not good enough right now.",low_self_esteem,8
tbh i'm extremely like i don't matter today.,low_self_esteem,8
i've been totally stressed about my exams...,exam_stress,5
"honestly, i'm totally alone these days.",loneliness,7
i'm really deeply low i don't know why.,sadness,10
i'm totally disgusting in the mirror,body_image_issue,2
quite running on empty,burnout,3
tbh i'm incredibly like a failure...,low_self_esteem,8
sometimes i feel a bit by myself lately.,loneliness,7
i feel somewhat like giving up more than usual.,depression,4
i just feel completely like a failure...,low_self_esteem,8
i feel kind of like a burden today.,depression,4
tbh i'm fried more than usual.,burnout,3
right now i'm somewhat insecure about myself right now.,low_self_esteem,8
i've been incredibly depleted.,burnout,3
it seems i'm so frustrated right now.,anger,0
i am extremely burnt out lately.,burnout,3
right now i'm kind of pressured today.,stress,11
it seems i'm incredibly depleted i don't know why.,burnout,3
it seems i'm incredibly anxious about my upcoming exam right now.,exam_stress,5
right now i'm very pissed off and i can't shake it.,anger,0
tbh i'm totally scared these days.,anxiety,1
i've been very like nobody likes me and i can't shake it.,low_self_esteem,8
"honestly, i'm really emotionally exhausted.",burnout,3
these days i feel so sad...,sadness,10
i just feel deeply useless i don't know why.,low_self_esteem,8
it seems i'm completely stupid.,low_self_esteem,8
i've been a bit overwhelmed...,stress,11
lately i feel scared i'll fail my exam honestly.,exam_stress,5
i just feel incredibly afraid,anxiety,1
i've been deeply panicking about finals and i can't shake it.,exam_stress,5
i'm really very lonely i don't know why.,loneliness,7
tbh i'm somewhat smiling i don't know why.,joy,6
really miserable honestly.,sadness,10
sometimes i feel deeply furious.,anger,0
i think i'm completely light-hearted i don't know why.,joy,6
i'm really afraid...,anxiety,1
tbh i'm totally stressed about my exams.,exam_stress,5
i just feel extremely lonely i don't know why.,loneliness,7
tbh i'm kind of not good enough today.,low_self_esteem,8
i'm really a bit like a failure right now.,low_self_esteem,8
i keep feeling very overwhelmed by studying i don't know why.,exam_stress,5
i am extremely irritated lately.,anger,0
today i feel totally disconnected,loneliness,7
these days i feel so content lately.,joy,6
lately i feel a bit overwhelmed these days.,stress,11
i think i'm extremely stupid...,low_self_esteem,8
i keep feeling somewhat invisible more than usual.,loneliness,7
extremely uneasy honestly.,anxiety,1
i'm really incredibly exhausted from work right now.,burnout,3
i keep feeling quite annoyed...,anger,0
"honestly, i'm a bit heartbroken these days.",sadness,10
i just feel really worthless and i can't shake it.,low_self_esteem,8
i'm quite left out and i can't shake it.,loneliness,7
today i feel really blue and i can't shake it.,sadness,10
tbh i'm a bit at ease lately.,neutral,9
i'm really stressed about my exams i don't know why.,exam_stress,5
i am completely horrible about how i look and i can't shake it.,body_image_issue,2
i just feel kind of exhausted from work honestly.,burnout,3
i keep feeling totally disgusting in the mirror i don't know why.,body_image_issue,2
right now i'm so furious lately.,anger,0
lately i feel quite alright lately.,neutral,9
lately i feel a bit buried in tasks lately.,stress,11
right now i'm quite alright honestly.,neutral,9
today i feel totally forgotten more than usual.,loneliness,7
"honestly, i'm totally blessed more than usual.",joy,6
lately i feel incredibly pissed off these days.,anger,0
"honestly, i'm so stressed about my exams today.",exam_stress,5
kind of pissed off...,anger,0
i keep feeling without purpose more than usual.,depression,4
tbh i'm really gloomy more than usual.,sadness,10
sometimes i feel kind of fat.,body_image_issue,2
i'm really quite frustrated.,anger,0
tbh i'm completely stressed i don't know why.,stress,11
i think i'm quite stupid right now.,low_self_esteem,8
i'm deeply numb lately.,depression,4
right now i'm totally invisible today.,loneliness,7
sometimes i feel totally insecure about myself more than usual.,low_self_esteem,8
tbh i'm extremely useless right now.,low_self_esteem,8
i think i'm so sad these days.,sadness,10
it seems i'm totally normal and i can't shake it.,neutral,9
right now i'm really optimistic more than usual.,joy,6
i've been pissed off right now.,anger,0
i finally feel at peace and happy,joy,6
tbh i'm quite joyful...,joy,6
i just feel somewhat fearful today.,anxiety,1
sometimes i feel quite worthless and i can't shake it.,depression,4
i just feel really on edge i don't know why.,anxiety,1
i'm deeply stressed about my exams today.,exam_stress,5
i am completely neutral i don't know why.,neutral,9
i'm really very tearful,sadness,10
i'm really really nervous and i can't shake it.,anxiety,1
right now i'm happy lately.,joy,6
sometimes i feel really hopeless more than usual.,depression,4
i'm disgusting in the mirror and i can't shake it.,body_image_issue,2
i feel a bit overwhelmed and i can't shake it.,stress,11
i keep feeling quite run down...,stress,11
"honestly, i'm very fat lately.",body_image_issue,2
i am so like there's no point honestly.,depression,4
"honestly, i'm deeply swamped",stress,11
these days i feel a bit heartbroken right now.,sadness,10
right now i'm deeply enraged honestly.,anger,0
extremely thankful i don't know why.,joy,6
i think i'm kind of worthless,low_self_esteem,8
i am so ugly more than usual.,body_image_issue,2
i'm incredibly overwhelmed by studying.,exam_stress,5
i keep feeling really isolated today.,loneliness,7
tbh i'm so stressed about my exams and i can't shake it.,exam_stress,5
lately i feel totally done...,burnout,3
"honestly, i'm quite at ease i don't know why.",neutral,9
sometimes i feel incredibly drained these days.,burnout,3
it seems i'm somewhat useless lately.,low_self_esteem,8
i am quite scared i'll fail my exam,exam_stress,5
i'm really somewhat like nobody likes me today.,low_self_esteem,8
tbh i'm a bit worried about the test.,exam_stress,5
i think i'm totally panicking about finals honestly.,exam_stress,5
i think i'm incredibly pissed off these days.,anger,0
lately i feel deeply not good enough,low_self_esteem,8
it seems i'm deeply insecure about my appearance more than usual.,body_image_issue,2
sometimes i feel deeply at ease these days.,neutral,9
i am quite emotionally exhausted these days.,burnout,3
i just feel incredibly enraged and i can't shake it.,anger,0
today i feel so alone.,loneliness,7
tbh i'm totally stupid,low_self_esteem,8
i'm kind of pressured lately.,stress,11
tbh i'm incredibly ugly i don't know why.,body_image_issue,2
it seems i'm quite empty,depression,4
i think i'm overwhelmed today.,stress,11
lately i feel deeply invisible,loneliness,7
lately i feel deeply without purpose honestly.,depression,4
i've been so blessed,joy,6
i think i'm deeply happy honestly.,joy,6
today i feel panicking about finals lately.,exam_stress,5
i feel a bit numb today.,depression,4
i am so stressed right now.,stress,11
i'm really so heartbroken honestly.,sadness,10
i just feel deeply useless and i can't shake it.,low_self_esteem,8
i've been very frustrated today.,anger,0
these days i feel ugly...,body_image_issue,2
i keep feeling really disgusting in the mirror honestly.,body_image_issue,2
i'm really totally tense from work these days.,stress,11
i just feel quite lonely right now.,loneliness,7
i'm like there's no point,depression,4
it seems i'm somewhat drained these days.,burnout,3
i'm really incredibly disconnected these days.,loneliness,7
kind of fuming right now.,anger,0
today i feel deeply pressured.,stress,11
these days i feel extremely hopeless honestly.,depression,4
lately i feel stressed these days.,stress,11
i'm really kind of fine these days.,neutral,9
i've been quite melancholic...,sadness,10
i keep feeling deeply worthless today.,depression,4
i am completely ugly i don't know why.,body_image_issue,2
i feel incredibly grateful honestly.,joy,6
lately i feel so blessed and i can't shake it.,joy,6
i just feel totally disgusting in the mirror lately.,body_image_issue,2
i just feel deeply buried in tasks i don't know why.,stress,11
lately i feel quite overwhelmed by studying more than usual.,exam_stress,5
i am tense from work i don't know why.,stress,11
"honestly, i'm kind of pissed off more than usual.",anger,0
it seems i'm kind of like i don't matter,low_self_esteem,8
i'm really deeply depleted and i can't shake it.,burnout,3
i just feel deeply blessed honestly.,joy,6
i've been completely worthless and i can't shake it.,low_self_esteem,8
i am calm,neutral,9
i just feel extremely insecure about myself i don't know why.,low_self_esteem,8
i just feel very like giving up right now.,depression,4
totally blue,sadness,10
i think i'm kind of happy more than usual.,joy,6
lately i feel really normal these days.,neutral,9
i'm really extremely like there's no point and i can't shake it.,depression,4
i just feel totally tense from work these days.,stress,11
tbh i'm completely drained...,burnout,3
overwhelmed and i can't shake it.,stress,11
tbh i'm so apprehensive today.,anxiety,1
i'm quite swamped,stress,11
i feel so hopeless,depression,4
i keep feeling deeply without purpose.,depression,4
these days i feel completely tense from work lately.,stress,11
these days i feel incredibly gloomy today.,sadness,10
today i feel somewhat scared i'll fail my exam.,exam_stress,5
sometimes i feel really calm more than usual.,neutral,9
i think i'm quite down,sadness,10
right now i'm really panicky right now.,anxiety,1
i just feel deeply angry.,anger,0
i've been so isolated today.,loneliness,7
i am kind of worthless lately.,low_self_esteem,8
these days i feel quite forgotten.,loneliness,7
i think i'm so worried about the test lately.,exam_stress,5
today i feel very lonely right now.,loneliness,7
sometimes i feel kind of optimistic more than usual.,joy,6
i'm really so ugly and i can't shake it.,body_image_issue,2
"honestly, i'm anxious about my upcoming exam",exam_stress,5
these days i feel very ugly lately.,body_image_issue,2
i'm deeply fried lately.,burnout,3
tbh i'm incredibly apprehensive right now.,anxiety,1
i'm somewhat done,burnout,3
i've been kind of unattractive these days.,body_image_issue,2
i just feel extremely like a failure these days.,low_self_esteem,8
i am very happy more than usual.,joy,6
right now i'm so buried in tasks lately.,stress,11
i'm really like nothing matters,depression,4
i'm completely buried in tasks these days.,stress,11
today i feel so hopeless honestly.,depression,4
sometimes i feel somewhat buried in tasks i don't know why.,stress,11
i'm really deeply on edge right now.,anxiety,1
so gloomy,sadness,10
i'm really kind of ugly i don't know why.,body_image_issue,2
sometimes i feel deeply panicking about finals these days.,exam_stress,5
it seems i'm quite pissed off right now.,anger,0
deeply calm these days.,neutral,9
i feel incredibly disgusting in the mirror right now.,body_image_issue,2
these days i feel quite panicking about finals lately.,exam_stress,5
i'm kind of panicky.,anxiety,1
it seems i'm quite panicky...,anxiety,1
lately i feel completely drained of meaning lately.,depression,4
i am incredibly grateful honestly.,joy,6
sometimes i feel very forgotten i don't know why.,loneliness,7
sometimes i feel deeply grateful,joy,6
lately i feel extremely thankful more than usual.,joy,6
i'm really a bit melancholic honestly.,sadness,10
i'm really extremely worried about the test i don't know why.,exam_stress,5
i'm really extremely running on empty and i can't shake it.,burnout,3
i keep feeling completely on edge honestly.,anxiety,1
i think i'm incredibly happy i don't know why.,joy,6
"honestly, i'm very blue today.",sadness,10
i'm totally swamped...,stress,11
"honestly, i'm by myself more than usual.",loneliness,7
lately i feel deeply depleted right now.,burnout,3
i'm so under pressure,stress,11
these days i feel kind of pressured...,stress,11
lately i feel exhausted from work,burnout,3
it seems i'm deeply enraged.,anger,0
"honestly, i'm totally run down these days.",stress,11
i'm incredibly anxious today.,anxiety,1
i've been quite numb honestly.,depression,4
i think i'm really irritated...,anger,0
today i feel very fat today.,body_image_issue,2
i'm quite overwhelmed...,stress,11
i'm happy today.,joy,6
i'm incredibly pressured honestly.,stress,11
i've been very like there's no point these days.,depression,4
i'm quite overwhelmed by studying,exam_stress,5
i'm really totally anxious about my upcoming exam,exam_stress,5
completely shaky right now.,anxiety,1
i just feel kind of down.,sadness,10
deeply unattractive these days.,body_image_issue,2
i feel so irritated and i can't shake it.,anger,0
i'm deeply stressed i don't know why.,stress,11
these days i feel totally annoyed,anger,0
lately i feel completely miserable today.,sadness,10
so light-hearted,joy,6
i'm totally fat.,body_image_issue,2
right now i'm so like a burden these days.,depression,4
i am completely shaky...,anxiety,1
i keep feeling kind of like there's no point these days.,depression,4
i keep feeling a bit frustrated lately.,anger,0
i just feel extremely low honestly.,sadness,10
i just feel deeply worried more than usual.,anxiety,1
quite worried about the test.,exam_stress,5
these days i feel kind of insecure about my appearance right now.,body_image_issue,2
i'm somewhat insecure about myself these days.,low_self_esteem,8
i've been really alright today.,neutral,9
totally like a failure lately.,low_self_esteem,8
a bit apprehensive.,anxiety,1
these days i feel really angry,anger,0
i'm so tense,anxiety,1
i just feel quite neutral right now.,neutral,9
i feel so without purpose...,depression,4
it seems i'm kind of sad...,sadness,10
i think i'm completely anxious about my upcoming exam lately.,exam_stress,5
right now i'm under pressure,stress,11
i'm really so grateful lately.,joy,6
"honestly, i'm very fat these days.",body_image_issue,2
i am incredibly content honestly.,joy,6
lately i feel totally buried in tasks i don't know why.,stress,11
i've been quite ashamed of my body i don't know why.,body_image_issue,2
i think i'm deeply down i don't know why.,sadness,10
it seems i'm extremely useless i don't know why.,low_self_esteem,8
it seems i'm a bit tense,anxiety,1
i just feel extremely swamped honestly.,stress,11
i keep feeling somewhat stressed and i can't shake it.,stress,11
right now i'm a bit blue honestly.,sadness,10
i just feel a bit fearful these days.,anxiety,1
i just feel completely joyful i don't know why.,joy,6
right now i'm so panicking about finals and i can't shake it.,exam_stress,5
i'm really okay...,neutral,9
i just feel mad right now.,anger,0
"honestly, i'm very under pressure and i can't shake it.",stress,11
it seems i'm quite uneasy and i can't shake it.,anxiety,1
i keep feeling kind of fat...,body_image_issue,2
i just feel very like nobody likes me right now.,low_self_esteem,8
completely apprehensive,anxiety,1
these days i feel completely overwhelmed by studying honestly.,exam_stress,5
"honestly, i'm kind of like nobody likes me and i can't shake it.",low_self_esteem,8
these days i feel very fine today.,neutral,9
lately i feel so blessed right now.,joy,6
sometimes i feel a bit irritated and i can't shake it.,anger,0
i feel completely melancholic...,sadness,10
these days i feel so like a burden today.,depression,4
i'm totally apprehensive,anxiety,1
"honestly, i'm completely content",joy,6
i've been incredibly scared and i can't shake it.,anxiety,1
i am incredibly stressed about my exams honestly.,exam_stress,5
today i feel extremely overwhelmed by studying lately.,exam_stress,5
i think i'm really anxious i don't know why.,anxiety,1
it seems i'm so resentful and i can't shake it.,anger,0
it seems i'm completely overwhelmed more than usual.,stress,11
i keep feeling quite blue right now.,sadness,10
sometimes i feel so on edge lately.,anxiety,1
i'm deeply irritated and i can't shake it.,anger,0
it seems i'm very without purpose...,depression,4
i'm extremely unattractive these days.,body_image_issue,2
i've been like i don't matter lately.,low_self_esteem,8
i keep feeling incredibly pressured today.,stress,11
today i feel extremely like i don't matter honestly.,low_self_esteem,8
i feel extremely shaky,anxiety,1
i've been completely by myself i don't know why.,loneliness,7
i'm extremely in a good mood honestly.,joy,6
i am deeply resentful right now.,anger,0
i am frustrated and i can't shake it.,anger,0
i just feel anxious about my upcoming exam right now.,exam_stress,5
right now i'm really swamped today.,stress,11
these days i feel incredibly optimistic lately.,joy,6
tbh i'm totally enraged these days.,anger,0
it seems i'm ashamed of my body,body_image_issue,2
i'm somewhat under pressure...,stress,11
today i feel completely frustrated.,anger,0
these days i feel incredibly pleased honestly.,joy,6
i've been deeply like a failure lately.,low_self_esteem,8
i'm really very like there's no point more than usual.,depression,4
i just feel very horrible about how i look these days.,body_image_issue,2
lately i feel low.,sadness,10
i feel really insecure about myself honestly.,low_self_esteem,8
i am incredibly anxious about my upcoming exam and i can't shake it.,exam_stress,5
today i feel totally alright and i can't shake it.,neutral,9
i am totally left out...,loneliness,7
sometimes i feel totally overwhelmed by studying right now.,exam_stress,5
i am totally stressed about my exams i don't know why.,exam_stress,5
i'm incredibly furious i don't know why.,anger,0
these days i feel kind of like giving up today.,depression,4
i'm really totally by myself,loneliness,7
right now i'm extremely exhausted from work i don't know why.,burnout,3
right now i'm somewhat furious today.,anger,0
i keep feeling really alright more than usual.,neutral,9
i feel completely scared more than usual.,anxiety,1
right now i'm very ashamed of my body and i can't shake it.,body_image_issue,2
i just feel very insecure about my appearance,body_image_issue,2
i've been very on edge lately.,anxiety,1
lately i feel kind of overwhelmed by studying today.,exam_stress,5
i think i'm a bit depleted.,burnout,3
i've been deeply done and i can't shake it.,burnout,3
"honestly, everyone seems to have someone except me...",loneliness,7
lately i feel completely by myself and i can't shake it.,loneliness,7
i'm incredibly stressed right now.,stress,11
i'm really extremely blue...,sadness,10
i keep feeling deeply uneasy more than usual.,anxiety,1
i think i'm unattractive and i can't shake it.,body_image_issue,2
tbh i'm like nothing matters i don't know why.,depression,4
i'm quite tense and i can't shake it.,anxiety,1
i'm really very at ease.,neutral,9
i just feel somewhat unattractive these days.,body_image_issue,2
tbh i'm totally ashamed of my body more than usual.,body_image_issue,2
lately i feel kind of insecure about my appearance lately.,body_image_issue,2
sometimes i feel extremely burnt out honestly.,burnout,3
lately i feel running on empty more than usual.,burnout,3
tbh i hate who i am,low_self_esteem,8
i just feel quite exhausted from work honestly.,burnout,3
tbh i'm so uneasy.,anxiety,1
i am kind of scared i'll fail my exam honestly.,exam_stress,5
sometimes i feel deeply unattractive and i can't shake it.,body_image_issue,2
deeply in a good mood right now.,joy,6
it seems i'm quite overwhelmed by studying lately.,exam_stress,5
i'm really deeply low,sadness,10
i just feel so like there's no point,depression,4
these days i feel very ugly right now.,body_image_issue,2
sometimes i feel incredibly on edge.,anxiety,1
"honestly, i'm so ashamed of my body lately.",body_image_issue,2
i am deeply left out lately.,loneliness,7
these days i feel incredibly apprehensive today.,anxiety,1
lately i feel incredibly by myself.,loneliness,7
"honestly, i'm extremely okay...",neutral,9
i feel really disconnected...,loneliness,7
i'm quite anxious about my upcoming exam...,exam_stress,5
"honestly, watching some tv right now...",neutral,9
i think i'm incredibly stupid and i can't shake it.,low_self_esteem,8
right now i'm incredibly by myself,loneliness,7
it seems i'm so like a burden lately.,depression,4
sometimes i feel somewhat ugly these days.,body_image_issue,2
i'm really really okay and i can't shake it.,neutral,9
i think i'm somewhat lonely right now.,loneliness,7
"honestly, i'm somewhat tense these days.",anxiety,1
today i feel somewhat irritated honestly.,anger,0
i feel somewhat pleased more than usual.,joy,6
tbh i'm totally left out honestly.,loneliness,7
tbh i'm totally afraid and i can't shake it.,anxiety,1
i've been deeply like giving up lately.,depression,4
lately i feel somewhat insecure about my appearance more than usual.,body_image_issue,2
today i feel quite ashamed of my body...,body_image_issue,2
i just feel a bit balanced and i can't shake it.,neutral,9
sometimes i feel completely anxious i don't know why.,anxiety,1
right now i'm completely hopeless lately.,depression,4
right now i'm quite stressed lately.,stress,11
i just feel quite stressed and i can't shake it.,stress,11
i think i'm very alright...,neutral,9
i've been very stressed about my exams these days.,exam_stress,5
i'm really completely anxious these days.,anxiety,1
these days i feel somewhat anxious about my upcoming exam,exam_stress,5
i think i'm so tense from work these days.,stress,11
i'm really extremely resentful lately.,anger,0
i am quite running on empty honestly.,burnout,3
it seems i'm so normal lately.,neutral,9
right now i'm so worthless and i can't shake it.,low_self_esteem,8
i think i'm very drained right now.,burnout,3
lately i feel incredibly by myself and i can't shake it.,loneliness,7
right now i'm really ugly and i can't shake it.,body_image_issue,2
tbh i'm deeply delighted...,joy,6
i'm really totally balanced honestly.,neutral,9
right now i'm quite calm...,neutral,9
i am incredibly scared i'll fail my exam today.,exam_stress,5
i'm light-hearted today.,joy,6
i'm really kind of stressed right now.,stress,11
i'm really extremely panicking about finals i don't know why.,exam_stress,5
right now i'm totally just chilling right now.,neutral,9
i'm really extremely worthless,low_self_esteem,8
it seems i'm really optimistic these days.,joy,6
tbh even resting doesn't help anymore,burnout,3
these days i feel really mad...,anger,0
i've been very run down more than usual.,stress,11
i think i'm kind of disgusting in the mirror today.,body_image_issue,2
these days i feel very nervous right now.,anxiety,1
sometimes i feel somewhat just chilling i don't know why.,neutral,9
"honestly, i'm really anxious about my upcoming exam...",exam_stress,5
tbh i'm extremely overwhelmed by studying right now.,exam_stress,5
it seems i'm extremely scared right now.,anxiety,1
lately i feel quite like a burden today.,depression,4
i'm really very useless i don't know why.,low_self_esteem,8
i think i'm kind of enraged more than usual.,anger,0
i keep feeling quite forgotten and i can't shake it.,loneliness,7
i just feel really neutral i don't know why.,neutral,9
"honestly, i'm extremely tense from work and i can't shake it.",stress,11
a bit emotionally exhausted right now.,burnout,3
i've been incredibly like i don't matter i don't know why.,low_self_esteem,8
i just feel completely normal i don't know why.,neutral,9
totally worried about the test right now.,exam_stress,5
i've been incredibly like giving up i don't know why.,depression,4
i've been extremely melancholic right now.,sadness,10
these days i feel so without purpose today.,depression,4
tbh i'm incredibly like there's no point honestly.,depression,4
sometimes i feel a bit sad i don't know why.,sadness,10
i feel alone right now.,loneliness,7
i feel incredibly insecure about myself lately.,low_self_esteem,8
these days i feel incredibly isolated lately.,loneliness,7
i've been disconnected today.,loneliness,7
"honestly, i'm completely gloomy...",sadness,10
lately i feel a bit overwhelmed by studying,exam_stress,5
i'm really really fried honestly.,burnout,3
sometimes i feel kind of swamped these days.,stress,11
i've been incredibly overwhelmed.,stress,11
i think i'm very fuming these days.,anger,0
"honestly, i'm a bit left out honestly.",loneliness,7
i am somewhat fried honestly.,burnout,3
tbh i'm incredibly fuming i don't know why.,anger,0
i keep feeling really optimistic.,joy,6
i keep feeling so tense from work.,stress,11
sometimes i feel kind of like nothing matters lately.,depression,4
i am totally like a failure,low_self_esteem,8
right now i'm quite like a failure honestly.,low_self_esteem,8
it seems i'm somewhat like giving up honestly.,depression,4
these days i feel incredibly anxious about my upcoming exam lately.,exam_stress,5
i've been incredibly anxious lately.,anxiety,1
it seems i'm incredibly tense.,anxiety,1
i keep feeling really drained.,burnout,3
sometimes i feel extremely neutral these days.,neutral,9
i just feel deeply resentful today.,anger,0
today i feel very ugly right now.,body_image_issue,2
i am somewhat at ease,neutral,9
i'm really panicking about finals.,exam_stress,5
today i feel totally normal today.,neutral,9
lately i feel extremely alright i don't know why.,neutral,9
tbh i'm really furious i don't know why.,anger,0
i've been somewhat run down these days.,stress,11
these days i feel kind of mad,anger,0
i'm really extremely overwhelmed i don't know why.,stress,11
i think i'm quite on edge,anxiety,1
extremely calm and i can't shake it.,neutral,9
i've been so swamped and i can't shake it.,stress,11
i just feel kind of numb today.,depression,4
lately i feel kind of glad,joy,6
sometimes i feel really exhausted from work more than usual.,burnout,3
i think i'm completely invisible right now.,loneliness,7
right now i'm kind of stressed about my exams more than usual.,exam_stress,5
i just feel really sad,sadness,10
right now i'm extremely stupid these days.,low_self_esteem,8
i just feel so cheerful today.,joy,6
i just feel completely anxious these days.,anxiety,1
tbh i'm very scared i'll fail my exam more than usual.,exam_stress,5
i'm deeply balanced.,neutral,9
i just feel completely alright these days.,neutral,9
lately i feel deeply not good enough honestly.,low_self_esteem,8
today i feel done honestly.,burnout,3
i just feel very numb more than usual.,depression,4
lately i feel a bit glad these days.,joy,6
these days i feel totally anxious about my upcoming exam i don't know why.,exam_stress,5
tbh i'm very balanced i don't know why.,neutral,9
i feel extremely worthless i don't know why.,depression,4
"honestly, i'm frustrated more than usual.",anger,0
these days i feel anxious about my upcoming exam and i can't shake it.,exam_stress,5
i think i'm totally isolated more than usual.,loneliness,7
i feel useless...,low_self_esteem,8
tbh i'm totally worthless.,depression,4
tbh i'm very enraged more than usual.,anger,0
today i feel so like i don't matter i don't know why.,low_self_esteem,8
lately i feel ugly honestly.,body_image_issue,2
it seems i'm quite tearful lately.,sadness,10
these days i feel quite anxious about my upcoming exam,exam_stress,5
lately i feel hopeless lately.,depression,4
i keep feeling extremely grateful more than usual.,joy,6
i am extremely irritated.,anger,0
tbh i'm extremely scared right now.,anxiety,1
i keep feeling kind of insecure about myself,low_self_esteem,8
right now i'm very stressed about my exams,exam_stress,5
these days i feel deeply panicking about finals and i can't shake it.,exam_stress,5
i'm quite drained i don't know why.,burnout,3
i think i'm kind of forgotten.,loneliness,7
i'm really really like there's no point.,depression,4
it seems i'm a bit tense from work today.,stress,11
it seems i'm somewhat drained of meaning lately.,depression,4
"honestly, i'm really drained lately.",burnout,3
sometimes i feel deeply swamped.,stress,11
sometimes i feel quite tense.,anxiety,1
i'm really quite disgusting in the mirror and i can't shake it.,body_image_issue,2
right now i'm a bit drained of meaning more than usual.,depression,4
i am panicking about finals honestly.,exam_stress,5
i am like nobody likes me,low_self_esteem,8
i am worried today.,anxiety,1
tbh i'm deeply drained today.,burnout,3
lately i feel very exhausted from work honestly.,burnout,3
these days i feel completely stressed.,stress,11
i just feel somewhat empty right now.,depression,4
i feel a bit buried in tasks...,stress,11
i keep feeling stressed...,stress,11
i think i'm quite like nobody likes me.,low_self_esteem,8
it seems i'm kind of emotionally exhausted...,burnout,3
these days i feel incredibly blue,sadness,10
lately i feel very enraged i don't know why.,anger,0
i keep feeling extremely burnt out more than usual.,burnout,3
tbh i'm deeply shaky.,anxiety,1
i keep feeling extremely exhausted from work right now.,burnout,3
these days i feel a bit glad more than usual.,joy,6
ngl even resting doesn't help anymore :(,burnout,3
tbh i'm really on edge more than usual.,anxiety,1
i'm really sad.,sadness,10
it seems i'm deeply calm.,neutral,9
i've been so isolated right now.,loneliness,7
lately i feel so stressed.,stress,11
today i feel a bit smiling these days.,joy,6
i'm completely ugly these days.,body_image_issue,2
i'm so alright i don't know why.,neutral,9
tbh i'm really like a failure today.,low_self_esteem,8
i'm kind of worthless honestly.,depression,4
sometimes i feel somewhat panicking about finals today.,exam_stress,5
i feel very exhausted from work lately.,burnout,3
i've been incredibly irritated right now.,anger,0
i am kind of worthless today.,depression,4
i'm quite emotionally exhausted these days.,burnout,3
i am so balanced lately.,neutral,9
"honestly, i'm somewhat tense from work these days.",stress,11
it seems i'm very unhappy i don't know why.,sadness,10
i feel completely like i don't matter these days.,low_self_esteem,8
i'm a bit balanced and i can't shake it.,neutral,9
today i feel deeply by myself and i can't shake it.,loneliness,7
right now i'm extremely glad lately.,joy,6
right now i'm incredibly enraged lately.,anger,0
"honestly, i'm really pressured honestly.",stress,11
i'm really so not good enough i don't know why.,low_self_esteem,8
these days i feel kind of emotionally exhausted today.,burnout,3
i've been incredibly like nobody likes me today.,low_self_esteem,8
i think i'm a bit nervous lately.,anxiety,1
i keep feeling really like a failure today.,low_self_esteem,8
quite on edge i don't know why.,anxiety,1
these days i feel really tense lately.,anxiety,1
"honestly, nothing brings me joy anymore",depression,4
i've been extremely in a good mood honestly.,joy,6
i am incredibly like nobody likes me,low_self_esteem,8
tbh i'm a bit like a failure right now.,low_self_esteem,8
i've been totally like a burden right now.,depression,4
sometimes i feel really alone...,loneliness,7
it seems i'm really blue these days.,sadness,10
i keep feeling quite ashamed of my body lately.,body_image_issue,2
right now i'm quite thankful right now.,joy,6
these days i feel a bit at ease lately.,neutral,9
i've been kind of panicking about finals.,exam_stress,5
i keep feeling really swamped these days.,stress,11
i keep feeling incredibly glad and i can't shake it.,joy,6
it seems i'm quite horrible about how i look i don't know why.,body_image_issue,2
i keep feeling extremely fine these days.,neutral,9
it seems i'm completely run down today.,stress,11
i just feel really heartbroken these days.,sadness,10
lately i feel extremely overwhelmed these days.,stress,11
incredibly swamped more than usual.,stress,11
sometimes i feel incredibly horrible about how i look today.,body_image_issue,2
i'm really kind of at ease and i can't shake it.,neutral,9
sometimes i feel a bit neutral lately.,neutral,9
lately i feel very alone today.,loneliness,7
"honestly, i'm very like there's no point today.",depression,4
deeply at ease,neutral,9
tbh i'm totally forgotten lately.,loneliness,7
today i feel a bit alright today.,neutral,9
i keep feeling a bit unhappy and i can't shake it.,sadness,10
right now i'm a bit emotionally exhausted and i can't shake it.,burnout,3
it seems i'm somewhat anxious.,anxiety,1
i just feel completely ashamed of my body and i can't shake it.,body_image_issue,2
i am so at ease right now.,neutral,9
i've been a bit depleted lately.,burnout,3
i think i'm completely afraid today.,anxiety,1
sometimes i feel really drained of meaning these days.,depression,4
i keep feeling extremely fuming right now.,anger,0
i think i'm totally optimistic.,joy,6
i just feel so done i don't know why.,burnout,3
sometimes i feel totally overwhelmed,stress,11
today i feel deeply like a burden honestly.,depression,4
completely at ease lately.,neutral,9
so overwhelmed and i can't shake it.,stress,11
"honestly, i'm unattractive these days.",body_image_issue,2
i am kind of afraid i don't know why.,anxiety,1
right now i'm thankful...,joy,6
"honestly, i'm kind of pissed off",anger,0
i'm anxious i don't know why.,anxiety,1
i feel extremely alone honestly.,loneliness,7
i'm really kind of fat,body_image_issue,2
sometimes i feel extremely annoyed,anger,0
these days i feel kind of heartbroken today.,sadness,10
i am a bit scared.,anxiety,1
right now i'm incredibly stressed...,stress,11
lately i feel very burnt out i don't know why.,burnout,3
i'm really kind of tense right now.,anxiety,1
i am somewhat apprehensive,anxiety,1
i am really pissed off and i can't shake it.,anger,0
sometimes i feel quite tense from work...,stress,11
it seems i'm very disconnected honestly.,loneliness,7
completely insecure about my appearance and i can't shake it.,body_image_issue,2
i'm somewhat joyful more than usual.,joy,6
i feel somewhat ugly today.,body_image_issue,2
lately i feel okay i don't know why.,neutral,9
these days i feel totally drained,burnout,3
today i feel quite down,sadness,10
i am totally by myself today.,loneliness,7
i've been somewhat like nothing matters right now.,depression,4
i am completely like a burden.,depression,4
these days i feel a bit overwhelmed by studying lately.,exam_stress,5
sometimes i feel quite run down lately.,stress,11
i feel extremely emotionally exhausted,burnout,3
it seems i'm really thankful lately.,joy,6
i am incredibly without purpose right now.,depression,4
i've been in a good mood right now.,joy,6
i think i'm a bit overwhelmed by studying lately.,exam_stress,5
i just feel quite light-hearted and i can't shake it.,joy,6
i think i'm deeply like i don't matter lately.,low_self_esteem,8
i think i'm somewhat anxious about my upcoming exam.,exam_stress,5
very pissed off more than usual.,anger,0
tbh i'm so optimistic more than usual.,joy,6
lately i feel deeply irritated more than usual.,anger,0
"honestly, i'm so useless.",low_self_esteem,8
i feel insecure about my appearance lately.,body_image_issue,2
it seems i'm very buried in tasks these days.,stress,11
sometimes i feel isolated lately.,loneliness,7
today i feel very burnt out these days.,burnout,3
today i feel anxious and i can't shake it.,anxiety,1
today i feel somewhat swamped honestly.,stress,11
lately i feel extremely running on empty...,burnout,3
lately i feel so run down these days.,stress,11
lately i feel quite in a good mood these days.,joy,6
"honestly, i'm deeply annoyed today.",anger,0
i'm incredibly left out these days.,loneliness,7
i'm really really stupid honestly.,low_self_esteem,8
i've been completely alright honestly.,neutral,9
alone and i can't shake it.,loneliness,7
today i feel very just chilling today.,neutral,9
it seems i'm quite lonely.,loneliness,7
lately i feel very upset,sadness,10
"honestly, i'm like i don't matter and i can't shake it.",low_self_esteem,8
i just feel totally anxious about my upcoming exam...,exam_stress,5
i just feel completely like nobody likes me honestly.,low_self_esteem,8
i feel incredibly by myself these days.,loneliness,7
i think i'm deeply calm,neutral,9
i think i'm a bit scared i'll fail my exam lately.,exam_stress,5
sometimes i feel incredibly normal and i can't shake it.,neutral,9
lately i feel completely not good enough lately.,low_self_esteem,8
these days i feel so buried in tasks these days.,stress,11
it seems i'm very fearful,anxiety,1
it seems i'm somewhat optimistic right now.,joy,6
lately i feel very panicking about finals,exam_stress,5
these days i feel cheerful i don't know why.,joy,6
lately i feel totally emotionally exhausted and i can't shake it.,burnout,3
sometimes i feel quite enraged lately.,anger,0
tbh i'm drained of meaning.,depression,4
i think i'm incredibly tense these days.,anxiety,1
lately i feel quite ugly.,body_image_issue,2
i've been quite overwhelmed by studying right now.,exam_stress,5
completely without purpose...,depression,4
these days i feel so under pressure.,stress,11
i'm completely grateful and i can't shake it.,joy,6
i am really scared i don't know why.,anxiety,1
right now i'm incredibly worried about the test these days.,exam_stress,5
i keep feeling a bit drained of meaning i don't know why.,depression,4
today i feel completely left out right now.,loneliness,7
i feel deeply ugly more than usual.,body_image_issue,2
right now i'm extremely fried these days.,burnout,3
i'm really somewhat disconnected,loneliness,7
these days i feel buried in tasks lately.,stress,11
i feel somewhat happy,joy,6
i feel completely like a burden right now.,depression,4
i'm kind of like there's no point right now.,depression,4
i just feel somewhat worthless today.,depression,4
right now i'm really like a failure...,low_self_esteem,8
it seems i'm totally alone today.,loneliness,7
tbh i'm somewhat enraged more than usual.,anger,0
i think i'm fat...,body_image_issue,2
i'm incredibly fried...,burnout,3
i think i'm kind of lonely lately.,loneliness,7
tbh i have no one to talk to :(,loneliness,7
i keep feeling somewhat down more than usual.,sadness,10
i miss the way things used to be,sadness,10
extremely scared i'll fail my exam these days.,exam_stress,5
sometimes i feel incredibly fearful right now.,anxiety,1
deeply blue lately.,sadness,10
i keep feeling so tearful and i can't shake it.,sadness,10
i feel really drained of meaning and i can't shake it.,depression,4
today i feel extremely uneasy honestly.,anxiety,1
i keep feeling very content.,joy,6
i think i'm really like there's no point lately.,depression,4
i'm a bit anxious about my upcoming exam more than usual.,exam_stress,5
i've been incredibly overwhelmed by studying today.,exam_stress,5
it seems i'm quite tense and i can't shake it.,anxiety,1
i've been so afraid,anxiety,1
i feel completely frustrated lately.,anger,0
i feel extremely emotionally exhausted today.,burnout,3
tbh i'm extremely isolated and i can't shake it.,loneliness,7
i think i'm deeply lonely lately.,loneliness,7
i just feel somewhat drained honestly.,burnout,3
it seems i'm kind of nervous right now.,anxiety,1
i think i'm somewhat stupid these days.,low_self_esteem,8
"honestly, i'm physically and mentally wiped out.",burnout,3
tbh i'm very buried in tasks right now.,stress,11
i'm quite like nothing matters...,depression,4
so lonely,loneliness,7
i've been incredibly fat,body_image_issue,2
it seems i'm kind of panicking about finals lately.,exam_stress,5
i am content.,joy,6
"honestly, i'm extremely like nothing matters honestly.",depression,4
i just feel kind of like there's no point.,depression,4
i keep feeling kind of cheerful...,joy,6
deeply like a failure i don't know why.,low_self_esteem,8
tbh i'm deeply like nothing matters lately.,depression,4
i feel somewhat sad...,sadness,10
tbh i don't think i studied enough for tomorrow,exam_stress,5
i'm totally tense from work honestly.,stress,11
these days i feel so overwhelmed.,stress,11
i'm really really by myself,loneliness,7
right now i'm completely fat...,body_image_issue,2
completely like a burden lately.,depression,4
right now i'm kind of scared i'll fail my exam i don't know why.,exam_stress,5
i think i'm quite thankful i don't know why.,joy,6
tbh i'm kind of angry today.,anger,0
sometimes i feel deeply worried about the test right now.,exam_stress,5
it seems i'm really neutral these days.,neutral,9
i feel deeply enraged lately.,anger,0
tbh i'm quite under pressure.,stress,11
i'm really somewhat forgotten more than usual.,loneliness,7
i'm deeply lonely today.,loneliness,7
"honestly, i'm really isolated",loneliness,7
i'm deeply overwhelmed by studying lately.,exam_stress,5
i keep feeling invisible i don't know why.,loneliness,7
somewhat drained lately.,burnout,3
right now i'm deeply sad right now.,sadness,10
lately i feel completely disconnected.,loneliness,7
completely useless today.,low_self_esteem,8
right now i'm completely scared i'll fail my exam i don't know why.,exam_stress,5
i'm quite frustrated today.,anger,0
today i feel somewhat pleased these days.,joy,6
it seems i'm completely glad more than usual.,joy,6
right now i'm totally run down...,stress,11
lately i feel very fat i don't know why.,body_image_issue,2
lately i feel quite alone.,loneliness,7
i am really anxious about my upcoming exam lately.,exam_stress,5
i think i'm a bit scared lately.,anxiety,1
these days i feel kind of depleted these days.,burnout,3
i feel really burnt out lately.,burnout,3
"honestly, i'm really exhausted from work right now.",burnout,3
it seems i'm deeply scared i'll fail my exam i don't know why.,exam_stress,5
these days i feel completely ashamed of my body and i can't shake it.,body_image_issue,2
i keep feeling so isolated i don't know why.,loneliness,7
i feel somewhat irritated...,anger,0
sometimes i feel totally disgusting in the mirror...,body_image_issue,2
sometimes i feel totally by myself today.,loneliness,7
so lonely these days.,loneliness,7
"honestly, i'm a bit resentful these days.",anger,0
i just feel incredibly like a burden today.,depression,4
i'm really incredibly invisible more than usual.,loneliness,7
today i feel incredibly alone,loneliness,7
i'm a bit fat right now.,body_image_issue,2
i'm really ugly more than usual.,body_image_issue,2
these days i feel deeply glad more than usual.,joy,6
these days i feel kind of fine i don't know why.,neutral,9
these days i feel so miserable lately.,sadness,10
lately i feel extremely insecure about myself honestly.,low_self_esteem,8
right now i'm stressed about my exams these days.,exam_stress,5
right now i'm totally scared i'll fail my exam honestly.,exam_stress,5
i'm somewhat smiling more than usual.,joy,6
i keep feeling incredibly fearful honestly.,anxiety,1
it seems i'm completely numb these days.,depression,4
"honestly, i'm very unattractive",body_image_issue,2
i feel deeply by myself.,loneliness,7
sometimes i feel extremely insecure about my appearance lately.,body_image_issue,2
"honestly, i'm somewhat anxious about my upcoming exam and i can't shake it.",exam_stress,5
i just feel kind of upset i don't know why.,sadness,10
right now i'm very calm these days.,neutral,9
today i feel totally emotionally exhausted more than usual.,burnout,3
i just feel very forgotten.,loneliness,7
i am quite scared i'll fail my exam more than usual.,exam_stress,5
sometimes i feel hopeless,depression,4
i feel kind of ashamed of my body these days.,body_image_issue,2
lately i feel incredibly at ease...,neutral,9
lately i feel incredibly ashamed of my body these days.,body_image_issue,2
i am quite under pressure,stress,11
sometimes i feel very disgusting in the mirror...,body_image_issue,2
i am a bit neutral and i can't shake it.,neutral,9
i keep feeling somewhat unhappy today.,sadness,10
a bit drained,burnout,3
sometimes i feel a bit tense right now.,anxiety,1
i'm really a bit overwhelmed.,stress,11
deeply done more than usual.,burnout,3
deeply burnt out and i can't shake it.,burnout,3
sometimes i feel so optimistic more than usual.,joy,6
i'm extremely on edge...,anxiety,1
"honestly, i'm somewhat run down right now.",stress,11
i feel quite unattractive and i can't shake it.,body_image_issue,2
these days i feel deeply worried about the test,exam_stress,5
i've been completely lonely today.,loneliness,7
these days i feel quite at ease i don't know why.,neutral,9
i keep feeling kind of fat lately.,body_image_issue,2
i'm really somewhat empty today.,depression,4
sometimes i feel somewhat at ease more than usual.,neutral,9
"honestly, i'm extremely drained of meaning...",depression,4
"honestly, i'm kind of balanced i don't know why.",neutral,9
tbh i'm incredibly forgotten and i can't shake it.,loneliness,7
sometimes i feel completely like a failure.,low_self_esteem,8
sometimes i feel incredibly on edge right now.,anxiety,1
tbh i'm extremely drained right now.,burnout,3
i've been kind of anxious about my upcoming exam honestly.,exam_stress,5
i think i'm incredibly gloomy these days.,sadness,10
i am very drained i don't know why.,burnout,3
i'm really very pressured more than usual.,stress,11
it seems i'm really anxious these days.,anxiety,1
right now i'm quite left out i don't know why.,loneliness,7
today i feel extremely forgotten and i can't shake it.,loneliness,7
today i feel extremely insecure about myself these days.,low_self_esteem,8
tbh i'm quite not good enough.,low_self_esteem,8
quite nervous these days.,anxiety,1
today i feel deeply shaky today.,anxiety,1
i think i'm deeply like a failure more than usual.,low_self_esteem,8
i've been extremely happy.,joy,6
lately i feel really disgusting in the mirror i don't know why.,body_image_issue,2
today i feel incredibly mad more than usual.,anger,0
"honestly, i'm extremely like a failure lately.",low_self_esteem,8
i keep feeling really enraged,anger,0
i just feel incredibly at ease right now.,neutral,9
i keep feeling a bit depleted...,burnout,3
i am a bit swamped i don't know why.,stress,11
sometimes i feel alright and i can't shake it.,neutral,9
today i feel deeply tense these days.,anxiety,1
tbh i'm kind of run down.,stress,11
i think i'm totally scared i'll fail my exam honestly.,exam_stress,5
sometimes i feel deeply scared i'll fail my exam,exam_stress,5
it seems i'm completely left out right now.,loneliness,7
these days i feel totally exhausted from work today.,burnout,3
i'm really so like a failure honestly.,low_self_esteem,8
i feel deeply pissed off,anger,0
tbh i'm totally on edge more than usual.,anxiety,1
i feel somewhat insecure about my appearance,body_image_issue,2
i'm very melancholic.,sadness,10
right now i'm completely ashamed of my body lately.,body_image_issue,2
"honestly, i feel a knot in my stomach.",anxiety,1
lately i feel upset...,sadness,10
i'm a bit buried in tasks i don't know why.,stress,11
"honestly, i'm incredibly okay more than usual.",neutral,9
tbh i'm quite anxious about my upcoming exam.,exam_stress,5
lately i feel delighted and i can't shake it.,joy,6
i am deeply fuming more than usual.,anger,0
i am so content.,joy,6
today i feel completely on edge and i can't shake it.,anxiety,1
"honestly, i'm extremely glad and i can't shake it.",joy,6
i'm quite forgotten,loneliness,7
right now i'm very light-hearted these days.,joy,6
i'm really completely grateful.,joy,6
"honestly, i'm extremely ugly.",body_image_issue,2
i keep feeling extremely unhappy and i can't shake it.,sadness,10
i keep feeling a bit run down these days.,stress,11
i think i'm really furious more than usual.,anger,0
these days i feel so like nobody likes me and i can't shake it.,low_self_esteem,8
"honestly, i'm somewhat invisible...",loneliness,7
i'm really a bit stressed.,stress,11
i'm kind of empty today.,depression,4
today i feel extremely like nobody likes me lately.,low_self_esteem,8
sometimes i feel very fearful...,anxiety,1
it seems i'm so overwhelmed by studying,exam_stress,5
quite drained honestly.,burnout,3
i'm really really useless more than usual.,low_self_esteem,8
i've been a bit lonely today.,loneliness,7
right now i'm incredibly done today.,burnout,3
these days i feel a bit exhausted from work and i can't shake it.,burnout,3
i'm somewhat lonely more than usual.,loneliness,7
these days i feel extremely without purpose i don't know why.,depression,4
quite scared i'll fail my exam and i can't shake it.,exam_stress,5
lately i feel somewhat sad right now.,sadness,10
these days i feel a bit ugly honestly.,body_image_issue,2
i'm kind of scared i'll fail my exam lately.,exam_stress,5
i'm quite furious right now.,anger,0
right now i'm really horrible about how i look today.,body_image_issue,2
i think i'm kind of fuming right now.,anger,0
i'm really melancholic today.,sadness,10
"honestly, i'm very gloomy right now.",sadness,10
today i feel incredibly done these days.,burnout,3
i've been completely worthless lately.,low_self_esteem,8
tbh i'm quite overwhelmed by studying right now.,exam_stress,5
"honestly, i'm deeply balanced honestly.",neutral,9
right now i'm incredibly scared i'll fail my exam and i can't shake it.,exam_stress,5
right now i'm very balanced today.,neutral,9
i just feel a bit stressed about my exams more than usual.,exam_stress,5
right now i'm extremely balanced today.,neutral,9
tbh i'm completely like there's no point.,depression,4
i'm deeply fuming more than usual.,anger,0
tbh i'm somewhat pleased,joy,6
today i feel incredibly stressed about my exams more than usual.,exam_stress,5
kind of mad these days.,anger,0
i feel extremely useless these days.,low_self_esteem,8
tbh i'm a bit like there's no point right now.,depression,4
i am very at ease today.,neutral,9
i am deeply delighted today.,joy,6
i'm really very like nobody likes me these days.,low_self_esteem,8
i am somewhat worthless right now.,depression,4
i'm really somewhat not good enough these days.,low_self_esteem,8
really ugly right now.,body_image_issue,2
lately i feel very tense from work right now.,stress,11
tbh i'm not good enough right now.,low_self_esteem,8
these days i feel extremely okay more than usual.,neutral,9
"honestly, i'm deeply empty these days.",depression,4
ngl i don't see a future for myself.,depression,4
it seems i'm totally down lately.,sadness,10
right now i'm deeply delighted...,joy,6
lately i feel really empty,depression,4
it seems i'm exhausted from work,burnout,3
it seems i'm kind of left out honestly.,loneliness,7
i think i'm completely disgusting in the mirror today.,body_image_issue,2
it seems i'm completely swamped i don't know why.,stress,11
i am quite gloomy i don't know why.,sadness,10
right now i'm kind of anxious right now.,anxiety,1
i keep feeling quite empty lately.,depression,4
i think i'm disconnected these days.,loneliness,7
i just feel deeply drained today.,burnout,3
i'm really run down honestly.,stress,11
totally overwhelmed.,stress,11
"honestly, i'm very uneasy.",anxiety,1
i think i'm very blue these days.,sadness,10
sometimes i feel deeply hopeless these days.,depression,4
i just feel extremely forgotten i don't know why.,loneliness,7
i'm really completely pleased right now.,joy,6
"honestly, i'm empty",depression,4
i've been very like giving up right now.,depression,4
i'm really really angry,anger,0
i keep feeling completely scared i'll fail my exam today.,exam_stress,5
i've been forgotten i don't know why.,loneliness,7
i feel really fine today.,neutral,9
it seems i'm extremely normal,neutral,9
i feel somewhat like a failure i don't know why.,low_self_esteem,8
it seems i'm completely furious more than usual.,anger,0
right now i'm so unhappy right now.,sadness,10
it seems i'm completely tense from work today.,stress,11
these days i feel incredibly like a burden more than usual.,depression,4
tbh i'm incredibly ashamed of my body.,body_image_issue,2
i've been kind of upset,sadness,10
it seems i'm really balanced...,neutral,9
i'm somewhat irritated these days.,anger,0
i just feel somewhat lonely today.,loneliness,7
studying all night and still nothing sticks.,exam_stress,5
lately i feel a bit like nobody likes me,low_self_esteem,8
i just feel incredibly horrible about how i look i don't know why.,body_image_issue,2
right now i'm incredibly insecure about myself right now.,low_self_esteem,8
it seems i'm quite melancholic,sadness,10
sometimes i feel on edge today.,anxiety,1
these days i feel completely insecure about myself more than usual.,low_self_esteem,8
i'm very insecure about myself,low_self_esteem,8
i feel completely frustrated.,anger,0
i keep feeling completely joyful and i can't shake it.,joy,6
tbh i'm very balanced honestly.,neutral,9
these days i feel a bit just chilling lately.,neutral,9
i'm really somewhat gloomy more than usual.,sadness,10
i feel so blue.,sadness,10
tbh i'm totally lonely today.,loneliness,7
i feel completely insecure about myself lately.,low_self_esteem,8
i've been very alright today.,neutral,9
right now i'm totally nervous more than usual.,anxiety,1
these days i feel totally unhappy right now.,sadness,10
today i feel not good enough and i can't shake it.,low_self_esteem,8
these days i feel a bit balanced today.,neutral,9
i'm really very fried more than usual.,burnout,3
i feel deeply useless right now.,low_self_esteem,8
today i feel very horrible about how i look...,body_image_issue,2
fried,burnout,3
sometimes i feel incredibly stressed i don't know why.,stress,11
it seems i'm somewhat fat these days.,body_image_issue,2
"honestly, i'm incredibly smiling right now.",joy,6
tbh i'm really alright honestly.,neutral,9
i feel kind of insecure about myself lately.,low_self_esteem,8
i'm deeply enraged today.,anger,0
i've been quite not good enough lately.,low_self_esteem,8
i feel quite stupid,low_self_esteem,8
"honestly, i'm totally lonely lately.",loneliness,7
"honestly, i'm incredibly disgusting in the mirror.",body_image_issue,2
i feel incredibly anxious about my upcoming exam lately.,exam_stress,5
"honestly, i'm quite okay more than usual.",neutral,9
i've been completely fat honestly.,body_image_issue,2
these days i feel extremely balanced...,neutral,9
lately i feel completely at ease and i can't shake it.,neutral,9
i keep feeling very enraged right now.,anger,0
i think i'm incredibly cheerful these days.,joy,6
"honestly, i'm completely overwhelmed i don't know why.",stress,11
right now i'm kind of useless...,low_self_esteem,8
tbh i'm a bit pressured more than usual.,stress,11
these days i feel incredibly gloomy these days.,sadness,10
i just feel very light-hearted...,joy,6
i am somewhat gloomy these days.,sadness,10
i'm really so at ease right now.,neutral,9
i just feel totally like nothing matters...,depression,4
i'm really somewhat unattractive right now.,body_image_issue,2
i'm very cheerful today.,joy,6
i keep feeling kind of like nobody likes me more than usual.,low_self_esteem,8
sometimes i feel completely drained...,burnout,3
these days i feel deeply anxious about my upcoming exam...,exam_stress,5
i feel kind of like there's no point lately.,depression,4
i'm deeply fuming i don't know why.,anger,0
i just feel quite stressed about my exams and i can't shake it.,exam_stress,5
today i feel really by myself these days.,loneliness,7
lately i feel kind of neutral lately.,neutral,9
i keep feeling completely on edge right now.,anxiety,1
right now i'm deeply fearful these days.,anxiety,1
deeply insecure about my appearance and i can't shake it.,body_image_issue,2
i just feel very happy i don't know why.,joy,6
sometimes i feel deeply cheerful and i can't shake it.,joy,6
i am kind of panicking about finals i don't know why.,exam_stress,5
today i feel extremely ashamed of my body more than usual.,body_image_issue,2
i'm completely anxious about my upcoming exam i don't know why.,exam_stress,5
"honestly, i'm so afraid and i can't shake it.",anxiety,1
i'm really quite melancholic,sadness,10
i just feel a bit alone i don't know why.,loneliness,7
i've been quite just chilling honestly.,neutral,9
i've been deeply not good enough i don't know why.,low_self_esteem,8
i'm really overwhelmed these days.,stress,11
i am insecure about my appearance,body_image_issue,2
these days i feel extremely forgotten today.,loneliness,7
i've been like nobody likes me...,low_self_esteem,8
lately i feel totally worthless and i can't shake it.,low_self_esteem,8
i just feel really mad,anger,0
today i feel very left out.,loneliness,7
i feel deeply tense from work lately.,stress,11
i feel kind of panicking about finals right now.,exam_stress,5
sometimes i feel a bit stressed more than usual.,stress,11
i am totally stressed about my exams today.,exam_stress,5
i'm incredibly hopeless honestly.,depression,4
somewhat ashamed of my body and i can't shake it.,body_image_issue,2
it seems i'm deeply annoyed honestly.,anger,0
right now i'm very invisible,loneliness,7
i'm somewhat overwhelmed by studying.,exam_stress,5
i am deeply stressed about my exams right now.,exam_stress,5
i just feel deeply anxious about my upcoming exam...,exam_stress,5
i feel kind of upset more than usual.,sadness,10
these days i feel quite scared.,anxiety,1
annoyed honestly.,anger,0
i keep feeling kind of angry today.,anger,0
i keep feeling incredibly emotionally exhausted more than usual.,burnout,3
i am a bit okay today.,neutral,9
i am a bit uneasy these days.,anxiety,1
today i feel a bit swamped these days.,stress,11
"honestly, i'm disgusting in the mirror right now.",body_image_issue,2
right now i'm incredibly panicky right now.,anxiety,1
i'm really totally insecure about my appearance honestly.,body_image_issue,2
i keep feeling completely balanced these days.,neutral,9
i am deeply fat right now.,body_image_issue,2
tbh i'm a bit down these days.,sadness,10
i just feel deeply cheerful,joy,6
these days i feel somewhat buried in tasks these days.,stress,11
today i feel somewhat like giving up...,depression,4
i'm balanced today.,neutral,9
i'm really a bit unattractive right now.,body_image_issue,2
i've been incredibly stupid today.,low_self_esteem,8
"honestly, i'm somewhat scared i'll fail my exam.",exam_stress,5
i'm really totally worried these days.,anxiety,1
tbh i'm really in a good mood these days.,joy,6
"honestly, i'm extremely mad...",anger,0
sometimes i feel so joyful these days.,joy,6
i'm really completely emotionally exhausted honestly.,burnout,3
i am fried today.,burnout,3
sometimes i feel really balanced right now.,neutral,9
these days i feel extremely heartbroken,sadness,10
completely heartbroken honestly.,sadness,10
i'm somewhat stressed about my exams more than usual.,exam_stress,5
it seems i'm so balanced...,neutral,9
sometimes i feel somewhat useless and i can't shake it.,low_self_esteem,8
i'm really a bit run down and i can't shake it.,stress,11
it seems i'm a bit drained lately.,burnout,3
i think i'm completely worthless...,depression,4
"honestly, i'm really by myself.",loneliness,7
"honestly, i'm a bit anxious about my upcoming exam",exam_stress,5
"honestly, i'm quite upset these days.",sadness,10
very panicky these days.,anxiety,1
i keep feeling extremely unattractive lately.,body_image_issue,2
right now i'm extremely burnt out,burnout,3
right now i'm quite joyful i don't know why.,joy,6
i'm really quite insecure about my appearance these days.,body_image_issue,2
i think i'm somewhat irritated more than usual.,anger,0
lately i feel totally at ease.,neutral,9
i've been totally like nobody likes me.,low_self_esteem,8
i keep feeling really sad right now.,sadness,10
i've been a bit angry these days.,anger,0
today i feel totally drained...,burnout,3
today i feel kind of like i don't matter lately.,low_self_esteem,8
sometimes i feel deeply like there's no point these days.,depression,4
i'm really so lonely honestly.,loneliness,7
right now i'm very in a good mood i don't know why.,joy,6
"honestly, i'm quite panicking about finals honestly.",exam_stress,5
i'm really extremely at ease.,neutral,9
"honestly, i'm so like there's no point i don't know why.",depression,4
i'm really completely like nothing matters lately.,depression,4
i am incredibly panicking about finals right now.,exam_stress,5
i've been quite disgusting in the mirror i don't know why.,body_image_issue,2
i think i'm quite emotionally exhausted i don't know why.,burnout,3
i think i'm really like there's no point and i can't shake it.,depression,4
i'm totally unhappy more than usual.,sadness,10
these days i feel really disgusting in the mirror more than usual.,body_image_issue,2
i think i'm extremely at ease honestly.,neutral,9
these days i feel low and i can't shake it.,sadness,10
i feel so tense from work these days.,stress,11
i think i'm kind of balanced lately.,neutral,9
it seems i'm incredibly like nobody likes me...,low_self_esteem,8
it seems i'm extremely under pressure lately.,stress,11
lately i feel somewhat fried today.,burnout,3
i am so optimistic today.,joy,6
"honestly, i'm so worried about the test honestly.",exam_stress,5
"honestly, i'm so numb honestly.",depression,4
a bit overwhelmed and i can't shake it.,stress,11
extremely at ease and i can't shake it.,neutral,9
i think i'm somewhat glad and i can't shake it.,joy,6
lately i feel incredibly like there's no point i don't know why.,depression,4
today i feel really like there's no point.,depression,4
i'm really really done these days.,burnout,3
sometimes i feel very panicky honestly.,anxiety,1
today i feel totally blessed and i can't shake it.,joy,6
right now i'm deeply joyful.,joy,6
i just feel incredibly melancholic,sadness,10
tbh i'm really isolated lately.,loneliness,7
i've been quite drained of meaning...,depression,4
today i feel somewhat at ease and i can't shake it.,neutral,9
i'm totally run down...,stress,11
"honestly, i'm kind of on edge these days.",anxiety,1
i'm really completely burnt out.,burnout,3
tbh i'm completely fried these days.,burnout,3
i am light-hearted...,joy,6
it seems i'm incredibly optimistic and i can't shake it.,joy,6
today i feel very pissed off...,anger,0
it seems i'm totally without purpose.,depression,4
it seems i'm incredibly buried in tasks these days.,stress,11
i'm really somewhat drained,burnout,3
these days i feel totally optimistic these days.,joy,6
it seems i'm very pissed off and i can't shake it.,anger,0
i'm really somewhat fine right now.,neutral,9
i keep feeling so sad lately.,sadness,10
lately i feel deeply fuming honestly.,anger,0
i keep feeling heartbroken more than usual.,sadness,10
i'm very numb right now.,depression,4
deeply worried about the test right now.,exam_stress,5
right now i'm incredibly invisible today.,loneliness,7
i feel extremely worried about the test more than usual.,exam_stress,5
it seems i'm completely done.,burnout,3
tbh i'm so not good enough these days.,low_self_esteem,8
i'm really somewhat buried in tasks honestly.,stress,11
i think i'm completely worthless these days.,depression,4
these days i feel very alright.,neutral,9
i just feel totally stressed about my exams,exam_stress,5
"honestly, i'm quite by myself...",loneliness,7
i feel completely in a good mood and i can't shake it.,joy,6
i think i'm really upset honestly.,sadness,10
today i feel completely disgusting in the mirror more than usual.,body_image_issue,2
i feel completely anxious about my upcoming exam honestly.,exam_stress,5
"honestly, i'm really worried about the test and i can't shake it.",exam_stress,5
"honestly, i'm completely depleted :(",burnout,3
i just feel totally stressed about my exams these days.,exam_stress,5
i'm really a bit nervous,anxiety,1
i keep feeling completely annoyed honestly.,anger,0
sometimes i feel completely ugly right now.,body_image_issue,2
i'm very unattractive these days.,body_image_issue,2
"honestly, i'm completely scared i'll fail my exam",exam_stress,5
i've been completely hopeless today.,depression,4
i'm kind of on edge i don't know why.,anxiety,1
these days i feel very exhausted from work more than usual.,burnout,3
i'm kind of like there's no point lately.,depression,4
i feel extremely mad honestly.,anger,0
i think i'm extremely overwhelmed by studying today.,exam_stress,5
i'm really very blessed right now.,joy,6
i'm very tense from work these days.,stress,11
i feel quite enraged i don't know why.,anger,0
today i feel totally stupid...,low_self_esteem,8
i keep feeling incredibly done.,burnout,3
right now i'm burnt out,burnout,3
"honestly, i'm kind of apprehensive lately.",anxiety,1
sometimes i feel somewhat hopeless,depression,4
tbh i'm somewhat disgusting in the mirror i don't know why.,body_image_issue,2
today i feel really disgusting in the mirror more than usual.,body_image_issue,2
lately i feel completely stressed about my exams,exam_stress,5
today i feel so gloomy and i can't shake it.,sadness,10
i think i'm a bit worried about the test more than usual.,exam_stress,5
lately i feel so shaky honestly.,anxiety,1
sometimes i feel quite emotionally exhausted i don't know why.,burnout,3
i feel somewhat insecure about myself i don't know why.,low_self_esteem,8
i'm somewhat buried in tasks.,stress,11
right now i'm really scared i'll fail my exam right now.,exam_stress,5
i keep feeling deeply overwhelmed by studying.,exam_stress,5
i keep feeling kind of worried lately.,anxiety,1
i just feel totally upset and i can't shake it.,sadness,10
i'm deeply anxious about my upcoming exam...,exam_stress,5
i'm totally unattractive more than usual.,body_image_issue,2
i've been a bit neutral lately.,neutral,9
i think i'm quite mad i don't know why.,anger,0
i am very disgusting in the mirror lately.,body_image_issue,2
sometimes i feel really afraid i don't know why.,anxiety,1
i'm so invisible lately.,loneliness,7
i feel so normal more than usual.,neutral,9
i am somewhat tense from work i don't know why.,stress,11
sometimes i feel totally buried in tasks and i can't shake it.,stress,11
lately i feel totally overwhelmed today.,stress,11
i'm really quite forgotten these days.,loneliness,7
lately i feel extremely angry.,anger,0
these days i feel so on edge today.,anxiety,1
i think i'm very disgusting in the mirror right now.,body_image_issue,2
i think i'm like a burden honestly.,depression,4
i just feel completely sad and i can't shake it.,sadness,10
sometimes i feel a bit joyful...,joy,6
i'm quite running on empty i don't know why.,burnout,3
it seems i'm quite worried about the test...,exam_stress,5
i just feel kind of stressed right now.,stress,11
"honestly, i'm deeply exhausted from work right now.",burnout,3
i just feel forgotten these days.,loneliness,7
so like nobody likes me more than usual.,low_self_esteem,8
i am quite forgotten today.,loneliness,7
i'm really totally annoyed...,anger,0
i've been completely neutral,neutral,9
today i feel really tearful i don't know why.,sadness,10
today i feel totally unhappy i don't know why.,sadness,10
right now i'm completely done lately.,burnout,3
i've been deeply angry today.,anger,0
it seems i'm quite light-hearted,joy,6
today i feel so anxious i don't know why.,anxiety,1
lately i feel incredibly worthless honestly.,low_self_esteem,8
right now i'm under pressure i don't know why.,stress,11
right now i'm overwhelmed by studying these days.,exam_stress,5
i'm really really forgotten honestly.,loneliness,7
i am extremely horrible about how i look today.,body_image_issue,2
i just feel extremely fat more than usual.,body_image_issue,2
tbh i'm so empty i don't know why.,depression,4
i'm a bit like there's no point,depression,4
these days i feel so furious these days.,anger,0
it seems i'm really panicking about finals lately.,exam_stress,5
i'm really so angry honestly.,anger,0
i am totally worried about the test lately.,exam_stress,5
i keep feeling so worthless these days.,depression,4
sometimes i feel quite like nothing matters,depression,4
i think i'm deeply worried about the test,exam_stress,5
sometimes i feel somewhat exhausted from work...,burnout,3
sometimes i feel extremely fine lately.,neutral,9
i feel really annoyed honestly.,anger,0
sometimes i feel somewhat forgotten lately.,loneliness,7
today i feel extremely down i don't know why.,sadness,10
i've been kind of running on empty lately.,burnout,3
i'm really somewhat uneasy right now.,anxiety,1
i keep feeling kind of lonely...,loneliness,7
i just feel burnt out i don't know why.,burnout,3
i am quite down i don't know why.,sadness,10
i am very horrible about how i look honestly.,body_image_issue,2
"honestly, i'm very by myself today.",loneliness,7
right now i'm very drained these days.,burnout,3
"honestly, i'm deeply delighted i don't know why.",joy,6
i keep feeling so pressured honestly.,stress,11
sometimes i feel so upset and i can't shake it.,sadness,10
i'm completely sad more than usual.,sadness,10
"honestly, i'm deeply shaky i don't know why.",anxiety,1
i feel invisible to my friends.,loneliness,7
"honestly, i'm really running on empty lately.",burnout,3
these days i feel deeply like i don't matter honestly.,low_self_esteem,8
sometimes i feel a bit horrible about how i look i don't know why.,body_image_issue,2
i feel totally numb today.,depression,4
it seems i'm incredibly unhappy right now.,sadness,10
right now i'm alright these days.,neutral,9
i keep feeling like nobody likes me these days.,low_self_esteem,8
today i feel completely left out and i can't shake it.,loneliness,7
today i feel very swamped right now.,stress,11
these days i feel somewhat apprehensive,anxiety,1
i feel a bit nervous more than usual.,anxiety,1
tbh i'm kind of disgusting in the mirror today.,body_image_issue,2
"honestly, i'm kind of content...",joy,6
"honestly, i'm kind of uneasy honestly.",anxiety,1
i keep feeling a bit run down and i can't shake it.,stress,11
right now i'm completely alone more than usual.,loneliness,7
sometimes i feel by myself,loneliness,7
i'm really invisible right now.,loneliness,7
i think i'm so overwhelmed by studying and i can't shake it.,exam_stress,5
i've been so like giving up right now.,depression,4
i've been quite pressured and i can't shake it.,stress,11
i've been very unhappy right now.,sadness,10
lately i feel completely like there's no point today.,depression,4
i am incredibly like i don't matter more than usual.,low_self_esteem,8
tbh i'm totally under pressure lately.,stress,11
i'm incredibly overwhelmed these days.,stress,11
"honestly, i'm really fried lately.",burnout,3
"honestly, i'm completely annoyed more than usual.",anger,0
i'm really quite stupid honestly.,low_self_esteem,8
sometimes i feel quite calm today.,neutral,9
tbh i'm useless today.,low_self_esteem,8
i keep feeling somewhat stressed about my exams honestly.,exam_stress,5
sometimes i feel extremely stressed about my exams these days.,exam_stress,5
i've been very anxious about my upcoming exam lately.,exam_stress,5
i'm really somewhat mad and i can't shake it.,anger,0
i'm incredibly like a burden more than usual.,depression,4
i keep feeling buried in tasks and i can't shake it.,stress,11
right now i'm totally ugly.,body_image_issue,2
sometimes i feel a bit like nothing matters these days.,depression,4
i feel somewhat done honestly.,burnout,3
i am very ashamed of my body more than usual.,body_image_issue,2
i've been a bit stressed about my exams today.,exam_stress,5
lately i feel exhausted from work more than usual.,burnout,3
somewhat panicking about finals lately.,exam_stress,5
i've been somewhat like nobody likes me today.,low_self_esteem,8
i think i'm quite scared honestly.,anxiety,1
i think i'm incredibly drained right now.,burnout,3
i feel somewhat like giving up lately.,depression,4
sometimes i feel fearful honestly.,anxiety,1
i am completely hopeless i don't know why.,depression,4
i feel really without purpose honestly.,depression,4
"honestly, i'm totally on edge today.",anxiety,1
i keep feeling depleted...,burnout,3
i've been so down more than usual.,sadness,10
right now i'm deeply panicking about finals...,exam_stress,5
"honestly, things are steady at the moment...",neutral,9
these days i feel very stressed about my exams more than usual.,exam_stress,5
i am so disconnected...,loneliness,7
these days i feel really blue today.,sadness,10
i think i'm kind of annoyed today.,anger,0
i think i'm a bit like a failure...,low_self_esteem,8
i am somewhat isolated honestly.,loneliness,7
"honestly, i'm quite tearful honestly.",sadness,10
right now i'm kind of resentful,anger,0
these days i feel incredibly pleased right now.,joy,6
"honestly, i'm extremely fried these days.",burnout,3
i'm really a bit invisible these days.,loneliness,7
i am incredibly pressured right now.,stress,11
today i feel completely invisible and i can't shake it.,loneliness,7
i keep feeling completely scared right now.,anxiety,1
i've been deeply like there's no point right now.,depression,4
deeply lonely lately.,loneliness,7
these days i feel totally depleted honestly.,burnout,3
i'm really completely uneasy more than usual.,anxiety,1
sometimes i feel deeply unattractive i don't know why.,body_image_issue,2
tbh i'm extremely ugly today.,body_image_issue,2
these days i feel incredibly delighted right now.,joy,6
it seems i'm quite fine these days.,neutral,9
right now i'm very tense from work.,stress,11
tbh i'm deeply like nobody likes me lately.,low_self_esteem,8
i'm quite tearful and i can't shake it.,sadness,10
i feel quite frustrated and i can't shake it.,anger,0
these days i feel completely blessed...,joy,6
i feel completely light-hearted,joy,6
i am very stressed about my exams more than usual.,exam_stress,5
it seems i'm so okay lately.,neutral,9
i am not good enough more than usual.,low_self_esteem,8
lately i feel incredibly not good enough i don't know why.,low_self_esteem,8
i keep feeling very left out.,loneliness,7
kind of fat these days.,body_image_issue,2
right now i'm incredibly insecure about my appearance lately.,body_image_issue,2
i've been annoyed,anger,0
i'm really so worthless,depression,4
i'm very smiling.,joy,6
sometimes i feel quite tense from work and i can't shake it.,stress,11
tbh i'm totally invisible,loneliness,7
i am so thankful,joy,6
i think i'm totally sad these days.,sadness,10
sometimes i feel kind of gloomy more than usual.,sadness,10
sometimes i feel somewhat buried in tasks right now.,stress,11
right now i'm totally pleased lately.,joy,6
i think i'm so like nobody likes me today.,low_self_esteem,8
i think i'm very stressed about my exams right now.,exam_stress,5
tbh i'm completely okay lately.,neutral,9
sometimes i feel worried and i can't shake it.,anxiety,1
i think i'm very happy,joy,6
today i feel totally scared i'll fail my exam more than usual.,exam_stress,5
right now i'm completely scared i'll fail my exam lately.,exam_stress,5
i just feel kind of balanced i don't know why.,neutral,9
i've been deeply unattractive lately.,body_image_issue,2
so delighted honestly.,joy,6
these days i feel extremely resentful today.,anger,0
sometimes i feel extremely under pressure,stress,11
i just feel deeply scared,anxiety,1
i'm really totally insecure about myself today.,low_self_esteem,8
it seems i'm totally neutral right now.,neutral,9
i feel pressured more than usual.,stress,11
today i feel really miserable these days.,sadness,10
i've been a bit thankful right now.,joy,6
i keep feeling very furious.,anger,0
i think i'm somewhat pressured.,stress,11
these days i feel so isolated,loneliness,7
i'm really somewhat stupid...,low_self_esteem,8
it seems i'm kind of balanced and i can't shake it.,neutral,9
i keep feeling somewhat like there's no point these days.,depression,4
i think i'm really run down these days.,stress,11
lately i feel completely like i don't matter honestly.,low_self_esteem,8
i keep feeling a bit panicking about finals right now.,exam_stress,5
lately i feel extremely grateful right now.,joy,6
i keep feeling a bit tense and i can't shake it.,anxiety,1
i am a bit by myself,loneliness,7
these days i feel quite like giving up lately.,depression,4
"honestly, i'm completely tense from work lately.",stress,11
right now i'm really like nothing matters today.,depression,4
i'm kind of miserable.,sadness,10
i just feel very content...,joy,6
"honestly, i'm completely not good enough these days.",low_self_esteem,8
deeply without purpose honestly.,depression,4
lately i feel completely neutral honestly.,neutral,9
i am extremely isolated.,loneliness,7
i think i'm completely like i don't matter i don't know why.,low_self_esteem,8
i feel completely panicking about finals more than usual.,exam_stress,5
incredibly hopeless these days.,depression,4
these days i feel somewhat insecure about my appearance more than usual.,body_image_issue,2
deeply stressed.,stress,11
i'm incredibly like nobody likes me more than usual.,low_self_esteem,8
it seems i'm deeply worried about the test.,exam_stress,5
i think i'm completely stressed and i can't shake it.,stress,11
lately i feel really sad honestly.,sadness,10
i'm really kind of angry.,anger,0
today i feel a bit numb and i can't shake it.,depression,4
these days i feel so panicking about finals right now.,exam_stress,5
i am so numb today.,depression,4
i am really drained of meaning more than usual.,depression,4
sometimes i feel totally insecure about myself and i can't shake it.,low_self_esteem,8
"honestly, i'm somewhat left out more than usual.",loneliness,7
these days i feel really ashamed of my body lately.,body_image_issue,2
right now i'm a bit on edge more than usual.,anxiety,1
i'm somewhat burnt out lately.,burnout,3
deeply in a good mood today.,joy,6
i just feel very shaky lately.,anxiety,1
i am alone...,loneliness,7
these days i feel really unhappy today.,sadness,10
i am totally ugly lately.,body_image_issue,2
sometimes i feel quite insecure about my appearance honestly.,body_image_issue,2
it seems i'm incredibly like a failure these days.,low_self_esteem,8
these days i feel really neutral more than usual.,neutral,9
lately i feel a bit buried in tasks these days.,stress,11
it seems i'm so panicking about finals lately.,exam_stress,5
kind of scared more than usual.,anxiety,1
ngl why would anyone want to be around me.,low_self_esteem,8
i am very balanced more than usual.,neutral,9
i am really calm right now.,neutral,9
i'm quite drained of meaning and i can't shake it.,depression,4
i feel deeply sad lately.,sadness,10
it seems i'm quite numb today.,depression,4
"honestly, i'm extremely burnt out i don't know why.",burnout,3
lately i feel totally unhappy more than usual.,sadness,10
i am somewhat balanced more than usual.,neutral,9
today i feel totally normal honestly.,neutral,9
i think i'm deeply hopeless.,depression,4
these days i feel totally joyful more than usual.,joy,6
tbh i'm totally panicking about finals honestly.,exam_stress,5
sometimes i feel quite insecure about my appearance.,body_image_issue,2
i'm a bit drained these days.,burnout,3
it seems i'm totally useless right now.,low_self_esteem,8
i am incredibly fried today.,burnout,3
sometimes i feel totally horrible about how i look today.,body_image_issue,2
i've been totally unattractive.,body_image_issue,2
i'm so neutral,neutral,9
i've been kind of insecure about myself...,low_self_esteem,8
these days i feel completely horrible about how i look.,body_image_issue,2
it seems i'm deeply low more than usual.,sadness,10
really pissed off,anger,0
today i feel extremely horrible about how i look...,body_image_issue,2
totally low and i can't shake it.,sadness,10
it seems i'm deeply exhausted from work,burnout,3
"honestly, i'm completely done right now.",burnout,3
tbh i can't believe they did that to me...,anger,0
right now i'm quite worried about the test.,exam_stress,5
i'm really insecure about my appearance,body_image_issue,2
sometimes i feel kind of happy more than usual.,joy,6
i'm very anxious right now.,anxiety,1
ngl i hate who i am,low_self_esteem,8
these days i feel deeply under pressure...,stress,11
"honestly, i'm completely like a burden honestly.",depression,4
right now i'm kind of alright.,neutral,9
sometimes i feel incredibly furious right now.,anger,0
i'm really a bit low honestly.,sadness,10
i feel really just chilling and i can't shake it.,neutral,9
today i feel really empty and i can't shake it.,depression,4
it seems i'm deeply worthless right now.,depression,4
i just feel completely uneasy more than usual.,anxiety,1
"honestly, i feel a heavy sadness inside",sadness,10
today i feel somewhat melancholic right now.,sadness,10
lately i feel kind of like nobody likes me.,low_self_esteem,8
really run down today.,stress,11
"honestly, i'm a bit not good enough.",low_self_esteem,8
lately i feel extremely like nothing matters and i can't shake it.,depression,4
i've been a bit ashamed of my body today.,body_image_issue,2
sometimes i feel kind of running on empty i don't know why.,burnout,3
i just feel a bit alone today.,loneliness,7
it seems i'm completely irritated i don't know why.,anger,0
lately i feel quite insecure about my appearance these days.,body_image_issue,2
i am totally upset,sadness,10
"honestly, i'm so unhappy and i can't shake it.",sadness,10
these days i feel extremely empty today.,depression,4
it seems i'm kind of calm i don't know why.,neutral,9
today i feel kind of insecure about my appearance more than usual.,body_image_issue,2
these days i feel somewhat low,sadness,10
i'm really somewhat nervous and i can't shake it.,anxiety,1
i just feel somewhat pleased today.,joy,6
i just feel a bit useless right now.,low_self_esteem,8
i'm really extremely drained more than usual.,burnout,3
"honestly, i don't see a future for myself...",depression,4
i feel somewhat lonely these days.,loneliness,7
i'm somewhat fine more than usual.,neutral,9
"honestly, i'm completely mad i don't know why.",anger,0
lately i feel quite pleased and i can't shake it.,joy,6
"honestly, i'm a bit forgotten and i can't shake it.",loneliness,7
lately i feel totally melancholic lately.,sadness,10
i feel a bit angry.,anger,0
i've been very balanced honestly.,neutral,9
sometimes i feel a bit scared i'll fail my exam more than usual.,exam_stress,5
"honestly, i'm somewhat fried right now.",burnout,3
i think i'm totally fuming right now.,anger,0
i'm really incredibly ashamed of my body...,body_image_issue,2
i keep feeling extremely ugly i don't know why.,body_image_issue,2
i feel completely running on empty lately.,burnout,3
right now i'm completely like nothing matters,depression,4
i'm really completely pissed off more than usual.,anger,0
"honestly, i'm completely pressured these days.",stress,11
i'm really kind of stressed about my exams more than usual.,exam_stress,5
i'm really extremely ashamed of my body.,body_image_issue,2
these days i feel so fat.,body_image_issue,2
i keep feeling a bit like there's no point lately.,depression,4
i think i'm deeply like there's no point i don't know why.,depression,4
i keep feeling quite panicking about finals honestly.,exam_stress,5
today i feel really worthless more than usual.,depression,4
i've been completely angry right now.,anger,0
i've been extremely nervous honestly.,anxiety,1
i think i'm quite worthless i don't know why.,low_self_esteem,8
today i feel totally disgusting in the mirror i don't know why.,body_image_issue,2
tbh i'm totally numb i don't know why.,depression,4
i'm invisible,loneliness,7
right now i'm incredibly mad,anger,0
i feel quite okay these days.,neutral,9
i am really depleted lately.,burnout,3
tbh i'm quite annoyed i don't know why.,anger,0
right now i'm incredibly like nobody likes me and i can't shake it.,low_self_esteem,8
i just feel kind of under pressure,stress,11
quite isolated and i can't shake it.,loneliness,7
"honestly, i'm incredibly ashamed of my body...",body_image_issue,2
i feel so low lately.,sadness,10
i'm so like i don't matter and i can't shake it.,low_self_esteem,8
lately i feel resentful lately.,anger,0
tbh i'm completely not good enough more than usual.,low_self_esteem,8
extremely balanced.,neutral,9
today i feel so horrible about how i look.,body_image_issue,2
i am very scared i'll fail my exam...,exam_stress,5
these days i feel completely overwhelmed i don't know why.,stress,11
a bit run down.,stress,11
it seems i'm really burnt out right now.,burnout,3
i'm really really glad more than usual.,joy,6
i feel so melancholic today.,sadness,10
i feel kind of overwhelmed honestly.,stress,11
"honestly, i'm kind of alone more than usual.",loneliness,7
sometimes i feel really pleased lately.,joy,6
i'm really really uneasy these days.,anxiety,1
i think i'm somewhat down lately.,sadness,10
i'm really somewhat nervous.,anxiety,1
i think i'm very fried lately.,burnout,3
kind of isolated these days.,loneliness,7
i've been deeply anxious and i can't shake it.,anxiety,1
sometimes i feel a bit without purpose i don't know why.,depression,4
tbh i'm a bit worthless today.,low_self_esteem,8
these days i feel swamped these days.,stress,11
i just feel so balanced these days.,neutral,9
"honestly, i'm really stressed...",stress,11
i am deeply overwhelmed by studying,exam_stress,5
i just feel completely joyful.,joy,6
i'm extremely light-hearted,joy,6
i am so resentful i don't know why.,anger,0
these days i feel totally worried honestly.,anxiety,1
very hopeless honestly.,depression,4
tbh i'm quite melancholic.,sadness,10
tbh i'm by myself,loneliness,7
i think i'm extremely empty today.,depression,4
"honestly, i'm a bit on edge and i can't shake it.",anxiety,1
i just feel really by myself right now.,loneliness,7
"honestly, i'm incredibly worthless honestly.",low_self_esteem,8
i'm incredibly joyful these days.,joy,6
i think i'm so worthless.,depression,4
today i feel somewhat cheerful and i can't shake it.,joy,6
"honestly, i'm extremely at ease honestly.",neutral,9
i keep feeling completely shaky today.,anxiety,1
these days i feel very at ease today.,neutral,9
i am totally under pressure these days.,stress,11
it seems i'm very stressed about my exams right now.,exam_stress,5
tbh i'm totally annoyed more than usual.,anger,0
i just feel so alone...,loneliness,7
i've been quite panicky today.,anxiety,1
i feel really uneasy today.,anxiety,1
i am quite exhausted from work today.,burnout,3
i keep feeling deeply fearful i don't know why.,anxiety,1
these days i feel totally furious i don't know why.,anger,0
i've been totally invisible right now.,loneliness,7
i feel totally like i don't matter more than usual.,low_self_esteem,8
tbh i'm deeply upset honestly.,sadness,10
i'm quite done these days.,burnout,3
i am very horrible about how i look...,body_image_issue,2
lately i feel so gloomy and i can't shake it.,sadness,10
lately i feel extremely alright more than usual.,neutral,9
today i feel incredibly run down these days.,stress,11
tbh i'm like there's no point lately.,depression,4
lately i feel really panicking about finals honestly.,exam_stress,5
tbh i'm afraid i don't know why.,anxiety,1
i feel extremely fine right now.,neutral,9
these days i feel totally okay.,neutral,9
right now i'm quite grateful...,joy,6
lately i feel so glad today.,joy,6
i keep feeling fat today.,body_image_issue,2
i feel totally fuming more than usual.,anger,0
i am really panicking about finals and i can't shake it.,exam_stress,5
"honestly, i'm very stupid lately.",low_self_esteem,8
i just feel kind of panicky,anxiety,1
i feel somewhat worried more than usual.,anxiety,1
tbh i'm a bit overwhelmed by studying today.,exam_stress,5
extremely light-hearted.,joy,6
today i feel incredibly fuming i don't know why.,anger,0
sometimes i feel really delighted honestly.,joy,6
"honestly, i'm somewhat not good enough these days.",low_self_esteem,8
it seems i'm quite fuming...,anger,0
lately i feel quite fried lately.,burnout,3
it seems i'm incredibly insecure about myself...,low_self_esteem,8
it seems i'm quite horrible about how i look honestly.,body_image_issue,2
it seems i'm really frustrated today.,anger,0
right now i'm totally joyful.,joy,6
i am so worried,anxiety,1
"honestly, i'm very burnt out and i can't shake it.",burnout,3
i am very worthless.,low_self_esteem,8
i am overwhelmed and i can't shake it.,stress,11
tbh i'm a bit emotionally exhausted i don't know why.,burnout,3
i'm really totally ugly and i can't shake it.,body_image_issue,2
i keep feeling incredibly drained of meaning these days.,depression,4
i am somewhat frustrated more than usual.,anger,0
right now i'm a bit stupid today.,low_self_esteem,8
i've been really hopeless honestly.,depression,4
sometimes i feel really scared i'll fail my exam right now.,exam_stress,5
totally sad.,sadness,10
i think i'm somewhat swamped...,stress,11
i think i'm completely not good enough,low_self_esteem,8
i'm really incredibly unattractive...,body_image_issue,2
i think i'm a bit worried about the test these days.,exam_stress,5
i keep feeling extremely glad today.,joy,6
right now i'm so useless...,low_self_esteem,8
tbh i'm completely blue today.,sadness,10
i am somewhat panicky i don't know why.,anxiety,1
i'm totally ugly more than usual.,body_image_issue,2
i feel kind of ugly i don't know why.,body_image_issue,2
today i feel completely at ease honestly.,neutral,9
sometimes i feel really run down,stress,11
tbh why even try when nothing changes...,depression,4
right now i'm deeply pressured i don't know why.,stress,11
i've been somewhat left out these days.,loneliness,7
i just feel a bit buried in tasks.,stress,11
tbh i'm quite at ease more than usual.,neutral,9
"honestly, i'm really enraged these days.",anger,0
these days i feel extremely overwhelmed by studying honestly.,exam_stress,5
these days i feel really tense from work lately.,stress,11
sometimes i feel a bit neutral i don't know why.,neutral,9
lately i feel so useless lately.,low_self_esteem,8
i keep feeling somewhat apprehensive i don't know why.,anxiety,1
sometimes i feel incredibly content these days.,joy,6
tbh i'm kind of insecure about myself today.,low_self_esteem,8
tbh i'm invisible.,loneliness,7
these days i feel kind of stupid these days.,low_self_esteem,8
today i feel kind of run down more than usual.,stress,11
i keep feeling really thankful i don't know why.,joy,6
tbh i'm very like nothing matters today.,depression,4
today i feel deeply overwhelmed by studying and i can't shake it.,exam_stress,5
i am buried in tasks.,stress,11
i just feel so overwhelmed more than usual.,stress,11
fried and i can't shake it.,burnout,3
i've been deeply invisible.,loneliness,7
today i feel really delighted i don't know why.,joy,6
i keep feeling quite like i don't matter today.,low_self_esteem,8
"honestly, i'm so on edge today.",anxiety,1
today i feel like there's no point i don't know why.,depression,4
i'm very under pressure,stress,11
i keep feeling so on edge i don't know why.,anxiety,1
i've been so irritated...,anger,0
tbh i'm really like a burden lately.,depression,4
tbh i'm quite like a burden i don't know why.,depression,4
i am deeply like nobody likes me honestly.,low_self_esteem,8
"honestly, i'm somewhat under pressure and i can't shake it.",stress,11
it seems i'm so emotionally exhausted right now.,burnout,3
i'm kind of fat today.,body_image_issue,2
these days i feel extremely fat these days.,body_image_issue,2
today i feel somewhat done honestly.,burnout,3
lately i feel a bit run down...,stress,11
right now i'm kind of grateful...,joy,6
i am unattractive,body_image_issue,2
i'm kind of stupid these days.,low_self_esteem,8
lately i feel totally drained.,burnout,3
i've been tearful these days.,sadness,10
"honestly, i'm totally like a burden right now.",depression,4
these days i feel deeply calm lately.,neutral,9
i've been a bit buried in tasks more than usual.,stress,11
these days i feel really in a good mood...,joy,6
right now i'm really useless lately.,low_self_esteem,8
i've been incredibly gloomy more than usual.,sadness,10
it seems i'm totally drained more than usual.,burnout,3
sometimes i feel somewhat fearful more than usual.,anxiety,1
i'm extremely calm lately.,neutral,9
i'm really really blessed and i can't shake it.,joy,6
i feel a bit like a burden...,depression,4
i cried again tonight :(,sadness,10
lately i feel completely stressed...,stress,11
i am quite annoyed more than usual.,anger,0
tbh i'm totally like there's no point today.,depression,4
i'm emotionally exhausted lately.,burnout,3
i am completely insecure about my appearance honestly.,body_image_issue,2
tbh i'm quite gloomy these days.,sadness,10
lately i feel somewhat drained of meaning and i can't shake it.,depression,4
i'm really kind of drained more than usual.,burnout,3
quite furious more than usual.,anger,0
i just feel kind of running on empty these days.,burnout,3
i've been completely like nothing matters,depression,4
i'm completely done and i can't shake it.,burnout,3
right now i'm a bit at ease...,neutral,9
right now i'm really unattractive right now.,body_image_issue,2
i've been somewhat stressed these days.,stress,11
i am extremely delighted,joy,6
i feel totally grateful.,joy,6
right now i'm quite without purpose right now.,depression,4
today i feel deeply empty today.,depression,4
i just feel somewhat okay lately.,neutral,9
i think i'm so calm lately.,neutral,9
it seems i'm really down more than usual.,sadness,10
it seems i'm really mad right now.,anger,0
these days i feel somewhat like a burden today.,depression,4
right now i'm so annoyed lately.,anger,0
lately i feel incredibly not good enough lately.,low_self_esteem,8
i'm really completely hopeless more than usual.,depression,4
sometimes i feel so heartbroken lately.,sadness,10
i am really grateful and i can't shake it.,joy,6
i think i'm kind of tearful,sadness,10
i'm so like giving up lately.,depression,4
lately i feel numb...,depression,4
these days i feel quite neutral.,neutral,9
it seems i'm extremely down...,sadness,10
i am somewhat panicky lately.,anxiety,1
it seems i'm nervous today.,anxiety,1
today i feel somewhat happy,joy,6
sometimes i feel completely run down and i can't shake it.,stress,11
today i feel kind of overwhelmed by studying.,exam_stress,5
i keep feeling completely balanced,neutral,9
i'm so pressured lately.,stress,11
very blue lately.,sadness,10
lately i feel extremely insecure about my appearance...,body_image_issue,2
i've been totally apprehensive lately.,anxiety,1
these days i feel somewhat uneasy today.,anxiety,1
these days i feel somewhat on edge...,anxiety,1
right now i'm completely pressured and i can't shake it.,stress,11
it seems i'm totally left out i don't know why.,loneliness,7
it seems i'm incredibly glad,joy,6
i feel quite burnt out...,burnout,3
today i feel really light-hearted right now.,joy,6
i am kind of pressured right now.,stress,11
today i feel so low more than usual.,sadness,10
i'm really so scared today.,anxiety,1
i just feel really alright and i can't shake it.,neutral,9
i just feel incredibly enraged honestly.,anger,0
i am kind of pressured...,stress,11
quite depleted.,burnout,3
completely melancholic honestly.,sadness,10
today i feel really frustrated,anger,0
i feel very like there's no point these days.,depression,4
i'm really very ashamed of my body...,body_image_issue,2
i am really emotionally exhausted...,burnout,3
i just feel incredibly without purpose.,depression,4
so like i don't matter today.,low_self_esteem,8
i feel somewhat alone today.,loneliness,7
today i feel completely run down and i can't shake it.,stress,11
these days i feel a bit low today.,sadness,10
so overwhelmed by studying.,exam_stress,5
i'm so fried honestly.,burnout,3
lately i feel very not good enough...,low_self_esteem,8
i am somewhat done.,burnout,3
i think i'm completely scared more than usual.,anxiety,1
deeply disgusting in the mirror.,body_image_issue,2
tbh i'm so grateful.,joy,6
incredibly just chilling right now.,neutral,9
i keep feeling kind of forgotten right now.,loneliness,7
lately i feel quite at ease more than usual.,neutral,9
i keep feeling really tense from work lately.,stress,11
i'm a bit overwhelmed by studying,exam_stress,5
sometimes i feel incredibly like a failure lately.,low_self_esteem,8
incredibly mad...,anger,0
i just feel quite run down right now.,stress,11
kind of ashamed of my body honestly.,body_image_issue,2
i feel quite overwhelmed by studying these days.,exam_stress,5
i've been deeply disgusting in the mirror these days.,body_image_issue,2
i'm really so low right now.,sadness,10
i've been by myself...,loneliness,7
i'm incredibly overwhelmed by studying honestly.,exam_stress,5
these days i feel incredibly disgusting in the mirror,body_image_issue,2
i think i'm a bit insecure about my appearance and i can't shake it.,body_image_issue,2
right now i'm completely alright these days.,neutral,9
today i feel kind of shaky and i can't shake it.,anxiety,1
i am resentful...,anger,0
i am emotionally exhausted more than usual.,burnout,3
i just feel extremely run down,stress,11
it seems i'm a bit fat these days.,body_image_issue,2
lately i feel kind of fat...,body_image_issue,2
sometimes i feel so scared i'll fail my exam,exam_stress,5
i'm quite tense from work and i can't shake it.,stress,11
lately i feel quite anxious about my upcoming exam lately.,exam_stress,5
i'm so worthless lately.,low_self_esteem,8
today i feel deeply empty more than usual.,depression,4
quite overwhelmed by studying more than usual.,exam_stress,5
"honestly, i'm quite scared i'll fail my exam i don't know why.",exam_stress,5
incredibly worried about the test more than usual.,exam_stress,5
"honestly, i'm incredibly fat today.",body_image_issue,2
it seems i'm really panicking about finals today.,exam_stress,5
it seems i'm so run down.,stress,11
it seems i'm balanced i don't know why.,neutral,9
"honestly, i'm extremely uneasy...",anxiety,1
today i feel extremely worried today.,anxiety,1
i feel so numb today.,depression,4
i feel tearful i don't know why.,sadness,10
"honestly, i'm very under pressure today.",stress,11
i feel quite melancholic...,sadness,10
i am somewhat pressured and i can't shake it.,stress,11
sometimes i feel so stressed about my exams,exam_stress,5
i am so resentful these days.,anger,0
i feel so ashamed of my body more than usual.,body_image_issue,2
somewhat smiling right now.,joy,6
extremely ashamed of my body lately.,body_image_issue,2
i'm so gloomy.,sadness,10
i feel extremely stressed and i can't shake it.,stress,11
i've been really okay right now.,neutral,9
tbh i'm completely balanced and i can't shake it.,neutral,9
today i feel quite worried about the test and i can't shake it.,exam_stress,5
i am deeply left out today.,loneliness,7
sometimes i feel somewhat overwhelmed by studying i don't know why.,exam_stress,5
right now i'm a bit blessed right now.,joy,6
i feel really fried more than usual.,burnout,3
i just feel totally normal lately.,neutral,9
i feel kind of light-hearted lately.,joy,6
i feel extremely insecure about my appearance and i can't shake it.,body_image_issue,2
right now i'm tense from work...,stress,11
tbh i'm quite buried in tasks today.,stress,11
"honestly, i'm a bit tearful.",sadness,10
i've been very disgusting in the mirror right now.,body_image_issue,2
i feel so calm today.,neutral,9
i feel low today.,sadness,10
i'm really so anxious...,anxiety,1
i am extremely mad and i can't shake it.,anger,0
i think i'm totally alone today.,loneliness,7
i am a bit just chilling these days.,neutral,9
right now i'm very isolated these days.,loneliness,7
these days i feel extremely panicking about finals right now.,exam_stress,5
lately i feel deeply delighted i don't know why.,joy,6
i feel a knot in my stomach...,anxiety,1
i'm really kind of running on empty honestly.,burnout,3
these days i feel horrible about how i look lately.,body_image_issue,2
today i feel really emotionally exhausted,burnout,3
i just feel totally pleased,joy,6
lately i feel really stressed about my exams.,exam_stress,5
right now i'm extremely overwhelmed by studying today.,exam_stress,5
sometimes i feel a bit useless.,low_self_esteem,8
i feel a bit burnt out today.,burnout,3
i've been extremely blue today.,sadness,10
i keep feeling okay right now.,neutral,9
lately i feel really alright honestly.,neutral,9
tbh i'm very worthless.,depression,4
today i feel really worthless these days.,depression,4
i feel deeply insecure about my appearance these days.,body_image_issue,2
"honestly, i'm extremely frustrated today.",anger,0
i think i'm completely annoyed...,anger,0
i think i'm kind of just chilling today.,neutral,9
it seems i'm completely fat these days.,body_image_issue,2
i feel totally invisible honestly.,loneliness,7
tbh i'm really panicking about finals lately.,exam_stress,5
i'm really lonely lately.,loneliness,7
right now i'm really tense more than usual.,anxiety,1
"honestly, i'm quite blessed.",joy,6
"honestly, i'm totally balanced lately.",neutral,9
it seems i'm really ashamed of my body today.,body_image_issue,2
sometimes i feel completely unattractive honestly.,body_image_issue,2
i keep feeling quite like giving up today.,depression,4
tbh i'm somewhat fried lately.,burnout,3
tbh i'm deeply stressed i don't know why.,stress,11
"honestly, i'm totally balanced right now.",neutral,9
"honestly, i'm incredibly at ease today.",neutral,9
i feel incredibly alright,neutral,9
these days i feel extremely left out today.,loneliness,7
i'm really somewhat joyful today.,joy,6
completely disgusting in the mirror...,body_image_issue,2
somewhat scared...,anxiety,1
i feel kind of stressed about my exams today.,exam_stress,5
lately i feel really miserable...,sadness,10
i've been very in a good mood...,joy,6
i'm really forgotten today.,loneliness,7
it seems i'm completely balanced lately.,neutral,9
i just feel very emotionally exhausted these days.,burnout,3
sometimes i feel incredibly normal more than usual.,neutral,9
quite panicking about finals honestly.,exam_stress,5
i keep feeling totally miserable.,sadness,10
i keep feeling so panicking about finals,exam_stress,5
deeply tense from work honestly.,stress,11
it seems i'm incredibly sad these days.,sadness,10
i've been deeply stressed about my exams...,exam_stress,5
i'm quite worried about the test lately.,exam_stress,5
i'm really really normal i don't know why.,neutral,9
i just feel quite furious lately.,anger,0
i feel totally pressured right now.,stress,11
it seems i'm deeply numb i don't know why.,depression,4
these days i feel a bit mad right now.,anger,0
lately i feel somewhat fuming.,anger,0
i'm totally scared i'll fail my exam and i can't shake it.,exam_stress,5
i just feel quite swamped today.,stress,11
lately i feel very stupid and i can't shake it.,low_self_esteem,8
sometimes i feel really uneasy these days.,anxiety,1
these days i feel a bit tearful i don't know why.,sadness,10
i think i'm so irritated today.,anger,0
right now i'm somewhat not good enough.,low_self_esteem,8
i'm really incredibly furious and i can't shake it.,anger,0
lately i feel kind of delighted honestly.,joy,6
today i feel extremely unhappy lately.,sadness,10
"honestly, i'm kind of annoyed these days.",anger,0
"honestly, i'm somewhat alright more than usual.",neutral,9
"honestly, i'm very drained of meaning more than usual.",depression,4
i think i'm completely done,burnout,3
lately i feel a bit scared i'll fail my exam lately.,exam_stress,5
these days i feel kind of worried about the test these days.,exam_stress,5
i've been really pleased and i can't shake it.,joy,6
lately i feel somewhat worthless honestly.,depression,4
i am extremely happy these days.,joy,6
i am really anxious about my upcoming exam...,exam_stress,5
i am incredibly disgusting in the mirror more than usual.,body_image_issue,2
i keep feeling somewhat anxious today.,anxiety,1
i think i'm kind of smiling lately.,joy,6
i'm really totally invisible lately.,loneliness,7
these days i feel extremely optimistic today.,joy,6
tbh i'm somewhat melancholic and i can't shake it.,sadness,10
i feel somewhat worthless today.,low_self_esteem,8
i feel completely lonely,loneliness,7
it seems i'm deeply apprehensive honestly.,anxiety,1
it seems i'm somewhat without purpose today.,depression,4
i keep feeling totally like there's no point today.,depression,4
"honestly, i'm very furious more than usual.",anger,0
i think i'm a bit anxious about my upcoming exam.,exam_stress,5
sometimes i feel totally anxious about my upcoming exam honestly.,exam_stress,5
i think i'm somewhat nervous today.,anxiety,1
i've been kind of optimistic more than usual.,joy,6
it seems i'm so emotionally exhausted and i can't shake it.,burnout,3
tbh i'm very fuming today.,anger,0
i'm incredibly by myself...,loneliness,7
right now i'm kind of horrible about how i look...,body_image_issue,2
today i feel deeply like a failure these days.,low_self_esteem,8
"honestly, i'm really joyful these days.",joy,6
tbh i'm somewhat ugly.,body_image_issue,2
right now i'm kind of grateful these days.,joy,6
sometimes i feel incredibly swamped today.,stress,11
sometimes i feel deeply stressed about my exams,exam_stress,5
i keep feeling delighted these days.,joy,6
lately i feel totally pressured.,stress,11
i feel so annoyed right now.,anger,0
i'm really quite disconnected more than usual.,loneliness,7
i'm really deeply stressed about my exams.,exam_stress,5
really isolated...,loneliness,7
tbh i'm incredibly neutral today.,neutral,9
tbh i'm very horrible about how i look i don't know why.,body_image_issue,2
it seems i'm totally angry.,anger,0
i'm really incredibly stupid lately.,low_self_esteem,8
i keep feeling deeply numb i don't know why.,depression,4
i think i'm so insecure about my appearance lately.,body_image_issue,2
right now i'm really at ease i don't know why.,neutral,9
i'm quite overwhelmed these days.,stress,11
tbh i'm ashamed of my body today.,body_image_issue,2
today i feel so pissed off...,anger,0
i'm really kind of joyful more than usual.,joy,6
today i feel so under pressure...,stress,11
i'm really really stupid right now.,low_self_esteem,8
i think i'm a bit by myself,loneliness,7
sometimes i feel kind of nervous lately.,anxiety,1
today i feel quite miserable.,sadness,10
i'm totally burnt out more than usual.,burnout,3
these days i feel so drained i don't know why.,burnout,3
sometimes i feel nervous honestly.,anxiety,1
"honestly, i'm extremely like nobody likes me lately.",low_self_esteem,8
today i feel really overwhelmed i don't know why.,stress,11
i'm really furious.,anger,0
sometimes i feel somewhat anxious and i can't shake it.,anxiety,1
i'm really completely in a good mood these days.,joy,6
tbh i'm isolated honestly.,loneliness,7
i am very stressed about my exams...,exam_stress,5
i think i'm a bit like nothing matters lately.,depression,4
sometimes i feel completely okay i don't know why.,neutral,9
i've been really running on empty lately.,burnout,3
these days i feel deeply stressed about my exams lately.,exam_stress,5
i feel completely stressed about my exams more than usual.,exam_stress,5
i keep feeling extremely burnt out i don't know why.,burnout,3
lately i feel somewhat alright i don't know why.,neutral,9
i just feel really alone lately.,loneliness,7
lately i feel a bit worried about the test,exam_stress,5
i've been kind of like i don't matter honestly.,low_self_esteem,8
i'm really depleted more than usual.,burnout,3
it seems i'm totally under pressure and i can't shake it.,stress,11
i think i'm totally unhappy these days.,sadness,10
i'm really totally alone honestly.,loneliness,7
today i feel running on empty these days.,burnout,3
these days i feel totally ashamed of my body today.,body_image_issue,2
i think i'm so without purpose honestly.,depression,4
these days i feel very burnt out...,burnout,3
i am so useless honestly.,low_self_esteem,8
incredibly pressured...,stress,11
i've been quite neutral.,neutral,9
i keep feeling kind of unhappy right now.,sadness,10
i just feel deeply furious more than usual.,anger,0
i'm totally overwhelmed lately.,stress,11
tbh i'm kind of emotionally exhausted and i can't shake it.,burnout,3
i feel kind of useless and i can't shake it.,low_self_esteem,8
today i feel like there's no point honestly.,depression,4
lately i feel so on edge and i can't shake it.,anxiety,1
these days i feel extremely pressured right now.,stress,11
i feel quite fine right now.,neutral,9
"honestly, i'm extremely overwhelmed today.",stress,11
"honestly, i'm incredibly at ease honestly.",neutral,9
i just feel incredibly drained and i can't shake it.,burnout,3
i'm really very annoyed honestly.,anger,0
i think i'm so worthless these days.,low_self_esteem,8
these days i feel very alone today.,loneliness,7
these days i feel incredibly pressured these days.,stress,11
i just feel extremely fried right now.,burnout,3
tbh i'm so alright right now.,neutral,9
today i feel a bit just chilling more than usual.,neutral,9
i'm completely balanced right now.,neutral,9
it seems i'm really calm i don't know why.,neutral,9
these days i feel really buried in tasks more than usual.,stress,11
these days i feel kind of angry honestly.,anger,0
tbh i'm extremely drained of meaning i don't know why.,depression,4
right now i'm incredibly balanced i don't know why.,neutral,9
i am completely gloomy honestly.,sadness,10
i've been really uneasy right now.,anxiety,1
i just feel deeply anxious honestly.,anxiety,1
"honestly, i'm extremely invisible i don't know why.",loneliness,7
i just feel so drained of meaning i don't know why.,depression,4
i think i'm somewhat worried about the test i don't know why.,exam_stress,5
lately i feel somewhat forgotten i don't know why.,loneliness,7
i am really blessed lately.,joy,6
i am exhausted from work today.,burnout,3
it seems i'm kind of balanced...,neutral,9
lately i feel insecure about myself and i can't shake it.,low_self_esteem,8
completely fat.,body_image_issue,2
i've been somewhat worthless honestly.,low_self_esteem,8
i just feel completely miserable honestly.,sadness,10
i'm really so emotionally exhausted more than usual.,burnout,3
i think i'm completely at ease these days.,neutral,9
i keep feeling a bit like giving up right now.,depression,4
i just feel somewhat horrible about how i look i don't know why.,body_image_issue,2
i keep feeling totally by myself these days.,loneliness,7
i feel extremely disgusting in the mirror these days.,body_image_issue,2
it seems i'm somewhat lonely...,loneliness,7
i feel so worried i don't know why.,anxiety,1
i've been really alright right now.,neutral,9
"honestly, i'm somewhat stressed i don't know why.",stress,11
i think i'm incredibly burnt out right now.,burnout,3
tbh i'm very running on empty honestly.,burnout,3
i've been extremely stupid these days.,low_self_esteem,8
i'm very insecure about my appearance today.,body_image_issue,2
it seems i'm totally drained of meaning,depression,4
sometimes i feel completely neutral honestly.,neutral,9
i think i'm completely drained today.,burnout,3
sometimes i feel deeply like nobody likes me more than usual.,low_self_esteem,8
"honestly, i'm incredibly insecure about myself honestly.",low_self_esteem,8
these days i feel incredibly worried about the test lately.,exam_stress,5
right now i'm extremely worried about the test honestly.,exam_stress,5
i'm really really stupid and i can't shake it.,low_self_esteem,8
tbh i'm a bit ashamed of my body right now.,body_image_issue,2
lately i feel very alright these days.,neutral,9
i keep feeling incredibly stressed.,stress,11
i am totally ugly honestly.,body_image_issue,2
i'm really completely left out today.,loneliness,7
today i feel kind of overwhelmed by studying honestly.,exam_stress,5
right now i'm deeply hopeless today.,depression,4
i'm really quite disconnected right now.,loneliness,7
lately i feel extremely unattractive today.,body_image_issue,2
these days i feel extremely shaky honestly.,anxiety,1
i just feel completely cheerful and i can't shake it.,joy,6
lately i feel totally blue and i can't shake it.,sadness,10
it seems i'm a bit uneasy lately.,anxiety,1
i am incredibly neutral...,neutral,9
i'm totally worthless i don't know why.,depression,4
very pressured.,stress,11
i am completely panicky today.,anxiety,1
i think i'm kind of down and i can't shake it.,sadness,10
i feel kind of gloomy more than usual.,sadness,10
sometimes i feel really depleted today.,burnout,3
really like there's no point i don't know why.,depression,4
these days i feel a bit buried in tasks...,stress,11
it seems i'm a bit disgusting in the mirror today.,body_image_issue,2
i feel totally unhappy honestly.,sadness,10
lately i feel incredibly nervous.,anxiety,1
lately i feel incredibly drained honestly.,burnout,3
lately i feel somewhat irritated honestly.,anger,0
i've been totally without purpose more than usual.,depression,4
i just feel extremely like a burden today.,depression,4
these days i feel kind of miserable,sadness,10
tbh i'm really fried right now.,burnout,3
these days i feel kind of isolated i don't know why.,loneliness,7
today i feel tearful lately.,sadness,10
i'm really a bit disconnected honestly.,loneliness,7
lately i feel so ugly lately.,body_image_issue,2
i keep feeling somewhat furious and i can't shake it.,anger,0
i keep feeling a bit neutral today.,neutral,9
i'm somewhat worried today.,anxiety,1
very gloomy these days.,sadness,10
lately i feel so insecure about myself honestly.,low_self_esteem,8
today i feel quite without purpose.,depression,4
it seems i'm totally isolated right now.,loneliness,7
i'm completely okay right now.,neutral,9
right now i'm totally useless,low_self_esteem,8
i'm really incredibly enraged right now.,anger,0
these days i feel deeply worried about the test and i can't shake it.,exam_stress,5
i feel somewhat like a burden,depression,4
i feel really stressed about my exams honestly.,exam_stress,5
i am quite okay honestly.,neutral,9
i think i'm a bit on edge more than usual.,anxiety,1
i am a bit scared i'll fail my exam and i can't shake it.,exam_stress,5
i'm totally scared today.,anxiety,1
i keep feeling so alone lately.,loneliness,7
swamped these days.,stress,11
i keep feeling kind of angry,anger,0
today i feel extremely like there's no point.,depression,4
these days i feel very anxious about my upcoming exam more than usual.,exam_stress,5
a bit not good enough.,low_self_esteem,8
sometimes i feel quite forgotten more than usual.,loneliness,7
i think i'm really anxious more than usual.,anxiety,1
these days i feel so worthless lately.,depression,4
sometimes i feel quite worthless i don't know why.,low_self_esteem,8
it seems i'm totally isolated today.,loneliness,7
lately i feel kind of frustrated honestly.,anger,0
i keep feeling completely low and i can't shake it.,sadness,10
i am really like nobody likes me lately.,low_self_esteem,8
it seems i'm extremely under pressure more than usual.,stress,11
i'm totally by myself today.,loneliness,7
today i feel kind of emotionally exhausted more than usual.,burnout,3
lately i feel somewhat by myself more than usual.,loneliness,7
right now i'm kind of smiling lately.,joy,6
sometimes i feel kind of angry.,anger,0
i keep feeling so drained these days.,burnout,3
these days i feel very forgotten.,loneliness,7
i feel somewhat thankful these days.,joy,6
i think i'm a bit anxious about my upcoming exam these days.,exam_stress,5
i think i'm a bit hopeless honestly.,depression,4
i spend every weekend alone :(,loneliness,7
i think i'm so uneasy honestly.,anxiety,1
i just feel somewhat horrible about how i look right now.,body_image_issue,2
"honestly, i'm kind of swamped lately.",stress,11
sometimes i feel deeply blue right now.,sadness,10
tbh i'm so delighted today.,joy,6
lately i feel extremely delighted these days.,joy,6
"honestly, i'm kind of done and i can't shake it.",burnout,3
i've been completely by myself honestly.,loneliness,7
i am deeply tense from work lately.,stress,11
kind of glad,joy,6
today i feel totally without purpose more than usual.,depression,4
i'm really quite run down more than usual.,stress,11
i keep feeling a bit gloomy these days.,sadness,10
i feel deeply panicking about finals more than usual.,exam_stress,5
right now i'm incredibly heartbroken i don't know why.,sadness,10
it seems i'm so drained and i can't shake it.,burnout,3
i am totally shaky these days.,anxiety,1
i feel incredibly calm...,neutral,9
i'm deeply furious.,anger,0
lately i feel somewhat in a good mood...,joy,6
i'm really really upset i don't know why.,sadness,10
i keep feeling deeply stressed about my exams i don't know why.,exam_stress,5
these days i feel extremely not good enough i don't know why.,low_self_esteem,8
i just feel so alone right now.,loneliness,7
"honestly, i'm totally exhausted from work more than usual.",burnout,3
it seems i'm deeply pissed off right now.,anger,0
lately i feel really stressed about my exams right now.,exam_stress,5
"honestly, i'm a bit delighted lately.",joy,6
i am extremely at ease honestly.,neutral,9
irritated and i can't shake it.,anger,0
i'm really run down lately.,stress,11
i think i'm totally in a good mood,joy,6
lately i feel incredibly panicking about finals today.,exam_stress,5
i've been very like nobody likes me right now.,low_self_esteem,8
sometimes i feel completely low and i can't shake it.,sadness,10
these days i feel a bit upset these days.,sadness,10
i'm extremely low.,sadness,10
i think i'm incredibly low,sadness,10
right now i'm really anxious about my upcoming exam these days.,exam_stress,5
it seems i'm kind of fat lately.,body_image_issue,2
lately i feel a bit enraged lately.,anger,0
i've been deeply horrible about how i look i don't know why.,body_image_issue,2
i think i'm quite swamped lately.,stress,11
it seems i'm quite okay today.,neutral,9
deeply stressed and i can't shake it.,stress,11
"honestly, i'm a bit worried lately.",anxiety,1
it seems i'm pleased honestly.,joy,6
lately i feel so balanced...,neutral,9
i think i'm left out right now.,loneliness,7
i feel extremely lonely...,loneliness,7
right now i'm very not good enough.,low_self_esteem,8
deeply under pressure today.,stress,11
right now i'm very enraged more than usual.,anger,0
incredibly running on empty these days.,burnout,3
i keep feeling very resentful,anger,0
these days i feel totally horrible about how i look more than usual.,body_image_issue,2
"honestly, i'm extremely left out honestly.",loneliness,7
i'm quite balanced lately.,neutral,9
i've been totally unattractive i don't know why.,body_image_issue,2
tbh i'm somewhat useless i don't know why.,low_self_esteem,8
"honestly, i'm extremely not good enough today.",low_self_esteem,8
extremely exhausted from work lately.,burnout,3
i've been extremely under pressure right now.,stress,11
i am completely fried...,burnout,3
i am really invisible...,loneliness,7
very invisible and i can't shake it.,loneliness,7
right now i'm incredibly scared i'll fail my exam.,exam_stress,5
right now i'm totally empty today.,depression,4
i think i'm deeply miserable right now.,sadness,10
i think i'm disgusting in the mirror right now.,body_image_issue,2
lately i feel a bit irritated more than usual.,anger,0
it seems i'm totally exhausted from work today.,burnout,3
tbh i'm totally like nobody likes me lately.,low_self_esteem,8
i'm incredibly fried i don't know why.,burnout,3
lately i feel kind of fat today.,body_image_issue,2
sometimes i feel frustrated today.,anger,0
i just feel kind of without purpose,depression,4
"honestly, i have no one to talk to :(",loneliness,7
i think i'm okay i don't know why.,neutral,9
i think i'm a bit like nobody likes me these days.,low_self_esteem,8
i keep feeling extremely ashamed of my body right now.,body_image_issue,2
i've been extremely calm honestly.,neutral,9
"honestly, i'm a bit balanced...",neutral,9
lately i feel ugly and i can't shake it.,body_image_issue,2
i feel quite done i don't know why.,burnout,3
these days i feel somewhat swamped these days.,stress,11
lately i feel kind of disconnected.,loneliness,7
i'm really so run down more than usual.,stress,11
deeply pressured,stress,11
it seems i'm quite like nobody likes me lately.,low_self_esteem,8
i'm really so like nobody likes me honestly.,low_self_esteem,8
lately i feel very smiling i don't know why.,joy,6
i've been really isolated.,loneliness,7
i think i'm very by myself,loneliness,7
i keep feeling a bit melancholic honestly.,sadness,10
i'm really deeply pressured.,stress,11
tbh i'm exhausted from work right now.,burnout,3
i'm completely panicking about finals lately.,exam_stress,5
i just feel quite overwhelmed lately.,stress,11
these days i feel really afraid lately.,anxiety,1
i've been incredibly left out and i can't shake it.,loneliness,7
i keep feeling incredibly enraged.,anger,0
right now i'm quite resentful,anger,0
today i feel totally tense from work and i can't shake it.,stress,11
i'm totally like there's no point more than usual.,depression,4
i've been somewhat insecure about myself lately.,low_self_esteem,8
so normal these days.,neutral,9
i am quite like nobody likes me and i can't shake it.,low_self_esteem,8
i think i'm very like a failure.,low_self_esteem,8
lately i feel scared i'll fail my exam.,exam_stress,5
i've been quite depleted i don't know why.,burnout,3
today i feel a bit anxious.,anxiety,1
i'm really somewhat under pressure.,stress,11
a bit worried about the test today.,exam_stress,5
i feel deeply anxious about my upcoming exam lately.,exam_stress,5
"honestly, i'm deeply pressured right now.",stress,11
i feel incredibly nervous today.,anxiety,1
i am so furious honestly.,anger,0
lately i feel incredibly drained,burnout,3
i keep feeling extremely stressed about my exams more than usual.,exam_stress,5
i've been somewhat scared right now.,anxiety,1
i keep feeling extremely heartbroken honestly.,sadness,10
lately i feel totally fearful these days.,anxiety,1
i've been melancholic,sadness,10
right now i'm somewhat optimistic and i can't shake it.,joy,6
"honestly, i'm neutral these days.",neutral,9
it seems i'm extremely unhappy right now.,sadness,10
i'm really a bit alone right now.,loneliness,7
these days i feel a bit fuming.,anger,0
i feel somewhat pissed off today.,anger,0
lately i feel mad,anger,0
i am very stupid...,low_self_esteem,8
i am somewhat running on empty lately.,burnout,3
i think i'm a bit like a failure more than usual.,low_self_esteem,8
i am very enraged and i can't shake it.,anger,0
i'm really somewhat optimistic i don't know why.,joy,6
i've been somewhat done right now.,burnout,3
so useless today.,low_self_esteem,8
i feel kind of melancholic these days.,sadness,10
i think i'm extremely pissed off lately.,anger,0
right now i'm really in a good mood lately.,joy,6
sometimes i feel quite fine i don't know why.,neutral,9
sometimes i feel so down and i can't shake it.,sadness,10
i feel incredibly emotionally exhausted right now.,burnout,3
i am a bit okay more than usual.,neutral,9
it seems i'm extremely okay honestly.,neutral,9
"honestly, i'm incredibly stressed about my exams",exam_stress,5
it seems i'm totally overwhelmed by studying today.,exam_stress,5
sometimes i feel very pleased these days.,joy,6
deeply stressed about my exams...,exam_stress,5
i am very isolated honestly.,loneliness,7
i'm so numb today.,depression,4
tbh i'm very fried honestly.,burnout,3
i keep feeling quite fearful i don't know why.,anxiety,1
i'm really deeply shaky,anxiety,1
i just feel very fat more than usual.,body_image_issue,2
i feel really not good enough and i can't shake it.,low_self_esteem,8
i think i'm somewhat by myself these days.,loneliness,7
today i feel quite empty these days.,depression,4
today i feel really empty right now.,depression,4
i'm quite melancholic and i can't shake it.,sadness,10
these days i feel somewhat light-hearted more than usual.,joy,6
i just feel completely depleted i don't know why.,burnout,3
sometimes i feel totally blessed right now.,joy,6
a bit on edge and i can't shake it.,anxiety,1
right now i'm totally content i don't know why.,joy,6
i think i'm uneasy i don't know why.,anxiety,1
i'm really really by myself and i can't shake it.,loneliness,7
i am kind of without purpose more than usual.,depression,4
right now i'm very like a burden i don't know why.,depression,4
i feel a bit smiling and i can't shake it.,joy,6
today i feel kind of alright these days.,neutral,9
tbh i'm kind of shaky i don't know why.,anxiety,1
it seems i'm somewhat ugly...,body_image_issue,2
"honestly, i'm a bit useless i don't know why.",low_self_esteem,8
right now i'm so stressed these days.,stress,11
lately i feel very like nothing matters and i can't shake it.,depression,4
i am kind of overwhelmed by studying.,exam_stress,5
lately i feel without purpose today.,depression,4
it seems i'm kind of on edge i don't know why.,anxiety,1
today i feel deeply alone more than usual.,loneliness,7
i've been kind of resentful these days.,anger,0
these days i feel really ashamed of my body these days.,body_image_issue,2
today i feel quite like i don't matter honestly.,low_self_esteem,8
i keep feeling a bit forgotten i don't know why.,loneliness,7
"honestly, i'm kind of irritated today.",anger,0
i'm really very scared honestly.,anxiety,1
tbh i'm quite tense from work right now.,stress,11
today i feel somewhat shaky right now.,anxiety,1
i keep feeling very left out lately.,loneliness,7
these days i feel incredibly like i don't matter more than usual.,low_self_esteem,8
it seems i'm irritated honestly.,anger,0
i just feel really overwhelmed by studying.,exam_stress,5
i've been a bit glad,joy,6
i am incredibly stressed...,stress,11
kind of tense from work i don't know why.,stress,11
i'm really under pressure i don't know why.,stress,11
i'm so lonely lately.,loneliness,7
"honestly, i'm incredibly balanced i don't know why.",neutral,9
i feel a bit apprehensive and i can't shake it.,anxiety,1
it seems i'm completely balanced and i can't shake it.,neutral,9
right now i'm deeply shaky i don't know why.,anxiety,1
these days i feel really resentful...,anger,0
i think i'm shaky today.,anxiety,1
sometimes i feel extremely neutral right now.,neutral,9
i just feel completely fuming right now.,anger,0
i think i'm really resentful right now.,anger,0
i feel very melancholic these days.,sadness,10
tbh i'm okay honestly.,neutral,9
i think i'm very left out and i can't shake it.,loneliness,7
sometimes i feel deeply invisible these days.,loneliness,7
tbh nobody really knows the real me :(,loneliness,7
these days i feel quite tense from work...,stress,11
i just feel completely glad today.,joy,6
it seems i'm disgusting in the mirror i don't know why.,body_image_issue,2
right now i'm completely swamped.,stress,11
i'm deeply irritated...,anger,0
lately i feel somewhat upset right now.,sadness,10
i feel extremely overwhelmed by studying...,exam_stress,5
"honestly, i'm kind of angry today.",anger,0
i'm completely running on empty these days.,burnout,3
it seems i'm really fearful...,anxiety,1
today i feel like giving up.,depression,4
these days i feel really nervous.,anxiety,1
right now i'm somewhat joyful more than usual.,joy,6
i'm really kind of worried about the test i don't know why.,exam_stress,5
i am extremely furious,anger,0
"honestly, i'm somewhat by myself honestly.",loneliness,7
lately i feel extremely light-hearted more than usual.,joy,6
tbh i'm completely calm more than usual.,neutral,9
lately i feel totally stressed about my exams more than usual.,exam_stress,5
i just feel deeply like giving up,depression,4
i think i'm deeply horrible about how i look i don't know why.,body_image_issue,2
i just feel completely unhappy...,sadness,10
lately i feel a bit sad.,sadness,10
i think i'm incredibly enraged lately.,anger,0
i am really by myself i don't know why.,loneliness,7
i just feel totally fine,neutral,9
i'm really totally stupid right now.,low_self_esteem,8
"honestly, i'm really stressed lately.",stress,11
i think i'm without purpose,depression,4
"honestly, i'm somewhat like giving up...",depression,4
i keep feeling a bit uneasy lately.,anxiety,1
"honestly, i'm very irritated...",anger,0
quite like a burden these days.,depression,4
a bit normal and i can't shake it.,neutral,9
"honestly, i'm completely like there's no point more than usual.",depression,4
i'm extremely nervous,anxiety,1
i just feel incredibly on edge,anxiety,1
today i feel a bit swamped today.,stress,11
lately i feel quite under pressure today.,stress,11
today i feel deeply unattractive today.,body_image_issue,2
i'm really really miserable.,sadness,10
i'm kind of without purpose more than usual.,depression,4
today i feel totally worried about the test lately.,exam_stress,5
i just feel very apprehensive,anxiety,1
i just feel fat these days.,body_image_issue,2
sometimes i feel a bit thankful honestly.,joy,6
i keep feeling extremely like giving up honestly.,depression,4
"honestly, i'm incredibly ashamed of my body honestly.",body_image_issue,2
sometimes i feel incredibly running on empty i don't know why.,burnout,3
these days i feel quite balanced right now.,neutral,9
i am very optimistic.,joy,6
lonely right now.,loneliness,7
content lately.,joy,6
incredibly okay,neutral,9
it seems i'm kind of anxious about my upcoming exam these days.,exam_stress,5
i feel extremely hopeless these days.,depression,4
lately i feel very by myself i don't know why.,loneliness,7
today i feel totally mad more than usual.,anger,0
right now i'm incredibly anxious about my upcoming exam and i can't shake it.,exam_stress,5
i'm really a bit thankful these days.,joy,6
i feel very calm right now.,neutral,9
i just feel somewhat forgotten and i can't shake it.,loneliness,7
i keep feeling really burnt out right now.,burnout,3
i keep feeling so joyful and i can't shake it.,joy,6
i just feel deeply grateful more than usual.,joy,6
i just feel stressed these days.,stress,11
today i feel completely overwhelmed by studying honestly.,exam_stress,5
"honestly, i'm incredibly unhappy",sadness,10
i'm quite melancholic i don't know why.,sadness,10
i keep feeling really grateful lately.,joy,6
i think i'm extremely insecure about my appearance honestly.,body_image_issue,2
deeply like i don't matter and i can't shake it.,low_self_esteem,8
today i feel a bit swamped lately.,stress,11
right now i'm totally not good enough,low_self_esteem,8
lately i feel very delighted more than usual.,joy,6
i keep feeling extremely panicky i don't know why.,anxiety,1
it seems i'm kind of worthless lately.,low_self_esteem,8
right now i'm totally fearful and i can't shake it.,anxiety,1
these days i feel completely content more than usual.,joy,6
right now i'm scared i'll fail my exam today.,exam_stress,5
i just feel incredibly melancholic and i can't shake it.,sadness,10
i think i'm completely low today.,sadness,10
sometimes i feel completely enraged honestly.,anger,0
i am incredibly irritated these days.,anger,0
i am somewhat invisible and i can't shake it.,loneliness,7
deeply pressured and i can't shake it.,stress,11
lately i feel completely low...,sadness,10
i am really low...,sadness,10
completely disgusting in the mirror lately.,body_image_issue,2
i just feel extremely optimistic right now.,joy,6
lately i feel very glad honestly.,joy,6
quite fat and i can't shake it.,body_image_issue,2
i think i'm extremely nervous today.,anxiety,1
i've been a bit neutral i don't know why.,neutral,9
i am so mad and i can't shake it.,anger,0
i just feel extremely drained.,burnout,3
right now i'm overwhelmed by studying lately.,exam_stress,5
incredibly upset...,sadness,10
i think i'm completely apprehensive these days.,anxiety,1
"honestly, i'm very pressured...",stress,11
i just feel a bit heartbroken honestly.,sadness,10
i feel kind of panicky these days.,anxiety,1
these days i feel deeply sad right now.,sadness,10
i'm really so under pressure i don't know why.,stress,11
"honestly, i'm extremely upset these days.",sadness,10
right now i'm deeply scared more than usual.,anxiety,1
right now i'm totally not good enough honestly.,low_self_esteem,8
i'm by myself,loneliness,7
it seems i'm very by myself lately.,loneliness,7
right now i'm quite unhappy right now.,sadness,10
right now i'm so under pressure lately.,stress,11
today i feel completely normal...,neutral,9
lately i feel totally anxious lately.,anxiety,1
right now i'm a bit overwhelmed by studying today.,exam_stress,5
these days i feel really balanced honestly.,neutral,9
right now i'm very overwhelmed by studying,exam_stress,5
right now i'm deeply nervous these days.,anxiety,1
i'm really incredibly drained more than usual.,burnout,3
it seems i'm somewhat ugly and i can't shake it.,body_image_issue,2
i keep feeling incredibly isolated right now.,loneliness,7
i'm deeply tense from work,stress,11
today i feel a bit like a burden honestly.,depression,4
lately i feel a bit worthless lately.,low_self_esteem,8
lately i feel extremely exhausted from work i don't know why.,burnout,3
i feel totally miserable and i can't shake it.,sadness,10
i feel extremely ashamed of my body,body_image_issue,2
today i feel so exhausted from work more than usual.,burnout,3
sometimes i feel so overwhelmed honestly.,stress,11
i just feel really fat.,body_image_issue,2
today i feel somewhat worried about the test honestly.,exam_stress,5
tbh i'm quite invisible right now.,loneliness,7
sometimes i feel deeply calm today.,neutral,9
tbh i'm a bit like i don't matter lately.,low_self_esteem,8
today i feel totally cheerful honestly.,joy,6
these days i feel kind of useless...,low_self_esteem,8
i just feel quite mad honestly.,anger,0
i just feel incredibly run down honestly.,stress,11
i just feel really empty i don't know why.,depression,4
these days i feel extremely unattractive,body_image_issue,2
i've been somewhat content lately.,joy,6
"honestly, i'm kind of insecure about my appearance more than usual.",body_image_issue,2
i'm really deeply insecure about myself lately.,low_self_esteem,8
sometimes i feel kind of tense and i can't shake it.,anxiety,1
right now i'm somewhat uneasy honestly.,anxiety,1
i'm quite insecure about myself right now.,low_self_esteem,8
tbh i'm totally anxious about my upcoming exam more than usual.,exam_stress,5
i am completely burnt out right now.,burnout,3
i've been quite low these days.,sadness,10
today i feel incredibly unattractive.,body_image_issue,2
tbh i'm alone i don't know why.,loneliness,7
extremely like there's no point these days.,depression,4
i'm very fearful i don't know why.,anxiety,1
sometimes i feel a bit ashamed of my body,body_image_issue,2
i keep feeling kind of fat these days.,body_image_issue,2
i've been very grateful right now.,joy,6
i feel disgusting in the mirror i don't know why.,body_image_issue,2
today i feel incredibly disconnected honestly.,loneliness,7
i just feel extremely panicky i don't know why.,anxiety,1
i am like a burden,depression,4
i feel calm i don't know why.,neutral,9
right now i'm kind of content today.,joy,6
i am incredibly depleted i don't know why.,burnout,3
"honestly, i'm completely thankful...",joy,6
so forgotten more than usual.,loneliness,7
these days i feel quite insecure about my appearance,body_image_issue,2
"honestly, i'm somewhat stressed about my exams i don't know why.",exam_stress,5
i've been kind of under pressure...,stress,11
sometimes i feel really on edge i don't know why.,anxiety,1
i just feel really stupid lately.,low_self_esteem,8
right now i'm incredibly isolated right now.,loneliness,7
today i feel extremely happy and i can't shake it.,joy,6
right now i'm a bit emotionally exhausted lately.,burnout,3
i'm extremely drained of meaning more than usual.,depression,4
i've been incredibly stupid i don't know why.,low_self_esteem,8
i keep feeling quite normal and i can't shake it.,neutral,9
"honestly, i'm kind of smiling right now.",joy,6
"honestly, i'm so optimistic",joy,6
i think i'm by myself i don't know why.,loneliness,7
tbh i'm having a panic attack,anxiety,1
sometimes i feel completely fine and i can't shake it.,neutral,9
i'm really really ashamed of my body,body_image_issue,2
i feel extremely worthless.,low_self_esteem,8
i just feel quite alone.,loneliness,7
"honestly, i'm kind of fat honestly.",body_image_issue,2
i'm quite forgotten and i can't shake it.,loneliness,7
it seems i'm a bit fried right now.,burnout,3
somewhat like i don't matter right now.,low_self_esteem,8
these days i feel totally drained of meaning i don't know why.,depression,4
these days i feel totally joyful...,joy,6
i'm really completely pleased today.,joy,6
i just feel completely alright i don't know why.,neutral,9
i've been somewhat swamped today.,stress,11
extremely pleased lately.,joy,6
tbh i'm incredibly enraged more than usual.,anger,0
i just feel deeply emotionally exhausted honestly.,burnout,3
lately i feel incredibly just chilling more than usual.,neutral,9
"honestly, i'm totally burnt out today.",burnout,3
i'm glad today.,joy,6
extremely emotionally exhausted these days.,burnout,3
lately i feel deeply forgotten lately.,loneliness,7
tbh i'm totally overwhelmed by studying more than usual.,exam_stress,5
today i feel depleted,burnout,3
i keep feeling quite gloomy,sadness,10
tbh i'm very like nobody likes me,low_self_esteem,8
i'm really somewhat optimistic...,joy,6
i'm incredibly calm and i can't shake it.,neutral,9
i think i'm very forgotten lately.,loneliness,7
i'm incredibly anxious about my upcoming exam honestly.,exam_stress,5
right now i'm so angry,anger,0
i just feel worthless...,depression,4
i just feel really unhappy lately.,sadness,10
these days i feel insecure about myself,low_self_esteem,8
these days i feel deeply forgotten more than usual.,loneliness,7
tbh i'm insecure about my appearance and i can't shake it.,body_image_issue,2
tbh i had such a wonderful time :(,joy,6
tbh i'm a bit stupid honestly.,low_self_esteem,8
sometimes i feel extremely scared today.,anxiety,1
lately i feel a bit neutral more than usual.,neutral,9
i think i'm quite running on empty more than usual.,burnout,3
i just feel so fried,burnout,3
i just feel completely like i don't matter.,low_self_esteem,8
kind of numb...,depression,4
i feel totally normal more than usual.,neutral,9
i keep feeling really joyful and i can't shake it.,joy,6
i'm really completely panicky right now.,anxiety,1
i'm really a bit like giving up,depression,4
lately i feel very anxious about my upcoming exam i don't know why.,exam_stress,5
i'm really deeply scared i don't know why.,anxiety,1
i feel kind of like a burden and i can't shake it.,depression,4
i feel totally stupid,low_self_esteem,8
sometimes i feel kind of useless these days.,low_self_esteem,8
i feel really empty today.,depression,4
i've been deeply isolated,loneliness,7
incredibly happy more than usual.,joy,6
i'm somewhat drained honestly.,burnout,3
today i feel extremely insecure about my appearance,body_image_issue,2
"honestly, i'm so scared i'll fail my exam lately.",exam_stress,5
so overwhelmed these days.,stress,11
these days i feel incredibly swamped honestly.,stress,11
calm...,neutral,9
i feel fried more than usual.,burnout,3
sometimes i feel a bit without purpose these days.,depression,4
i've been quite drained of meaning right now.,depression,4
sometimes i feel deeply like i don't matter lately.,low_self_esteem,8
i just feel quite like there's no point more than usual.,depression,4
i think i'm quite worried about the test more than usual.,exam_stress,5
i just feel extremely glad more than usual.,joy,6
sometimes i feel deeply invisible.,loneliness,7
i'm really totally like there's no point and i can't shake it.,depression,4
"honestly, i'm incredibly at ease more than usual.",neutral,9
i've been somewhat uneasy lately.,anxiety,1
it seems i'm extremely done today.,burnout,3
i just feel somewhat fine lately.,neutral,9
sometimes i feel swamped,stress,11
kind of running on empty more than usual.,burnout,3
lately i feel a bit done honestly.,burnout,3
i keep feeling so running on empty lately.,burnout,3
i'm kind of exhausted from work...,burnout,3
tbh i'm a bit mad honestly.,anger,0
i'm really incredibly alright more than usual.,neutral,9
sometimes i feel a bit stressed,stress,11
these days i feel deeply upset right now.,sadness,10
i keep feeling extremely frustrated...,anger,0
it seems i'm quite optimistic today.,joy,6
these days i feel deeply depleted i don't know why.,burnout,3
it seems i'm like a failure honestly.,low_self_esteem,8
i'm really so swamped and i can't shake it.,stress,11
i've been so like a burden more than usual.,depression,4
these days i feel deeply buried in tasks right now.,stress,11
sometimes i feel a bit disconnected honestly.,loneliness,7
i'm very uneasy...,anxiety,1
sometimes i feel so nervous these days.,anxiety,1
today i feel so apprehensive i don't know why.,anxiety,1
a bit miserable,sadness,10
i feel quite sad more than usual.,sadness,10
i am incredibly resentful these days.,anger,0
i think i'm quite not good enough more than usual.,low_self_esteem,8
i am heartbroken right now.,sadness,10
right now i'm incredibly tense and i can't shake it.,anxiety,1
i'm kind of unhappy right now.,sadness,10
i just feel very tearful and i can't shake it.,sadness,10
i keep feeling somewhat panicking about finals and i can't shake it.,exam_stress,5
i've been deeply pressured right now.,stress,11
it seems i'm very invisible lately.,loneliness,7
tbh i'm totally neutral more than usual.,neutral,9
"honestly, i'm very upset today.",sadness,10
tbh i'm completely by myself...,loneliness,7
i feel incredibly emotionally exhausted lately.,burnout,3
i just feel very shaky i don't know why.,anxiety,1
today i feel totally on edge lately.,anxiety,1
lately i feel buried in tasks today.,stress,11
i keep feeling incredibly balanced...,neutral,9
these days i feel incredibly not good enough right now.,low_self_esteem,8
today i feel like a failure and i can't shake it.,low_self_esteem,8
i just feel really left out.,loneliness,7
i keep feeling somewhat tense and i can't shake it.,anxiety,1
i think i'm deeply running on empty more than usual.,burnout,3
i've been completely grateful these days.,joy,6
right now i'm extremely stupid i don't know why.,low_self_esteem,8
tbh i'm so alright i don't know why.,neutral,9
ngl i'll never be successful...,low_self_esteem,8
i'm extremely frustrated.,anger,0
lately i feel kind of enraged i don't know why.,anger,0
it seems i'm quite alright i don't know why.,neutral,9
i've been not good enough lately.,low_self_esteem,8
i'm so fine i don't know why.,neutral,9
totally ashamed of my body and i can't shake it.,body_image_issue,2
i feel totally content lately.,joy,6
i keep feeling very emotionally exhausted these days.,burnout,3
today i feel quite useless...,low_self_esteem,8
today i feel quite worthless and i can't shake it.,depression,4
very unhappy i don't know why.,sadness,10
i've been kind of fine,neutral,9
i keep feeling really pressured more than usual.,stress,11
i'm so in a good mood and i can't shake it.,joy,6
i'm balanced right now.,neutral,9
today i feel kind of irritated...,anger,0
i'm really extremely like there's no point i don't know why.,depression,4
i'm kind of like nobody likes me...,low_self_esteem,8
i think i'm quite insecure about my appearance and i can't shake it.,body_image_issue,2
i think i'm incredibly exhausted from work lately.,burnout,3
i think i'm kind of ashamed of my body these days.,body_image_issue,2
i'm really kind of pressured honestly.,stress,11
i keep feeling so forgotten right now.,loneliness,7
these days i feel incredibly stressed...,stress,11
today i feel somewhat buried in tasks lately.,stress,11
kind of invisible today.,loneliness,7
it seems i'm delighted i don't know why.,joy,6
i think i'm quite uneasy today.,anxiety,1
i just feel totally run down more than usual.,stress,11
right now i'm kind of ashamed of my body these days.,body_image_issue,2
today i feel kind of pressured,stress,11
extremely delighted.,joy,6
i'm really useless lately.,low_self_esteem,8
right now i'm kind of frustrated.,anger,0
very like i don't matter honestly.,low_self_esteem,8
i think i'm completely hopeless.,depression,4
i just feel somewhat burnt out honestly.,burnout,3
depleted today.,burnout,3
it seems i'm a bit overwhelmed by studying today.,exam_stress,5
i am extremely by myself...,loneliness,7
today i feel quite tense from work lately.,stress,11
i'm a bit resentful honestly.,anger,0
ngl why does this keep happening to me :(,anger,0
"honestly, i'm quite overwhelmed by studying and i can't shake it.",exam_stress,5
"honestly, i'm somewhat tearful right now.",sadness,10
i just feel deeply neutral more than usual.,neutral,9
sometimes i feel kind of frustrated...,anger,0
i'm really somewhat unhappy i don't know why.,sadness,10
lately i feel incredibly at ease today.,neutral,9
i feel somewhat worthless these days.,low_self_esteem,8
i'm extremely unattractive more than usual.,body_image_issue,2
i am kind of unattractive today.,body_image_issue,2
very unattractive these days.,body_image_issue,2
lately i feel incredibly gloomy i don't know why.,sadness,10
i just feel depleted i don't know why.,burnout,3
i'm kind of balanced honestly.,neutral,9
i am extremely like giving up i don't know why.,depression,4
i am very fried these days.,burnout,3
today i feel quite forgotten i don't know why.,loneliness,7
these days i feel incredibly alone,loneliness,7
sometimes i feel really light-hearted,joy,6
i'm really worthless these days.,low_self_esteem,8
i'm really ashamed of my body more than usual.,body_image_issue,2
"honestly, i'm extremely alone more than usual.",loneliness,7
today i feel incredibly ugly lately.,body_image_issue,2
today i feel very stupid i don't know why.,low_self_esteem,8
"honestly, i'm by myself right now.",loneliness,7
very frustrated and i can't shake it.,anger,0
"honestly, i'm totally drained of meaning these days.",depression,4
right now i'm so stupid more than usual.,low_self_esteem,8
i feel extremely stressed about my exams these days.,exam_stress,5
i feel deeply isolated,loneliness,7
i'm very glad i don't know why.,joy,6
i think i'm very like there's no point right now.,depression,4
today i feel kind of like i don't matter...,low_self_esteem,8
i'm totally done.,burnout,3
tbh i'm deeply furious i don't know why.,anger,0
these days i feel completely down i don't know why.,sadness,10
i keep feeling incredibly alright right now.,neutral,9
lately i feel a bit fearful...,anxiety,1
i feel somewhat miserable,sadness,10
i just feel completely done.,burnout,3
i'm really deeply hopeless honestly.,depression,4
i feel totally like a burden and i can't shake it.,depression,4
it seems i'm really alright more than usual.,neutral,9
i think i'm really insecure about my appearance.,body_image_issue,2
these days i feel quite pleased more than usual.,joy,6
i keep feeling deeply not good enough right now.,low_self_esteem,8
sometimes i feel kind of blessed...,joy,6
i am deeply like nobody likes me more than usual.,low_self_esteem,8
i keep feeling totally burnt out i don't know why.,burnout,3
"honestly, i'm a bit under pressure and i can't shake it.",stress,11
today i feel kind of down these days.,sadness,10
"honestly, i'm having coffee and relaxing :(",neutral,9
these days i feel somewhat tense i don't know why.,anxiety,1
i keep feeling mad and i can't shake it.,anger,0
i'm really extremely disconnected more than usual.,loneliness,7
these days i feel incredibly fat these days.,body_image_issue,2
i keep feeling extremely isolated right now.,loneliness,7
i just feel happy more than usual.,joy,6
"honestly, i'm deeply gloomy and i can't shake it.",sadness,10
these days i feel extremely like a burden right now.,depression,4
i've been panicking about finals today.,exam_stress,5
mad honestly.,anger,0
i've been so tense from work,stress,11
i keep feeling really balanced lately.,neutral,9
right now i'm quite on edge more than usual.,anxiety,1
really just chilling lately.,neutral,9
anxious i don't know why.,anxiety,1
i'm really really worthless lately.,depression,4
i feel very forgotten honestly.,loneliness,7
today i feel deeply running on empty today.,burnout,3
i'm really a bit melancholic i don't know why.,sadness,10
sometimes i feel quite pressured,stress,11
these days i feel really under pressure these days.,stress,11
lately i feel a bit optimistic,joy,6
lately i feel extremely drained today.,burnout,3
tbh i'm quite fat and i can't shake it.,body_image_issue,2
extremely like a burden honestly.,depression,4
ngl my heart feels full.,joy,6
it seems i'm quite calm.,neutral,9
it seems i'm really done more than usual.,burnout,3
i'm kind of worried about the test i don't know why.,exam_stress,5
i think i'm so buried in tasks more than usual.,stress,11
really balanced...,neutral,9
these days i feel totally lonely lately.,loneliness,7
lately i feel somewhat insecure about myself these days.,low_self_esteem,8
a bit scared i'll fail my exam right now.,exam_stress,5
right now i'm so by myself honestly.,loneliness,7
i am really disgusting in the mirror more than usual.,body_image_issue,2
sometimes i feel kind of heartbroken...,sadness,10
i'm really kind of running on empty,burnout,3
lately i feel in a good mood.,joy,6
it seems i'm very miserable...,sadness,10
tbh i'm so uneasy today.,anxiety,1
sometimes i feel totally overwhelmed by studying.,exam_stress,5
i've been completely fuming right now.,anger,0
tbh i'm so invisible these days.,loneliness,7
i'm a bit disconnected more than usual.,loneliness,7
i am so worried about the test right now.,exam_stress,5
really like a failure lately.,low_self_esteem,8
it seems i'm very like nobody likes me...,low_self_esteem,8
right now i'm really burnt out lately.,burnout,3
i am so overwhelmed by studying and i can't shake it.,exam_stress,5
somewhat frustrated today.,anger,0
ngl everything reminds me of what i lost...,sadness,10
it seems i'm a bit burnt out lately.,burnout,3
really empty right now.,depression,4
i'm deeply smiling and i can't shake it.,joy,6
i'm kind of tense,anxiety,1
i feel like nobody likes me more than usual.,low_self_esteem,8
i think i'm quite gloomy and i can't shake it.,sadness,10
i'm scared i'll fail my exam these days.,exam_stress,5
tbh i'm a bit worthless more than usual.,depression,4
"honestly, i'm completely forgotten",loneliness,7
i'm totally afraid and i can't shake it.,anxiety,1
i'm really a bit numb,depression,4
lately i feel quite fried honestly.,burnout,3
kind of afraid lately.,anxiety,1
tbh i'm kind of like nothing matters and i can't shake it.,depression,4
lately i feel extremely without purpose...,depression,4
right now i'm deeply by myself i don't know why.,loneliness,7
tbh i'm completely normal more than usual.,neutral,9
i just feel extremely miserable...,sadness,10
i've been really insecure about my appearance right now.,body_image_issue,2
lately i feel so overwhelmed by studying.,exam_stress,5
i've been extremely disgusting in the mirror i don't know why.,body_image_issue,2
these days i feel somewhat melancholic today.,sadness,10
sometimes i feel kind of irritated and i can't shake it.,anger,0
i am totally like nobody likes me and i can't shake it.,low_self_esteem,8
i'm really quite neutral i don't know why.,neutral,9
sometimes i feel fat today.,body_image_issue,2
i keep feeling so fat today.,body_image_issue,2
today i feel totally isolated today.,loneliness,7
sometimes i feel a bit buried in tasks.,stress,11
these days i feel incredibly upset today.,sadness,10
i just feel a bit useless these days.,low_self_esteem,8
today i feel deeply alone.,loneliness,7
i keep feeling so scared i'll fail my exam honestly.,exam_stress,5
i think i'm a bit fearful right now.,anxiety,1
right now i'm totally unhappy right now.,sadness,10
lately i feel deeply like giving up more than usual.,depression,4
lately i feel invisible these days.,loneliness,7
i am completely emotionally exhausted,burnout,3
sometimes i feel deeply scared i'll fail my exam and i can't shake it.,exam_stress,5
it seems i'm deeply alone.,loneliness,7
very annoyed today.,anger,0
i've been very stupid right now.,low_self_esteem,8
i've been extremely empty,depression,4
i think i'm really drained of meaning i don't know why.,depression,4
tbh i'm totally fuming,anger,0
today i feel emotionally exhausted i don't know why.,burnout,3
i'm really somewhat stressed about my exams these days.,exam_stress,5
right now i'm so overwhelmed...,stress,11
really alright today.,neutral,9
i've been totally run down more than usual.,stress,11
i am somewhat overwhelmed today.,stress,11
right now i'm kind of fried right now.,burnout,3
i just feel totally just chilling.,neutral,9
these days i feel kind of annoyed more than usual.,anger,0
i'm really without purpose right now.,depression,4
"honestly, i'm so without purpose.",depression,4
right now i'm extremely drained of meaning honestly.,depression,4
tbh i'm kind of like there's no point honestly.,depression,4
i've been kind of anxious lately.,anxiety,1
i'm really totally pressured these days.,stress,11
i keep feeling incredibly left out and i can't shake it.,loneliness,7
these days i feel so low lately.,sadness,10
very furious honestly.,anger,0
a bit blue right now.,sadness,10
i keep feeling completely forgotten right now.,loneliness,7
ngl i love how things are going,joy,6
right now i'm quite panicking about finals lately.,exam_stress,5
i am really afraid i don't know why.,anxiety,1
i'm kind of drained of meaning more than usual.,depression,4
tbh i'm somewhat enraged lately.,anger,0
tbh i'm fearful i don't know why.,anxiety,1
sometimes i feel totally tearful...,sadness,10
i'm a bit shaky i don't know why.,anxiety,1
"honestly, i'm extremely horrible about how i look...",body_image_issue,2
i'm kind of happy these days.,joy,6
a bit joyful these days.,joy,6
i am kind of fuming today.,anger,0
tbh i'm extremely disgusting in the mirror lately.,body_image_issue,2
lately i feel a bit frustrated honestly.,anger,0
really worthless honestly.,low_self_esteem,8
i think i'm kind of anxious about my upcoming exam.,exam_stress,5
i keep feeling extremely low and i can't shake it.,sadness,10
i'm really really panicking about finals lately.,exam_stress,5
i just feel extremely heartbroken...,sadness,10
right now i'm really by myself lately.,loneliness,7
i'm really deeply down right now.,sadness,10
today i feel deeply pissed off right now.,anger,0
i feel a bit disgusting in the mirror.,body_image_issue,2
i'm really extremely isolated today.,loneliness,7
i feel somewhat optimistic right now.,joy,6
i think i'm very thankful honestly.,joy,6
it seems i'm alright and i can't shake it.,neutral,9
i'm really really joyful i don't know why.,joy,6
i am pissed off right now.,anger,0
i feel so like there's no point these days.,depression,4
i just feel quite sad today.,sadness,10
"honestly, i'm quite on edge.",anxiety,1
these days i feel kind of like a burden and i can't shake it.,depression,4
lately i feel quite ashamed of my body and i can't shake it.,body_image_issue,2
sometimes i feel so okay today.,neutral,9
sometimes i feel kind of blessed i don't know why.,joy,6
tbh i'm totally fine i don't know why.,neutral,9
i've been so drained.,burnout,3
i feel deeply unattractive more than usual.,body_image_issue,2
sometimes i feel not good enough these days.,low_self_esteem,8
i keep feeling deeply delighted honestly.,joy,6
i'm deeply heartbroken,sadness,10
i just feel very on edge honestly.,anxiety,1
these days i feel very anxious about my upcoming exam i don't know why.,exam_stress,5
i feel incredibly like giving up lately.,depression,4
i think i'm melancholic right now.,sadness,10
it seems i'm extremely thankful i don't know why.,joy,6
these days i feel pissed off honestly.,anger,0
these days i feel really drained...,burnout,3
"honestly, i'm kind of melancholic right now.",sadness,10
sometimes i feel somewhat just chilling more than usual.,neutral,9
i just feel so worried about the test today.,exam_stress,5
"honestly, i'm somewhat tense from work and i can't shake it.",stress,11
i feel so depleted honestly.,burnout,3
right now i'm incredibly gloomy today.,sadness,10
i am totally pleased these days.,joy,6
"honestly, i'm incredibly annoyed more than usual.",anger,0
today i feel so tearful these days.,sadness,10
extremely fat,body_image_issue,2
these days i feel completely worthless lately.,depression,4
right now i'm extremely normal these days.,neutral,9
i'm really kind of glad i don't know why.,joy,6
right now i'm so stressed about my exams.,exam_stress,5
completely thankful these days.,joy,6
it seems i'm a bit overwhelmed by studying.,exam_stress,5
tbh i'm emotionally exhausted,burnout,3
i am completely done right now.,burnout,3
"honestly, i'm incredibly insecure about my appearance more than usual.",body_image_issue,2
today i feel somewhat worried about the test more than usual.,exam_stress,5
tbh i'm totally insecure about myself.,low_self_esteem,8
i am quite burnt out lately.,burnout,3
these days i feel incredibly fried...,burnout,3
i've been quite unhappy today.,sadness,10
i keep feeling totally scared lately.,anxiety,1
it seems i'm totally like a failure these days.,low_self_esteem,8
sometimes i feel so annoyed today.,anger,0
i am incredibly like giving up,depression,4
i keep feeling very run down...,stress,11
"honestly, i'm enjoying every moment...",joy,6
tbh i'm deeply overwhelmed by studying right now.,exam_stress,5
i feel so apprehensive more than usual.,anxiety,1
today i feel extremely run down these days.,stress,11
today i feel stressed more than usual.,stress,11
lately i feel so upset...,sadness,10
i just feel a bit sad and i can't shake it.,sadness,10
i'm completely pressured lately.,stress,11
tbh i'm quite glad right now.,joy,6
it seems i'm kind of overwhelmed by studying...,exam_stress,5
i just feel extremely lonely...,loneliness,7
right now i'm fried today.,burnout,3
these days i feel totally cheerful,joy,6
"honestly, i'm completely exhausted from work more than usual.",burnout,3
i think i'm really exhausted from work i don't know why.,burnout,3
i've been mad i don't know why.,anger,0
i am really like giving up,depression,4
tbh i'm very worthless and i can't shake it.,depression,4
it seems i'm deeply low i don't know why.,sadness,10
right now i'm completely by myself today.,loneliness,7
somewhat tearful i don't know why.,sadness,10
tbh i'm so burnt out and i can't shake it.,burnout,3
i'm really really calm today.,neutral,9
sometimes i feel so just chilling more than usual.,neutral,9
these days i feel really forgotten...,loneliness,7
i keep feeling deeply running on empty,burnout,3
i'm really completely horrible about how i look right now.,body_image_issue,2
these days i feel annoyed i don't know why.,anger,0
upset i don't know why.,sadness,10
i am extremely stressed about my exams honestly.,exam_stress,5
it seems i'm so hopeless,depression,4
i'm really extremely neutral right now.,neutral,9
tbh i'm very melancholic i don't know why.,sadness,10
i'm really completely stressed.,stress,11
i think i'm a bit alright right now.,neutral,9
lately i feel kind of alright today.,neutral,9
totally like nothing matters more than usual.,depression,4
today i feel quite like a failure lately.,low_self_esteem,8
today i feel a bit disconnected these days.,loneliness,7
these days i feel extremely drained of meaning right now.,depression,4
right now i'm very numb i don't know why.,depression,4
today i feel worthless honestly.,depression,4
sometimes i feel very ashamed of my body,body_image_issue,2
really panicky right now.,anxiety,1
i feel deeply overwhelmed today.,stress,11
these days i feel deeply anxious these days.,anxiety,1
i've been quite ashamed of my body today.,body_image_issue,2
i'm really quite afraid,anxiety,1
it seems i'm totally anxious about my upcoming exam and i can't shake it.,exam_stress,5
lately i feel a bit scared i'll fail my exam honestly.,exam_stress,5
tbh i'm quite done,burnout,3
tbh i'm so happy today.,joy,6
tbh i'm a bit overwhelmed by studying lately.,exam_stress,5
today i feel a bit irritated these days.,anger,0
tbh i'm somewhat calm more than usual.,neutral,9
lately i feel somewhat left out right now.,loneliness,7
lately i feel really stupid i don't know why.,low_self_esteem,8
i keep feeling somewhat left out more than usual.,loneliness,7
right now i'm very horrible about how i look.,body_image_issue,2
i keep feeling extremely glad these days.,joy,6
i just feel really insecure about myself i don't know why.,low_self_esteem,8
i've been somewhat like nobody likes me,low_self_esteem,8
sometimes i feel incredibly tense right now.,anxiety,1
tbh i'm so tearful and i can't shake it.,sadness,10
i am a bit neutral,neutral,9
i feel somewhat fried lately.,burnout,3
i just feel extremely insecure about myself lately.,low_self_esteem,8
lately i feel totally mad more than usual.,anger,0
totally neutral,neutral,9
sometimes i feel quite unhappy i don't know why.,sadness,10
tbh i'm extremely left out today.,loneliness,7
i feel incredibly fine today.,neutral,9
lately i feel a bit unattractive,body_image_issue,2
it seems i'm kind of annoyed...,anger,0
i just feel somewhat insecure about myself and i can't shake it.,low_self_esteem,8
lately i feel kind of isolated honestly.,loneliness,7
sometimes i feel completely like nothing matters...,depression,4
i'm really totally stressed about my exams more than usual.,exam_stress,5
i'm very frustrated and i can't shake it.,anger,0
right now i'm very heartbroken,sadness,10
lately i feel kind of upset,sadness,10
i feel a bit alone.,loneliness,7
sometimes i feel a bit shaky...,anxiety,1
i feel totally unattractive,body_image_issue,2
i've been really like a failure,low_self_esteem,8
these days i feel a bit resentful today.,anger,0
it seems i'm incredibly content lately.,joy,6
it seems i'm really pleased i don't know why.,joy,6
lately i feel so frustrated right now.,anger,0
tbh i'm extremely anxious about my upcoming exam...,exam_stress,5
i keep feeling totally irritated honestly.,anger,0
right now i'm so anxious about my upcoming exam right now.,exam_stress,5
tbh i'm lonely these days.,loneliness,7
i feel deeply isolated and i can't shake it.,loneliness,7
i'm a bit like nothing matters more than usual.,depression,4
i just feel totally forgotten...,loneliness,7
right now i'm very content and i can't shake it.,joy,6
tbh i'm totally panicky honestly.,anxiety,1
today i feel somewhat normal...,neutral,9
i'm really panicky these days.,anxiety,1
i think i'm totally swamped.,stress,11
"honestly, i'm so burnt out more than usual.",burnout,3
i've been a bit done these days.,burnout,3
i'm really extremely worried about the test more than usual.,exam_stress,5
tbh i'm very disconnected today.,loneliness,7
"honestly, i love how things are going.",joy,6
"honestly, i'm optimistic i don't know why.",joy,6
i keep feeling deeply content i don't know why.,joy,6
deeply okay.,neutral,9
"honestly, i'm really fuming and i can't shake it.",anger,0
lately i feel very just chilling lately.,neutral,9
today i feel completely ugly and i can't shake it.,body_image_issue,2
i just feel quite panicking about finals and i can't shake it.,exam_stress,5
these days i feel drained of meaning i don't know why.,depression,4
right now i'm quite scared i'll fail my exam honestly.,exam_stress,5
these days i feel extremely insecure about my appearance.,body_image_issue,2
i think i'm so horrible about how i look right now.,body_image_issue,2
i think i'm deeply burnt out lately.,burnout,3
right now i'm so grateful i don't know why.,joy,6
i'm really alright these days.,neutral,9
it seems i'm really content.,joy,6
i've been deeply down more than usual.,sadness,10
lately i feel completely insecure about my appearance these days.,body_image_issue,2
i am like i don't matter.,low_self_esteem,8
it seems i'm quite miserable today.,sadness,10
i just feel deeply blue...,sadness,10
i've been somewhat at ease...,neutral,9
i just feel panicking about finals...,exam_stress,5
i just feel kind of down more than usual.,sadness,10
"honestly, i'm quite not good enough and i can't shake it.",low_self_esteem,8
lately i feel very pressured honestly.,stress,11
i just feel a bit worried.,anxiety,1
i'm really so okay these days.,neutral,9
i think i'm so like a burden right now.,depression,4
right now i'm deeply mad right now.,anger,0
i feel very like nothing matters honestly.,depression,4
right now i'm invisible more than usual.,loneliness,7
i keep feeling deeply emotionally exhausted these days.,burnout,3
tbh i'm somewhat insecure about my appearance these days.,body_image_issue,2
i've been really lonely...,loneliness,7
these days i feel extremely like nobody likes me these days.,low_self_esteem,8
i keep feeling kind of by myself and i can't shake it.,loneliness,7
right now i'm quite content and i can't shake it.,joy,6
i am so shaky these days.,anxiety,1
i am very numb honestly.,depression,4
i am somewhat lonely these days.,loneliness,7
i just feel panicking about finals today.,exam_stress,5
i've been really tense from work these days.,stress,11
i feel kind of sad,sadness,10
i just feel completely lonely...,loneliness,7
tbh i'm a bit mad today.,anger,0
right now i'm kind of resentful right now.,anger,0
right now i'm incredibly calm and i can't shake it.,neutral,9
sometimes i feel so annoyed more than usual.,anger,0
i feel really worried,anxiety,1
i am incredibly worthless and i can't shake it.,low_self_esteem,8
lately i feel completely burnt out and i can't shake it.,burnout,3
i've been somewhat like a burden more than usual.,depression,4
lately i feel kind of run down right now.,stress,11
i am very blue.,sadness,10
right now i'm really smiling and i can't shake it.,joy,6
i keep feeling so grateful more than usual.,joy,6
extremely glad today.,joy,6
i just feel quite thankful...,joy,6
right now i'm thankful more than usual.,joy,6
right now i'm so lonely.,loneliness,7
these days i feel kind of grateful right now.,joy,6
it seems i'm extremely cheerful honestly.,joy,6
tbh i'm totally uneasy...,anxiety,1
i've been very irritated lately.,anger,0
i just feel so ashamed of my body...,body_image_issue,2
deeply worried about the test these days.,exam_stress,5
it seems i'm kind of like a burden these days.,depression,4
sometimes i feel somewhat running on empty,burnout,3
i just feel somewhat stupid lately.,low_self_esteem,8
tbh i'm totally blessed and i can't shake it.,joy,6
i've been totally delighted...,joy,6
i am extremely fearful.,anxiety,1
right now i'm completely depleted these days.,burnout,3
i keep feeling extremely apprehensive i don't know why.,anxiety,1
"honestly, i'm deeply tearful honestly.",sadness,10
sometimes i feel kind of lonely honestly.,loneliness,7
tbh i'm so run down right now.,stress,11
today i feel kind of ugly more than usual.,body_image_issue,2
"honestly, i'm very fried and i can't shake it.",burnout,3
i've been deeply swamped...,stress,11
i feel deeply like nobody likes me more than usual.,low_self_esteem,8
it seems i'm kind of delighted these days.,joy,6
tbh life feels good right now :(,joy,6
it seems i'm somewhat fried and i can't shake it.,burnout,3
i've been very like a burden lately.,depression,4
today i feel a bit down...,sadness,10
"honestly, i'm very apprehensive right now.",anxiety,1
i keep feeling deeply alone i don't know why.,loneliness,7
i've been quite alone...,loneliness,7
lately i feel very empty more than usual.,depression,4
i'm really incredibly angry honestly.,anger,0
right now i'm totally disgusting in the mirror i don't know why.,body_image_issue,2
tbh i'm quite left out these days.,loneliness,7
i am a bit blessed...,joy,6
it seems i'm so like nothing matters right now.,depression,4
i'm really swamped lately.,stress,11
it seems i'm incredibly smiling...,joy,6
these days i feel completely worthless honestly.,depression,4
i think i'm completely fat.,body_image_issue,2
lately i feel deeply overwhelmed lately.,stress,11
sometimes i feel a bit like there's no point...,depression,4
right now i'm so just chilling i don't know why.,neutral,9
tbh i'm incredibly forgotten more than usual.,loneliness,7
today i feel a bit uneasy,anxiety,1
today i feel normal these days.,neutral,9
i'm really kind of panicky these days.,anxiety,1
i'm really kind of overwhelmed and i can't shake it.,stress,11
i just feel somewhat upset these days.,sadness,10
i think i'm incredibly run down these days.,stress,11
i feel a bit ashamed of my body honestly.,body_image_issue,2
these days i feel somewhat overwhelmed by studying honestly.,exam_stress,5
i just feel deeply exhausted from work...,burnout,3
i just feel totally alright,neutral,9
i am panicking about finals today.,exam_stress,5
i think i'm completely depleted lately.,burnout,3
i keep feeling incredibly burnt out more than usual.,burnout,3
i can't stand my reflection,body_image_issue,2
sometimes i feel extremely swamped right now.,stress,11
"honestly, i'm quite buried in tasks right now.",stress,11
i am quite like i don't matter i don't know why.,low_self_esteem,8
i'm really so okay right now.,neutral,9
tbh i'm completely enraged,anger,0
i'm deeply running on empty...,burnout,3
tbh i'm really melancholic and i can't shake it.,sadness,10
these days i feel incredibly depleted,burnout,3
i'm extremely low more than usual.,sadness,10
calm these days.,neutral,9
i'm really somewhat worried about the test right now.,exam_stress,5
i've been completely overwhelmed by studying lately.,exam_stress,5
tbh i'm kind of frustrated.,anger,0
i just feel down more than usual.,sadness,10
i keep feeling apprehensive.,anxiety,1
sometimes i feel extremely irritated i don't know why.,anger,0
i am very disgusting in the mirror.,body_image_issue,2
lately i feel deeply stressed i don't know why.,stress,11
joyful lately.,joy,6
these days i feel so worried about the test.,exam_stress,5
it seems i'm somewhat ugly lately.,body_image_issue,2
today i feel pissed off honestly.,anger,0
i'm totally anxious these days.,anxiety,1
today i feel deeply by myself more than usual.,loneliness,7
lately i feel very isolated these days.,loneliness,7
these days i feel really sad.,sadness,10
i feel totally furious i don't know why.,anger,0
i'm a bit scared today.,anxiety,1
i'm really incredibly swamped more than usual.,stress,11
tbh i'm incredibly left out.,loneliness,7
"honestly, i'm somewhat pissed off right now.",anger,0
i am somewhat unattractive and i can't shake it.,body_image_issue,2
i'm totally overwhelmed by studying right now.,exam_stress,5
i feel without purpose.,depression,4
i just feel really apprehensive lately.,anxiety,1
i'm so worried about the test more than usual.,exam_stress,5
it seems i'm so burnt out lately.,burnout,3
sometimes i feel somewhat stupid.,low_self_esteem,8
i feel incredibly lonely more than usual.,loneliness,7
these days i feel kind of unhappy i don't know why.,sadness,10
i've been incredibly like i don't matter...,low_self_esteem,8
i feel somewhat scared i'll fail my exam honestly.,exam_stress,5
"honestly, i'm kind of numb more than usual.",depression,4
i've been completely stressed about my exams and i can't shake it.,exam_stress,5
i've been incredibly run down right now.,stress,11
i just feel incredibly drained i don't know why.,burnout,3
it seems i'm kind of like giving up lately.,depression,4
i feel kind of nervous these days.,anxiety,1
i'm really quite fat these days.,body_image_issue,2
i'm incredibly furious lately.,anger,0
it seems i'm really fat...,body_image_issue,2
sometimes i feel really exhausted from work lately.,burnout,3
i am somewhat like a failure these days.,low_self_esteem,8
totally horrible about how i look right now.,body_image_issue,2
it seems i'm quite insecure about my appearance honestly.,body_image_issue,2
kind of overwhelmed by studying more than usual.,exam_stress,5
lately i feel extremely panicky today.,anxiety,1
i'm really not good enough honestly.,low_self_esteem,8
i keep feeling so hopeless honestly.,depression,4
i feel incredibly invisible honestly.,loneliness,7
i keep feeling extremely fuming today.,anger,0
i've been emotionally exhausted,burnout,3
lately i feel quite okay honestly.,neutral,9
tbh i'm quite frustrated and i can't shake it.,anger,0
today i feel kind of invisible honestly.,loneliness,7
it seems i'm deeply without purpose and i can't shake it.,depression,4
tbh i'm somewhat worried about the test honestly.,exam_stress,5
"honestly, i'm completely thankful more than usual.",joy,6
i'm really really glad these days.,joy,6
i'm really somewhat under pressure honestly.,stress,11
i've been a bit miserable honestly.,sadness,10
it seems i'm like there's no point honestly.,depression,4
i think i'm a bit pressured.,stress,11
i keep feeling incredibly invisible more than usual.,loneliness,7
i think i'm so fat and i can't shake it.,body_image_issue,2
i think i'm very blessed.,joy,6
sometimes i feel deeply balanced and i can't shake it.,neutral,9
today i feel somewhat resentful these days.,anger,0
i think i'm a bit resentful these days.,anger,0
it seems i'm quite normal,neutral,9
i keep feeling incredibly smiling...,joy,6
today i feel so stressed...,stress,11
these days i feel very like a failure honestly.,low_self_esteem,8
"honestly, i'm tearful these days.",sadness,10
tbh i'm so just chilling lately.,neutral,9
i'm really so low.,sadness,10
these days i feel so content...,joy,6
"honestly, i'm very normal lately.",neutral,9
i am somewhat fine,neutral,9
i just feel like nobody likes me i don't know why.,low_self_esteem,8
right now i'm extremely ashamed of my body more than usual.,body_image_issue,2
"honestly, i'm totally gloomy...",sadness,10
right now i'm a bit overwhelmed by studying and i can't shake it.,exam_stress,5
sometimes i feel kind of insecure about my appearance these days.,body_image_issue,2
i just feel extremely horrible about how i look more than usual.,body_image_issue,2
sometimes i feel completely insecure about myself and i can't shake it.,low_self_esteem,8
i feel so apprehensive and i can't shake it.,anxiety,1
i'm quite delighted these days.,joy,6
"honestly, i'm really light-hearted right now.",joy,6
i've been incredibly cheerful,joy,6
i'm really kind of enraged,anger,0
i'm really down lately.,sadness,10
tbh i'm completely insecure about my appearance right now.,body_image_issue,2
i'm really totally useless lately.,low_self_esteem,8
i'm alone...,loneliness,7
sometimes i feel totally calm...,neutral,9
sometimes i feel deeply not good enough and i can't shake it.,low_self_esteem,8
today i feel completely like i don't matter honestly.,low_self_esteem,8
right now i'm so scared honestly.,anxiety,1
i've been very empty lately.,depression,4
i just feel somewhat drained of meaning right now.,depression,4
it seems i'm very worried about the test...,exam_stress,5
tbh i'm deeply anxious about my upcoming exam more than usual.,exam_stress,5
i'm really totally stupid and i can't shake it.,low_self_esteem,8
like nobody likes me honestly.,low_self_esteem,8
i'm really very at ease i don't know why.,neutral,9
i've been somewhat hopeless today.,depression,4
extremely depleted and i can't shake it.,burnout,3
i just feel kind of like nothing matters and i can't shake it.,depression,4
i just feel fearful honestly.,anxiety,1
it seems i'm deeply insecure about myself more than usual.,low_self_esteem,8
i've been extremely anxious i don't know why.,anxiety,1
i'm deeply like giving up i don't know why.,depression,4
i keep feeling somewhat shaky.,anxiety,1
right now i'm somewhat tense from work these days.,stress,11
today i feel incredibly irritated honestly.,anger,0
these days i feel extremely furious more than usual.,anger,0
quite calm more than usual.,neutral,9
i'm somewhat empty honestly.,depression,4
i keep feeling incredibly heartbroken honestly.,sadness,10
i've been hopeless...,depression,4
it seems i'm a bit anxious about my upcoming exam honestly.,exam_stress,5
tbh i'm deeply like there's no point today.,depression,4
right now i'm totally angry these days.,anger,0
i've been incredibly pissed off...,anger,0
sometimes i feel a bit by myself and i can't shake it.,loneliness,7
i think i'm very ashamed of my body these days.,body_image_issue,2
totally overwhelmed by studying,exam_stress,5
right now i'm deeply shaky...,anxiety,1
i keep feeling very fat today.,body_image_issue,2
i feel incredibly forgotten lately.,loneliness,7
it seems i'm extremely neutral right now.,neutral,9
right now i'm somewhat without purpose and i can't shake it.,depression,4
i'm really kind of low i don't know why.,sadness,10
i keep feeling totally worried about the test today.,exam_stress,5
sometimes i feel so panicky i don't know why.,anxiety,1
i'm deeply like nobody likes me,low_self_esteem,8
i'm really deeply smiling today.,joy,6
"honestly, i'm somewhat like nobody likes me...",low_self_esteem,8
tbh i'm quite fat honestly.,body_image_issue,2
i've been kind of stressed about my exams lately.,exam_stress,5
today i feel horrible about how i look,body_image_issue,2
i feel very like i don't matter these days.,low_self_esteem,8
i think i'm overwhelmed,stress,11
it seems i'm a bit by myself more than usual.,loneliness,7
lately i feel really sad today.,sadness,10
resentful.,anger,0
i feel quite resentful today.,anger,0
right now i'm unattractive and i can't shake it.,body_image_issue,2
"honestly, i'm somewhat worried about the test today.",exam_stress,5
tbh i'm really emotionally exhausted.,burnout,3
i'm really really stressed about my exams more than usual.,exam_stress,5
i am kind of worthless right now.,low_self_esteem,8
i think i'm very worthless lately.,depression,4
i am really grateful these days.,joy,6
these days i feel kind of like nobody likes me...,low_self_esteem,8
i just feel totally depleted lately.,burnout,3
i am disgusting in the mirror today.,body_image_issue,2
i am somewhat lonely i don't know why.,loneliness,7
i feel extremely burnt out today.,burnout,3
i feel incredibly unattractive right now.,body_image_issue,2
i am deeply ugly i don't know why.,body_image_issue,2
today i feel somewhat disgusting in the mirror...,body_image_issue,2
tbh i'm extremely smiling today.,joy,6
i am kind of ashamed of my body more than usual.,body_image_issue,2
tbh i'm completely disgusting in the mirror right now.,body_image_issue,2
sometimes i feel deeply buried in tasks,stress,11
right now i'm so panicking about finals.,exam_stress,5
i'm really completely like nobody likes me these days.,low_self_esteem,8
tbh i'm deeply like nothing matters these days.,depression,4
i keep feeling totally depleted i don't know why.,burnout,3
i've been deeply scared i'll fail my exam i don't know why.,exam_stress,5
it seems i'm very tense honestly.,anxiety,1
sometimes i feel a bit ashamed of my body lately.,body_image_issue,2
tbh i'm extremely like nobody likes me today.,low_self_esteem,8
i just feel buried in tasks...,stress,11
"honestly, i'm kind of worthless more than usual.",depression,4
i'm really extremely fearful right now.,anxiety,1
i'm quite exhausted from work...,burnout,3
"honestly, i'm extremely optimistic honestly.",joy,6
sometimes i feel quite neutral i don't know why.,neutral,9
so disconnected and i can't shake it.,loneliness,7
i feel extremely like nobody likes me and i can't shake it.,low_self_esteem,8
i'm really deeply annoyed,anger,0
i'm very like a burden i don't know why.,depression,4
i am quite delighted.,joy,6
a bit fat these days.,body_image_issue,2
quite like giving up.,depression,4
really insecure about myself...,low_self_esteem,8
right now i'm so under pressure more than usual.,stress,11
"honestly, i'm deeply scared i'll fail my exam these days.",exam_stress,5
lately i feel really unhappy these days.,sadness,10
right now i'm incredibly pleased and i can't shake it.,joy,6
i just feel so upset.,sadness,10
"honestly, i'm extremely scared i'll fail my exam...",exam_stress,5
i feel really pressured right now.,stress,11
it seems i'm kind of left out i don't know why.,loneliness,7
these days i feel completely fearful,anxiety,1
sometimes i feel completely useless lately.,low_self_esteem,8
i think i'm somewhat nervous...,anxiety,1
sometimes i feel kind of not good enough more than usual.,low_self_esteem,8
it seems i'm really happy today.,joy,6
i am kind of neutral lately.,neutral,9
it seems i'm really sad,sadness,10
lately i feel extremely worthless...,low_self_esteem,8
today i feel somewhat stressed right now.,stress,11
today i feel so on edge right now.,anxiety,1
i've been completely like i don't matter and i can't shake it.,low_self_esteem,8
i am so mad i don't know why.,anger,0
lately i feel deeply swamped right now.,stress,11
tbh i'm very done right now.,burnout,3
right now i'm extremely disgusting in the mirror right now.,body_image_issue,2
i feel very not good enough and i can't shake it.,low_self_esteem,8
"honestly, i'm completely worried lately.",anxiety,1
kind of unattractive,body_image_issue,2
lately i feel so buried in tasks more than usual.,stress,11
very stressed lately.,stress,11
i'm deeply overwhelmed by studying today.,exam_stress,5
tbh i'm somewhat okay...,neutral,9
these days i feel so stressed about my exams and i can't shake it.,exam_stress,5
lately i feel totally scared i'll fail my exam.,exam_stress,5
i think i'm a bit sad honestly.,sadness,10
i think i'm quite panicking about finals today.,exam_stress,5
these days i feel really scared i don't know why.,anxiety,1
i am incredibly pressured honestly.,stress,11
these days i feel so like a burden...,depression,4
lately i feel really stressed about my exams honestly.,exam_stress,5
tbh i'm extremely alright.,neutral,9
it seems i'm quite lonely honestly.,loneliness,7
sometimes i feel a bit light-hearted.,joy,6
today i feel kind of panicking about finals i don't know why.,exam_stress,5
it seems i'm a bit nervous more than usual.,anxiety,1
i feel somewhat resentful lately.,anger,0
i keep feeling really fearful and i can't shake it.,anxiety,1
i'm extremely light-hearted right now.,joy,6
today i feel really stressed lately.,stress,11
i'm somewhat upset i don't know why.,sadness,10
i've been quite thankful...,joy,6
i keep feeling incredibly alright today.,neutral,9
i feel extremely irritated honestly.,anger,0
today i feel completely ugly these days.,body_image_issue,2
sometimes i feel deeply not good enough right now.,low_self_esteem,8
i just feel deeply not good enough right now.,low_self_esteem,8
i feel somewhat numb and i can't shake it.,depression,4
i am quite overwhelmed today.,stress,11
these days i feel really worthless...,depression,4
it seems i'm a bit annoyed right now.,anger,0
i'm kind of ashamed of my body right now.,body_image_issue,2
i'm extremely frustrated and i can't shake it.,anger,0
i'm really completely normal honestly.,neutral,9
today i feel quite fat i don't know why.,body_image_issue,2
today i feel totally scared i'll fail my exam...,exam_stress,5
tbh i'm a bit overwhelmed these days.,stress,11
it seems i'm quite running on empty honestly.,burnout,3
i am deeply disconnected and i can't shake it.,loneliness,7
right now i'm really stressed about my exams these days.,exam_stress,5
i'm really so irritated right now.,anger,0
i'm really quite by myself,loneliness,7
i keep feeling really at ease these days.,neutral,9
these days i feel kind of at ease and i can't shake it.,neutral,9
it seems i'm completely horrible about how i look i don't know why.,body_image_issue,2
it seems i'm extremely anxious about my upcoming exam lately.,exam_stress,5
i'm deeply enraged right now.,anger,0
"honestly, i'm somewhat insecure about my appearance right now.",body_image_issue,2
i'm somewhat invisible i don't know why.,loneliness,7
i've been kind of gloomy...,sadness,10
i'm really horrible about how i look and i can't shake it.,body_image_issue,2
i feel very panicking about finals...,exam_stress,5
extremely like a burden,depression,4
right now i'm so horrible about how i look...,body_image_issue,2
i think i'm incredibly just chilling,neutral,9
sometimes i feel grateful more than usual.,joy,6
i just feel kind of isolated i don't know why.,loneliness,7
"honestly, i'm really like i don't matter honestly.",low_self_esteem,8
these days i feel so insecure about myself honestly.,low_self_esteem,8
right now i'm really under pressure...,stress,11
i am incredibly shaky...,anxiety,1
lately i feel deeply like giving up.,depression,4
i feel very left out today.,loneliness,7
"honestly, i'm quite worried",anxiety,1
these days i feel a bit worthless lately.,low_self_esteem,8
i just feel a bit buried in tasks right now.,stress,11
lately i feel really fine.,neutral,9
i feel quite useless,low_self_esteem,8
i am deeply content...,joy,6
right now i'm kind of thankful lately.,joy,6
right now i'm extremely drained right now.,burnout,3
sometimes i feel deeply frustrated,anger,0
i think i'm really like nobody likes me honestly.,low_self_esteem,8
i feel disconnected right now.,loneliness,7
i've been stressed about my exams,exam_stress,5
extremely drained of meaning.,depression,4
miserable,sadness,10
extremely fearful,anxiety,1
i feel very like a burden right now.,depression,4
i'm really horrible about how i look i don't know why.,body_image_issue,2
totally fried...,burnout,3
right now i'm really like i don't matter today.,low_self_esteem,8
it seems i'm very worthless i don't know why.,low_self_esteem,8
i think i'm kind of horrible about how i look honestly.,body_image_issue,2
i've been quite delighted more than usual.,joy,6
right now i'm kind of panicky today.,anxiety,1
today i feel kind of upset lately.,sadness,10
these days i feel deeply annoyed i don't know why.,anger,0
i feel totally insecure about myself...,low_self_esteem,8
i just feel extremely stressed about my exams more than usual.,exam_stress,5
it seems i'm quite scared today.,anxiety,1
sometimes i feel so exhausted from work,burnout,3
i think i'm really like nothing matters these days.,depression,4
it seems i'm deeply insecure about myself...,low_self_esteem,8
today i feel incredibly on edge today.,anxiety,1
i feel extremely insecure about myself right now.,low_self_esteem,8
i just feel very fearful and i can't shake it.,anxiety,1
these days i feel kind of alone today.,loneliness,7
i keep feeling a bit down more than usual.,sadness,10
these days i feel somewhat overwhelmed by studying more than usual.,exam_stress,5
these days i feel completely like there's no point honestly.,depression,4
today i feel deeply normal honestly.,neutral,9
i think i'm so gloomy,sadness,10
i think i'm incredibly furious.,anger,0
these days i feel totally miserable,sadness,10
today i feel incredibly blue and i can't shake it.,sadness,10
right now i'm kind of cheerful and i can't shake it.,joy,6
i just feel totally alright more than usual.,neutral,9
i keep feeling really lonely lately.,loneliness,7
sometimes i feel so furious and i can't shake it.,anger,0
i'm really completely fried honestly.,burnout,3
i don't see a future for myself...,depression,4
"honestly, i'm completely neutral and i can't shake it.",neutral,9
i think i'm forgotten more than usual.,loneliness,7
"honestly, i'm a bit like there's no point.",depression,4
it seems i'm extremely like there's no point today.,depression,4
i'm just chilling today.,neutral,9
i just feel somewhat buried in tasks these days.,stress,11
"honestly, i'm kind of not good enough these days.",low_self_esteem,8
incredibly uneasy lately.,anxiety,1
i keep feeling quite stressed about my exams today.,exam_stress,5
very insecure about myself these days.,low_self_esteem,8
it seems i'm totally forgotten and i can't shake it.,loneliness,7
tbh i'm so like a failure right now.,low_self_esteem,8
i'm really extremely normal today.,neutral,9
today i feel kind of unhappy.,sadness,10
lately i feel extremely normal...,neutral,9
today i feel somewhat worthless.,low_self_esteem,8
i think i'm totally apprehensive...,anxiety,1
somewhat tense from work lately.,stress,11
today i feel incredibly panicky.,anxiety,1
it seems i'm totally swamped lately.,stress,11
lately i feel so uneasy...,anxiety,1
i'm really incredibly numb,depression,4
i'm a bit fried.,burnout,3
i think i'm completely optimistic right now.,joy,6
lately i feel quite fat more than usual.,body_image_issue,2
i've been incredibly pissed off and i can't shake it.,anger,0
tbh i'm totally running on empty...,burnout,3
i'm really like a failure these days.,low_self_esteem,8
i'm incredibly overwhelmed by studying lately.,exam_stress,5
lately i feel totally running on empty lately.,burnout,3
i keep feeling isolated honestly.,loneliness,7
i am somewhat stressed more than usual.,stress,11
i am somewhat pressured honestly.,stress,11
these days i feel like there's no point and i can't shake it.,depression,4
i think i'm completely tearful i don't know why.,sadness,10
it seems i'm so melancholic i don't know why.,sadness,10
"honestly, i'm kind of scared i'll fail my exam these days.",exam_stress,5
i keep feeling totally like i don't matter,low_self_esteem,8
i feel extremely worthless and i can't shake it.,low_self_esteem,8
today i feel a bit fearful and i can't shake it.,anxiety,1
these days i feel deeply insecure about myself lately.,low_self_esteem,8
tbh i'm extremely worried about the test right now.,exam_stress,5
i'm really totally like i don't matter and i can't shake it.,low_self_esteem,8
these days i feel incredibly worried more than usual.,anxiety,1
i'm incredibly like nobody likes me...,low_self_esteem,8
right now i'm furious and i can't shake it.,anger,0
today i feel a bit anxious about my upcoming exam.,exam_stress,5
i just feel so pressured more than usual.,stress,11
i have too much to do and not enough time :(,stress,11
tbh i'm deeply cheerful.,joy,6
sometimes i feel so burnt out more than usual.,burnout,3
i just feel incredibly glad i don't know why.,joy,6
i've been completely stressed more than usual.,stress,11
i keep feeling extremely grateful honestly.,joy,6
i keep feeling very empty more than usual.,depression,4
i feel quite nervous and i can't shake it.,anxiety,1
i've been quite stupid honestly.,low_self_esteem,8
i'm really a bit at ease i don't know why.,neutral,9
it seems i'm somewhat burnt out...,burnout,3
i'm really fat,body_image_issue,2
completely fine honestly.,neutral,9
extremely angry...,anger,0
it seems i'm somewhat fat today.,body_image_issue,2
i'm really kind of run down today.,stress,11
so stupid and i can't shake it.,low_self_esteem,8
it seems i'm really not good enough,low_self_esteem,8
right now i'm alright today.,neutral,9
"honestly, i'm very left out and i can't shake it.",loneliness,7
i'm really incredibly pleased today.,joy,6
these days i feel quite fried right now.,burnout,3
i've been extremely angry today.,anger,0
totally forgotten lately.,loneliness,7
i'm really somewhat stressed about my exams,exam_stress,5
tbh i'm deeply anxious about my upcoming exam,exam_stress,5
it seems i'm deeply normal,neutral,9
i'm incredibly worried today.,anxiety,1
so gloomy and i can't shake it.,sadness,10
"honestly, i'm kind of insecure about myself more than usual.",low_self_esteem,8
i am really joyful today.,joy,6
i'm really deeply under pressure i don't know why.,stress,11
i think i'm a bit under pressure.,stress,11
i think i'm extremely under pressure honestly.,stress,11
i just feel completely left out these days.,loneliness,7
i feel so like a burden these days.,depression,4
it seems i'm kind of frustrated lately.,anger,0
today i feel incredibly run down right now.,stress,11
i keep feeling deeply emotionally exhausted...,burnout,3
i'm deeply buried in tasks today.,stress,11
i just feel totally disconnected more than usual.,loneliness,7
i've been very tense from work right now.,stress,11
incredibly pissed off today.,anger,0
right now i'm completely like a failure,low_self_esteem,8
tbh i'm so okay more than usual.,neutral,9
tbh i'm quite ashamed of my body and i can't shake it.,body_image_issue,2
today i feel heartbroken,sadness,10
i think i'm extremely blue i don't know why.,sadness,10
today i feel deeply running on empty.,burnout,3
lately i feel extremely apprehensive and i can't shake it.,anxiety,1
right now i'm totally insecure about myself and i can't shake it.,low_self_esteem,8
tbh i'm so stupid honestly.,low_self_esteem,8
today i feel deeply buried in tasks lately.,stress,11
right now i'm incredibly by myself and i can't shake it.,loneliness,7
i think i'm kind of hopeless these days.,depression,4
today i feel completely unattractive lately.,body_image_issue,2
i think i'm somewhat overwhelmed by studying right now.,exam_stress,5
i've been deeply tense from work these days.,stress,11
i think i'm quite like giving up right now.,depression,4
i feel so swamped and i can't shake it.,stress,11
right now i'm totally angry more than usual.,anger,0
i just feel incredibly insecure about myself and i can't shake it.,low_self_esteem,8
i think i'm somewhat mad right now.,anger,0
i just feel kind of gloomy these days.,sadness,10
lately i feel so worried about the test more than usual.,exam_stress,5
these days i feel kind of normal more than usual.,neutral,9
right now i'm incredibly anxious.,anxiety,1
"honestly, i'm very burnt out...",burnout,3
these days i feel quite isolated more than usual.,loneliness,7
deeply tearful more than usual.,sadness,10
somewhat drained of meaning,depression,4
sometimes i feel a bit mad...,anger,0
i'm really incredibly empty.,depression,4
sometimes i feel deeply by myself lately.,loneliness,7
sometimes i feel somewhat tearful i don't know why.,sadness,10
i'm really quite left out i don't know why.,loneliness,7
i feel really balanced lately.,neutral,9
i'm quite horrible about how i look honestly.,body_image_issue,2
totally not good enough i don't know why.,low_self_esteem,8
somewhat stupid,low_self_esteem,8
right now i'm hopeless...,depression,4
these days i feel somewhat hopeless and i can't shake it.,depression,4
right now i'm a bit insecure about myself these days.,low_self_esteem,8
right now i'm so pissed off honestly.,anger,0
lately i feel mad honestly.,anger,0
"honestly, i'm totally overwhelmed i don't know why.",stress,11
i'm really completely overwhelmed,stress,11
"honestly, i'm quite scared i don't know why.",anxiety,1
i keep feeling completely ashamed of my body...,body_image_issue,2
i've been quite like giving up today.,depression,4
these days i feel so light-hearted more than usual.,joy,6
it seems i'm a bit irritated these days.,anger,0
i just feel totally like giving up and i can't shake it.,depression,4
quite nervous lately.,anxiety,1
i am somewhat useless.,low_self_esteem,8
i've been very at ease today.,neutral,9
these days i feel quite melancholic lately.,sadness,10
today i feel quite disgusting in the mirror i don't know why.,body_image_issue,2
i'm really extremely fearful and i can't shake it.,anxiety,1
i feel incredibly mad today.,anger,0
i've been kind of grateful i don't know why.,joy,6
tbh i'm totally numb,depression,4
i'm kind of fat honestly.,body_image_issue,2
i just feel really tearful i don't know why.,sadness,10
right now i'm completely isolated and i can't shake it.,loneliness,7
i keep feeling totally tense these days.,anxiety,1
lately i feel totally fine,neutral,9
"honestly, i'm quite overwhelmed today.",stress,11
it seems i'm extremely fried more than usual.,burnout,3
sometimes i feel very depleted...,burnout,3
i'm totally numb more than usual.,depression,4
i feel a bit worried about the test,exam_stress,5
deeply disgusting in the mirror these days.,body_image_issue,2
tbh i'm very panicking about finals,exam_stress,5
"honestly, i'm very invisible and i can't shake it.",loneliness,7
sometimes i feel deeply worried today.,anxiety,1
sometimes i feel deeply drained...,burnout,3
i think i'm very without purpose right now.,depression,4
i feel so stressed about my exams.,exam_stress,5
i've been horrible about how i look.,body_image_issue,2
right now i'm kind of fried.,burnout,3
it seems i'm a bit melancholic lately.,sadness,10
i've been quite frustrated...,anger,0
i feel extremely buried in tasks.,stress,11
i'm kind of angry these days.,anger,0
lately i feel quite panicking about finals,exam_stress,5
i've been somewhat insecure about my appearance today.,body_image_issue,2
i am quite forgotten right now.,loneliness,7
i'm really so hopeless honestly.,depression,4
today i feel somewhat afraid these days.,anxiety,1
i'm really a bit resentful these days.,anger,0
"honestly, i'm tearful right now.",sadness,10
today i feel very like a failure and i can't shake it.,low_self_esteem,8
i just feel somewhat overwhelmed and i can't shake it.,stress,11
today i feel extremely worthless today.,low_self_esteem,8
lately i feel really tearful more than usual.,sadness,10
"honestly, i'm kind of like nothing matters...",depression,4
i'm very panicking about finals and i can't shake it.,exam_stress,5
sometimes i feel completely annoyed right now.,anger,0
tbh i'm somewhat balanced honestly.,neutral,9
i think i'm incredibly run down right now.,stress,11
i feel so just chilling...,neutral,9
these days i feel really worried about the test honestly.,exam_stress,5
right now i'm extremely disconnected today.,loneliness,7
these days i feel kind of done lately.,burnout,3
i think i'm a bit run down,stress,11
"honestly, i'm really stupid more than usual.",low_self_esteem,8
"honestly, i'm completely okay right now.",neutral,9
sometimes i feel extremely blue these days.,sadness,10
i am totally like nothing matters more than usual.,depression,4
i just feel somewhat nervous lately.,anxiety,1
i feel really content these days.,joy,6
"honestly, i'm really pressured today.",stress,11
i feel really grateful right now.,joy,6
sometimes i feel extremely worried about the test and i can't shake it.,exam_stress,5
lately i feel incredibly buried in tasks honestly.,stress,11
tbh i'm a bit stressed about my exams today.,exam_stress,5
today i feel incredibly on edge i don't know why.,anxiety,1
i am completely in a good mood...,joy,6
tbh i'm a bit tense from work honestly.,stress,11
these days i feel extremely delighted right now.,joy,6
i think i'm totally shaky today.,anxiety,1
i keep feeling incredibly like nothing matters these days.,depression,4
i think i'm quite disconnected right now.,loneliness,7
these days i feel incredibly invisible more than usual.,loneliness,7
i just feel incredibly down these days.,sadness,10
today i feel very stressed about my exams and i can't shake it.,exam_stress,5
today i feel really in a good mood i don't know why.,joy,6
i feel a bit like nobody likes me and i can't shake it.,low_self_esteem,8
today i feel totally on edge.,anxiety,1
i'm extremely anxious about my upcoming exam honestly.,exam_stress,5
i think i'm a bit gloomy right now.,sadness,10
extremely angry honestly.,anger,0
quite numb honestly.,depression,4
these days i feel a bit happy right now.,joy,6
sometimes i feel shaky more than usual.,anxiety,1
right now i'm extremely blue...,sadness,10
"honestly, i'm deeply insecure about myself more than usual.",low_self_esteem,8
i'm really deeply drained of meaning today.,depression,4
tbh i'm a bit disconnected lately.,loneliness,7
i am a bit pissed off lately.,anger,0
it seems i'm kind of drained of meaning right now.,depression,4
it seems i'm really worried about the test...,exam_stress,5
tbh i'll never be successful,low_self_esteem,8
i'm so like i don't matter,low_self_esteem,8
tbh i'm a bit invisible today.,loneliness,7
"honestly, i'm extremely sad right now.",sadness,10
it seems i'm extremely gloomy,sadness,10
these days i feel deeply buried in tasks today.,stress,11
i think i'm a bit panicky and i can't shake it.,anxiety,1
i think i'm deeply worthless honestly.,low_self_esteem,8
i just feel completely tense from work lately.,stress,11
lately i feel totally hopeless...,depression,4
i feel kind of neutral and i can't shake it.,neutral,9
quite on edge.,anxiety,1
i think i'm really furious.,anger,0
i'm so left out today.,loneliness,7
i'm really completely angry honestly.,anger,0
i feel somewhat invisible.,loneliness,7
lately i feel very worried about the test,exam_stress,5
right now i'm kind of ashamed of my body,body_image_issue,2
i've been totally not good enough i don't know why.,low_self_esteem,8
i am deeply sad i don't know why.,sadness,10
sometimes i feel very left out honestly.,loneliness,7
i feel so left out...,loneliness,7
sometimes i feel extremely overwhelmed by studying...,exam_stress,5
i feel empty these days.,depression,4
i've been completely horrible about how i look.,body_image_issue,2
tbh i'm really furious...,anger,0
"honestly, i'm completely depleted more than usual.",burnout,3
it seems i'm quite empty more than usual.,depression,4
i'm somewhat thankful right now.,joy,6
i've been exhausted from work today.,burnout,3
these days i feel incredibly nervous more than usual.,anxiety,1
i keep feeling totally stressed about my exams and i can't shake it.,exam_stress,5
lately i feel really worried about the test today.,exam_stress,5
i am a bit worthless lately.,low_self_esteem,8
today i feel deeply under pressure right now.,stress,11
quite by myself lately.,loneliness,7
these days i feel so like a burden more than usual.,depression,4
i've been a bit pressured...,stress,11
i feel so disgusting in the mirror and i can't shake it.,body_image_issue,2
i just feel so heartbroken honestly.,sadness,10
these days i feel somewhat lonely.,loneliness,7
i am quite insecure about myself honestly.,low_self_esteem,8
i keep feeling incredibly uneasy these days.,anxiety,1
lately i feel extremely insecure about my appearance lately.,body_image_issue,2
i'm really completely by myself and i can't shake it.,loneliness,7
it seems i'm blue,sadness,10
these days i feel somewhat worried about the test more than usual.,exam_stress,5
sometimes i feel quite cheerful right now.,joy,6
right now i'm quite left out these days.,loneliness,7
i think i'm deeply fat right now.,body_image_issue,2
i'm quite insecure about my appearance right now.,body_image_issue,2
i keep feeling totally not good enough i don't know why.,low_self_esteem,8
today i feel extremely panicking about finals honestly.,exam_stress,5
sometimes i feel deeply heartbroken and i can't shake it.,sadness,10
sometimes i feel a bit optimistic and i can't shake it.,joy,6
i think i'm incredibly worthless these days.,low_self_esteem,8
today i feel so at ease,neutral,9
it seems i'm incredibly run down,stress,11
i keep feeling kind of miserable today.,sadness,10
today i feel quite pissed off honestly.,anger,0
i'm really totally like giving up,depression,4
right now i'm quite panicking about finals today.,exam_stress,5
lately i feel a bit furious these days.,anger,0
lately i feel worried about the test i don't know why.,exam_stress,5
i think i'm really worried these days.,anxiety,1
i just feel incredibly anxious today.,anxiety,1
right now i'm incredibly glad today.,joy,6
sometimes i feel kind of cheerful honestly.,joy,6
tbh i'm totally on edge,anxiety,1
i keep feeling very worthless more than usual.,low_self_esteem,8
i think i'm a bit panicking about finals honestly.,exam_stress,5
i think i'm extremely blue honestly.,sadness,10
sometimes i feel incredibly blessed i don't know why.,joy,6
"honestly, i'm completely grateful",joy,6
tbh i'm somewhat insecure about my appearance lately.,body_image_issue,2
i just feel completely depleted honestly.,burnout,3
i'm really incredibly furious honestly.,anger,0
sometimes i feel incredibly annoyed more than usual.,anger,0
sometimes i feel quite scared i'll fail my exam more than usual.,exam_stress,5
i keep feeling extremely heartbroken more than usual.,sadness,10
i'm really quite worried about the test i don't know why.,exam_stress,5
today i feel deeply stressed.,stress,11
today i feel somewhat neutral right now.,neutral,9
i've been quite done today.,burnout,3
right now i'm really enraged more than usual.,anger,0
these days i feel extremely running on empty more than usual.,burnout,3
"honestly, good things keep happening...",joy,6
really drained these days.,burnout,3
i've been quite useless today.,low_self_esteem,8
i keep feeling incredibly insecure about myself right now.,low_self_esteem,8
today i feel deeply uneasy and i can't shake it.,anxiety,1
these days i feel quite stressed about my exams lately.,exam_stress,5
lately i feel quite not good enough.,low_self_esteem,8
ngl people keep pushing my buttons :(,anger,0
right now i'm so scared i'll fail my exam honestly.,exam_stress,5
i feel somewhat stupid more than usual.,low_self_esteem,8
today i feel totally in a good mood today.,joy,6
i think i'm so isolated...,loneliness,7
i just feel so unattractive today.,body_image_issue,2
i keep feeling deeply exhausted from work honestly.,burnout,3
i just feel a bit in a good mood i don't know why.,joy,6
i keep feeling very mad.,anger,0
emotionally exhausted these days.,burnout,3
i just feel somewhat scared,anxiety,1
i just feel somewhat blue right now.,sadness,10
tbh i'm kind of like nobody likes me today.,low_self_esteem,8
tbh i'm really scared i'll fail my exam right now.,exam_stress,5
i keep feeling deeply like nothing matters...,depression,4
right now i'm totally tense more than usual.,anxiety,1
i'm really panicking about finals today.,exam_stress,5
sometimes i feel incredibly fat honestly.,body_image_issue,2
i'm really completely like i don't matter.,low_self_esteem,8
i am really light-hearted...,joy,6
i keep feeling extremely tense from work these days.,stress,11
it seems i'm kind of like a burden lately.,depression,4
i am completely scared i'll fail my exam and i can't shake it.,exam_stress,5
i just feel completely cheerful.,joy,6
i feel completely on edge lately.,anxiety,1
tbh i'm extremely useless.,low_self_esteem,8
lately i feel deeply fine today.,neutral,9
a bit insecure about myself...,low_self_esteem,8
i feel incredibly melancholic...,sadness,10
sometimes i feel quite not good enough,low_self_esteem,8
it seems i'm a bit unattractive today.,body_image_issue,2
it seems i'm really glad these days.,joy,6
i feel somewhat pressured lately.,stress,11
right now i'm quite like nobody likes me more than usual.,low_self_esteem,8
i feel completely useless more than usual.,low_self_esteem,8
i'm really deeply stressed lately.,stress,11
i just feel somewhat afraid.,anxiety,1
these days i feel incredibly low lately.,sadness,10
i've been really fine,neutral,9
sometimes i feel incredibly panicky right now.,anxiety,1
lately i feel totally running on empty right now.,burnout,3
i'm really fine lately.,neutral,9
i just feel blessed,joy,6
right now i'm incredibly worthless these days.,low_self_esteem,8
right now i'm really blessed lately.,joy,6
right now i'm very stressed right now.,stress,11
i just feel really panicking about finals,exam_stress,5
i am somewhat exhausted from work.,burnout,3
i think i'm incredibly forgotten today.,loneliness,7
these days i feel incredibly enraged more than usual.,anger,0
today i feel extremely overwhelmed,stress,11
i'm completely tense from work...,stress,11
lately i feel so apprehensive more than usual.,anxiety,1
i just feel incredibly just chilling and i can't shake it.,neutral,9
it seems i'm completely fine honestly.,neutral,9
it seems i'm deeply afraid lately.,anxiety,1
"honestly, i'm incredibly pressured today.",stress,11
right now i'm very scared i'll fail my exam lately.,exam_stress,5
i am kind of drained of meaning,depression,4
i just feel somewhat fuming today.,anger,0
lately i feel deeply horrible about how i look i don't know why.,body_image_issue,2
i'm really a bit insecure about my appearance more than usual.,body_image_issue,2
i've been extremely fine more than usual.,neutral,9
i think i'm a bit insecure about my appearance.,body_image_issue,2
lately i feel so invisible and i can't shake it.,loneliness,7
i'm deeply anxious...,anxiety,1
lately i feel very insecure about my appearance right now.,body_image_issue,2
sometimes i feel incredibly low and i can't shake it.,sadness,10
i feel incredibly tearful these days.,sadness,10
tbh i'm deeply stupid.,low_self_esteem,8
i've been completely anxious about my upcoming exam...,exam_stress,5
sometimes i feel a bit okay today.,neutral,9
i keep feeling very buried in tasks honestly.,stress,11
very at ease more than usual.,neutral,9
tbh i'm done these days.,burnout,3
i'm really incredibly fat i don't know why.,body_image_issue,2
i'm completely fat more than usual.,body_image_issue,2
tbh i'm a bit miserable,sadness,10
right now i'm quite calm these days.,neutral,9
completely left out i don't know why.,loneliness,7
it seems i'm kind of stressed about my exams,exam_stress,5
i'm so fearful,anxiety,1
today i feel a bit worried about the test...,exam_stress,5
i keep feeling a bit scared and i can't shake it.,anxiety,1
i am kind of worthless honestly.,depression,4
"honestly, i'm incredibly furious more than usual.",anger,0
i just feel really thankful honestly.,joy,6
lately i feel incredibly anxious about my upcoming exam more than usual.,exam_stress,5
i just feel completely tearful these days.,sadness,10
i am incredibly anxious about my upcoming exam,exam_stress,5
kind of drained and i can't shake it.,burnout,3
"honestly, i'm kind of neutral today.",neutral,9
i am overwhelmed by studying these days.,exam_stress,5
these days i feel totally like nothing matters these days.,depression,4
tbh i'm totally drained i don't know why.,burnout,3
very like a failure right now.,low_self_esteem,8
kind of tearful and i can't shake it.,sadness,10
i think i'm really stressed right now.,stress,11
completely melancholic...,sadness,10
right now i'm a bit insecure about myself.,low_self_esteem,8
sometimes i feel so stressed and i can't shake it.,stress,11
today i feel completely like i don't matter i don't know why.,low_self_esteem,8
these days i feel totally upset honestly.,sadness,10
i'm quite down today.,sadness,10
lately i feel totally upset these days.,sadness,10
today i feel deeply horrible about how i look today.,body_image_issue,2
i am completely like there's no point i don't know why.,depression,4
i just feel quite scared lately.,anxiety,1
it seems i'm quite okay,neutral,9
really blue right now.,sadness,10
i've been drained of meaning these days.,depression,4
tbh i'm deeply ashamed of my body more than usual.,body_image_issue,2
"honestly, i'm kind of blue i don't know why.",sadness,10
i keep feeling kind of annoyed right now.,anger,0
"honestly, i'm completely empty...",depression,4
i think i'm extremely apprehensive and i can't shake it.,anxiety,1
i'm scared i don't know why.,anxiety,1
a bit done and i can't shake it.,burnout,3
right now i'm so calm...,neutral,9
tbh i'm very okay today.,neutral,9
right now i'm extremely scared more than usual.,anxiety,1
i feel completely cheerful and i can't shake it.,joy,6
today i feel incredibly ugly,body_image_issue,2
i'm completely mad,anger,0
"honestly, i'm really alright.",neutral,9
i keep feeling deeply horrible about how i look and i can't shake it.,body_image_issue,2
i've been depleted today.,burnout,3
i'm completely optimistic more than usual.,joy,6
ngl i have three exams this week and i'm losing it.,exam_stress,5
i keep feeling deeply resentful i don't know why.,anger,0
right now i'm extremely like nobody likes me lately.,low_self_esteem,8
right now i'm somewhat ugly more than usual.,body_image_issue,2
i keep feeling incredibly normal...,neutral,9
i'm really really alone lately.,loneliness,7
tbh i'm somewhat swamped and i can't shake it.,stress,11
tbh i'm really cheerful i don't know why.,joy,6
today i feel really blessed these days.,joy,6
right now i'm kind of overwhelmed by studying these days.,exam_stress,5
tbh i'm quite cheerful.,joy,6
i've been deeply like a failure today.,low_self_esteem,8
sometimes i feel completely upset right now.,sadness,10
it seems i'm incredibly down and i can't shake it.,sadness,10
lately i feel kind of by myself right now.,loneliness,7
these days i feel quite like giving up.,depression,4
i feel extremely overwhelmed by studying lately.,exam_stress,5
i've been deeply horrible about how i look more than usual.,body_image_issue,2
it seems i'm a bit under pressure...,stress,11
i just feel incredibly pressured and i can't shake it.,stress,11
i'm totally content i don't know why.,joy,6
right now i'm very irritated.,anger,0
quite ugly honestly.,body_image_issue,2
i'm really totally hopeless right now.,depression,4
sometimes i feel totally empty and i can't shake it.,depression,4
it seems i'm somewhat okay i don't know why.,neutral,9
i've been kind of in a good mood...,joy,6
i keep feeling kind of drained,burnout,3
i just feel a bit burnt out more than usual.,burnout,3
lately i feel very light-hearted right now.,joy,6
i feel not good enough,low_self_esteem,8
right now i'm kind of gloomy honestly.,sadness,10
i just feel very by myself.,loneliness,7
today i feel kind of light-hearted...,joy,6
i keep feeling so ashamed of my body.,body_image_issue,2
i feel not good enough today.,low_self_esteem,8
i feel totally frustrated i don't know why.,anger,0
today i feel totally worried lately.,anxiety,1
tbh i'm so happy,joy,6
lately i feel extremely running on empty i don't know why.,burnout,3
i think i'm anxious about my upcoming exam lately.,exam_stress,5
i just feel incredibly apprehensive right now.,anxiety,1
i've been somewhat neutral.,neutral,9
i just feel extremely stressed about my exams right now.,exam_stress,5
i've been somewhat done i don't know why.,burnout,3
today i feel totally like giving up...,depression,4
really blue...,sadness,10
lately i feel very cheerful lately.,joy,6
today i feel so on edge honestly.,anxiety,1
quite tense these days.,anxiety,1
i think i'm grateful.,joy,6
i'm really a bit uneasy right now.,anxiety,1
lately i feel completely done i don't know why.,burnout,3
tbh i'm extremely tearful i don't know why.,sadness,10
lately i feel a bit left out,loneliness,7
i feel a bit upset right now.,sadness,10
today i feel very emotionally exhausted honestly.,burnout,3
lately i feel so insecure about myself right now.,low_self_esteem,8
i've been incredibly disgusting in the mirror honestly.,body_image_issue,2
i've been somewhat mad honestly.,anger,0
right now i'm alright,neutral,9
i feel quite fearful...,anxiety,1
these days i feel deeply stressed about my exams i don't know why.,exam_stress,5
"honestly, i'm totally lonely.",loneliness,7
it seems i'm very like a burden and i can't shake it.,depression,4
i feel anxious about my upcoming exam lately.,exam_stress,5
i just feel a bit lonely honestly.,loneliness,7
today i feel incredibly gloomy i don't know why.,sadness,10
nothing feels the same anymore.,sadness,10
"honestly, i'm deeply like a failure lately.",low_self_esteem,8
i'm really so overwhelmed and i can't shake it.,stress,11
totally running on empty honestly.,burnout,3
i've been somewhat fine lately.,neutral,9
right now i'm very alone.,loneliness,7
i'm really empty right now.,depression,4
i'm really ashamed of my body lately.,body_image_issue,2
i've been deeply fried lately.,burnout,3
i'm completely panicky i don't know why.,anxiety,1
i think i'm so overwhelmed by studying,exam_stress,5
very swamped and i can't shake it.,stress,11
today i feel very nervous these days.,anxiety,1
i am completely swamped...,stress,11
these days i feel kind of fried i don't know why.,burnout,3
right now i'm incredibly light-hearted today.,joy,6
"honestly, i'm somewhat by myself and i can't shake it.",loneliness,7
these days i feel incredibly fried i don't know why.,burnout,3
i'm a bit enraged...,anger,0
i just feel somewhat alone today.,loneliness,7
i just feel pissed off lately.,anger,0
i'm so running on empty honestly.,burnout,3
i think i'm completely unhappy more than usual.,sadness,10
i'm really miserable and i can't shake it.,sadness,10
lately i feel totally anxious more than usual.,anxiety,1
i am very at ease right now.,neutral,9
sometimes i feel completely melancholic today.,sadness,10
sometimes i feel totally unattractive,body_image_issue,2
tbh i'm so by myself lately.,loneliness,7
i'm very left out and i can't shake it.,loneliness,7
"honestly, i'm deeply lonely honestly.",loneliness,7
i keep feeling totally emotionally exhausted these days.,burnout,3
tbh i'm a bit fried honestly.,burnout,3
sometimes i feel a bit at ease honestly.,neutral,9
i think i'm a bit normal right now.,neutral,9
it seems i'm somewhat blue.,sadness,10
i think i'm somewhat calm.,neutral,9
it seems i'm completely smiling right now.,joy,6
"honestly, it's a quiet afternoon.",neutral,9
it seems i'm totally balanced...,neutral,9
tbh i'm extremely worthless these days.,low_self_esteem,8
right now i'm very heartbroken right now.,sadness,10
i just feel swamped...,stress,11
i feel totally drained more than usual.,burnout,3
i am somewhat normal and i can't shake it.,neutral,9
i think i'm so numb more than usual.,depression,4
i think i'm melancholic...,sadness,10
i am deeply isolated today.,loneliness,7
i think i'm incredibly joyful right now.,joy,6
i feel extremely alone right now.,loneliness,7
i feel very overwhelmed by studying and i can't shake it.,exam_stress,5
these days i feel totally gloomy...,sadness,10
sometimes i feel totally okay...,neutral,9
i keep feeling incredibly fuming honestly.,anger,0
tbh i'm kind of just chilling right now.,neutral,9
today i feel somewhat invisible.,loneliness,7
i think i'm extremely like i don't matter honestly.,low_self_esteem,8
i just feel very fine.,neutral,9
right now i'm so uneasy right now.,anxiety,1
i keep feeling completely hopeless right now.,depression,4
lately i feel so overwhelmed more than usual.,stress,11
today i feel completely insecure about myself and i can't shake it.,low_self_esteem,8
i feel a bit like a failure.,low_self_esteem,8
"honestly, i'm kind of scared i'll fail my exam.",exam_stress,5
tbh i'm incredibly tearful more than usual.,sadness,10
a bit calm i don't know why.,neutral,9
i feel deeply scared lately.,anxiety,1
i am a bit insecure about myself,low_self_esteem,8
sometimes i feel anxious about my upcoming exam and i can't shake it.,exam_stress,5
i think i'm empty more than usual.,depression,4
i just feel really enraged more than usual.,anger,0
i am like nothing matters more than usual.,depression,4
completely under pressure honestly.,stress,11
these days i feel totally by myself i don't know why.,loneliness,7
lately i feel so down...,sadness,10
"honestly, i'm very pleased these days.",joy,6
i am calm honestly.,neutral,9
i think i'm completely fat i don't know why.,body_image_issue,2
tbh i'm insecure about my appearance...,body_image_issue,2
tbh i'm kind of scared i'll fail my exam.,exam_stress,5
quite blue.,sadness,10
i feel completely like a burden today.,depression,4
sometimes i feel somewhat normal these days.,neutral,9
i just feel deeply lonely,loneliness,7
it seems i'm quite blue...,sadness,10
lately i feel incredibly overwhelmed honestly.,stress,11
these days i feel completely mad more than usual.,anger,0
i think i'm so running on empty today.,burnout,3
"honestly, i'm incredibly tense from work these days.",stress,11
i am quite at ease more than usual.,neutral,9
right now i'm quite anxious.,anxiety,1
sometimes i feel totally just chilling more than usual.,neutral,9
lately i feel very useless today.,low_self_esteem,8
"honestly, i'm completely stressed about my exams today.",exam_stress,5
i'm extremely horrible about how i look more than usual.,body_image_issue,2
sometimes i feel extremely glad,joy,6
i keep feeling completely insecure about my appearance more than usual.,body_image_issue,2
i've been incredibly running on empty.,burnout,3
i think i'm totally pissed off and i can't shake it.,anger,0
i am very at ease these days.,neutral,9
i just feel somewhat useless today.,low_self_esteem,8
quite grateful...,joy,6
i keep feeling totally alright today.,neutral,9
i'm really incredibly fried these days.,burnout,3
right now i'm so shaky i don't know why.,anxiety,1
i feel extremely balanced and i can't shake it.,neutral,9
sometimes i feel extremely burnt out right now.,burnout,3
lately i feel deeply stressed about my exams honestly.,exam_stress,5
i've been completely sad...,sadness,10
i'm a bit at ease today.,neutral,9
tbh i'm really left out,loneliness,7
i am deeply without purpose honestly.,depression,4
i'm really so pissed off...,anger,0
today i feel really balanced,neutral,9
i'm deeply sad today.,sadness,10
sometimes i feel really blessed honestly.,joy,6
it seems i'm really light-hearted...,joy,6
i feel somewhat useless and i can't shake it.,low_self_esteem,8
sometimes i feel quite ugly lately.,body_image_issue,2
"honestly, i'm really exhausted from work",burnout,3
i'm really incredibly depleted i don't know why.,burnout,3
today i feel really fuming more than usual.,anger,0
i'm incredibly melancholic,sadness,10
lately i feel incredibly worried about the test,exam_stress,5
i've been completely blessed...,joy,6
lately i feel completely lonely today.,loneliness,7
sometimes i feel completely swamped i don't know why.,stress,11
today i feel in a good mood today.,joy,6
i'm really very nervous today.,anxiety,1
tbh i'm completely delighted more than usual.,joy,6
today i feel so blue right now.,sadness,10
today i feel deeply ugly honestly.,body_image_issue,2
i just feel incredibly scared i'll fail my exam lately.,exam_stress,5
i am totally drained of meaning i don't know why.,depression,4
tbh i'm extremely joyful more than usual.,joy,6
"honestly, i'm quite optimistic.",joy,6
right now i'm a bit light-hearted today.,joy,6
i've been somewhat disconnected today.,loneliness,7
it seems i'm so not good enough,low_self_esteem,8
right now i'm completely unattractive today.,body_image_issue,2
i've been deeply like a failure right now.,low_self_esteem,8
sometimes i feel totally drained right now.,burnout,3
tbh i'm really blue right now.,sadness,10
"honestly, i'm incredibly cheerful more than usual.",joy,6
"honestly, i'm really stressed about my exams...",exam_stress,5
"honestly, i'm incredibly shaky more than usual.",anxiety,1
i am really panicky i don't know why.,anxiety,1
i think i'm drained today.,burnout,3
these days i feel deeply like nobody likes me and i can't shake it.,low_self_esteem,8
i just feel extremely alone today.,loneliness,7
i feel deeply worried right now.,anxiety,1
i keep feeling incredibly left out,loneliness,7
sometimes i feel deeply down and i can't shake it.,sadness,10
quite insecure about my appearance right now.,body_image_issue,2
i think i'm incredibly disconnected,loneliness,7
i feel so in a good mood,joy,6
i've been completely like i don't matter right now.,low_self_esteem,8
it seems i'm so miserable more than usual.,sadness,10
i feel extremely worried about the test honestly.,exam_stress,5
i think i'm so panicking about finals and i can't shake it.,exam_stress,5
i've been extremely unattractive and i can't shake it.,body_image_issue,2
right now i'm extremely angry honestly.,anger,0
i'm a bit worthless lately.,depression,4
i've been so blessed and i can't shake it.,joy,6
lately i feel lonely today.,loneliness,7
today i feel not good enough today.,low_self_esteem,8
i keep feeling somewhat down and i can't shake it.,sadness,10
really like i don't matter more than usual.,low_self_esteem,8
lately i feel incredibly uneasy honestly.,anxiety,1
i'm really very panicking about finals i don't know why.,exam_stress,5
today i feel so ashamed of my body honestly.,body_image_issue,2
right now i'm swamped.,stress,11
i keep feeling really lonely.,loneliness,7
right now i'm kind of irritated lately.,anger,0
i'm worried.,anxiety,1
lately i feel a bit resentful and i can't shake it.,anger,0
i keep feeling totally miserable and i can't shake it.,sadness,10
i just feel incredibly cheerful and i can't shake it.,joy,6
these days i feel so buried in tasks.,stress,11
completely useless lately.,low_self_esteem,8
it seems i'm completely on edge,anxiety,1
it seems i'm kind of insecure about myself today.,low_self_esteem,8
i keep feeling very shaky these days.,anxiety,1
somewhat fine today.,neutral,9
i feel completely neutral these days.,neutral,9
tbh i'm very unattractive right now.,body_image_issue,2
i'm quite exhausted from work today.,burnout,3
today i feel quite like giving up right now.,depression,4
sometimes i feel somewhat sad,sadness,10
i am so scared i'll fail my exam.,exam_stress,5
i've been very left out i don't know why.,loneliness,7
i keep feeling under pressure and i can't shake it.,stress,11
i am deeply not good enough today.,low_self_esteem,8
i just feel very like a failure right now.,low_self_esteem,8
i've been really done...,burnout,3
i keep feeling somewhat invisible honestly.,loneliness,7
i think i'm extremely miserable more than usual.,sadness,10
"honestly, i'm very ugly lately.",body_image_issue,2
right now i'm completely like i don't matter,low_self_esteem,8
ngl i'm having a panic attack.,anxiety,1
somewhat drained right now.,burnout,3
i'm really deeply worried about the test,exam_stress,5
i feel really stressed about my exams and i can't shake it.,exam_stress,5
i'm really incredibly tense these days.,anxiety,1
tbh i'm completely worthless these days.,low_self_esteem,8
lately i feel a bit ugly lately.,body_image_issue,2
i feel so balanced i don't know why.,neutral,9
i've been nervous honestly.,anxiety,1
these days i feel so under pressure today.,stress,11
i'm really really worried about the test more than usual.,exam_stress,5
sometimes i feel quite at ease...,neutral,9
lately i feel totally low honestly.,sadness,10
right now i'm tearful right now.,sadness,10
it seems i'm somewhat left out.,loneliness,7
i am very not good enough and i can't shake it.,low_self_esteem,8
"honestly, i'm terrified of failing this test",exam_stress,5
i keep feeling completely lonely lately.,loneliness,7
lately i feel like nothing matters,depression,4
i am completely panicking about finals lately.,exam_stress,5
i'm a bit left out...,loneliness,7
tbh i'm so neutral and i can't shake it.,neutral,9
i'm really worried these days.,anxiety,1
i just feel a bit ashamed of my body...,body_image_issue,2
i just feel extremely worried about the test...,exam_stress,5
i keep feeling ugly lately.,body_image_issue,2
i'm deeply tense,anxiety,1
i think i'm completely normal honestly.,neutral,9
i keep feeling totally happy and i can't shake it.,joy,6
i am kind of empty today.,depression,4
right now i'm quite disgusting in the mirror lately.,body_image_issue,2
sometimes i feel totally enraged,anger,0
these days i feel somewhat cheerful these days.,joy,6
lately i feel incredibly panicking about finals lately.,exam_stress,5
i just feel so useless i don't know why.,low_self_esteem,8
i'm totally resentful today.,anger,0
sometimes i feel incredibly panicking about finals...,exam_stress,5
i just feel somewhat empty honestly.,depression,4
lately i feel incredibly fat i don't know why.,body_image_issue,2
i'm really really like a burden these days.,depression,4
i've been so light-hearted more than usual.,joy,6
i keep feeling somewhat anxious about my upcoming exam these days.,exam_stress,5
today i feel incredibly run down honestly.,stress,11
very at ease these days.,neutral,9
it seems i'm very thankful...,joy,6
i keep feeling kind of furious today.,anger,0
i just feel very just chilling these days.,neutral,9
i'm so burnt out more than usual.,burnout,3
these days i feel completely tense from work i don't know why.,stress,11
right now i'm somewhat left out honestly.,loneliness,7
right now i'm furious i don't know why.,anger,0
lately i feel a bit neutral.,neutral,9
i've been like there's no point.,depression,4
totally okay...,neutral,9
i'm extremely burnt out more than usual.,burnout,3
right now i'm somewhat fine,neutral,9
i keep feeling a bit like nothing matters i don't know why.,depression,4
i think i'm a bit run down more than usual.,stress,11
i'm incredibly exhausted from work more than usual.,burnout,3
i am optimistic more than usual.,joy,6
somewhat okay these days.,neutral,9
i'm really quite calm lately.,neutral,9
these days i feel kind of pressured these days.,stress,11
lately i feel extremely isolated...,loneliness,7
i keep feeling low i don't know why.,sadness,10
i just feel totally blessed these days.,joy,6
i think i'm completely tense.,anxiety,1
"honestly, i'm kind of furious right now.",anger,0
i just feel extremely depleted today.,burnout,3
today i feel totally like there's no point,depression,4
i'm really quite balanced more than usual.,neutral,9
tbh i'm very delighted today.,joy,6
i've been totally angry.,anger,0
lately i feel a bit drained of meaning right now.,depression,4
i feel a bit optimistic right now.,joy,6
i think i'm completely shaky right now.,anxiety,1
i've been really unattractive.,body_image_issue,2
i've been incredibly disconnected today.,loneliness,7
sometimes i feel incredibly left out these days.,loneliness,7
i keep feeling so balanced these days.,neutral,9
i am so miserable right now.,sadness,10
i think i'm really like nothing matters and i can't shake it.,depression,4
tbh i'm totally angry lately.,anger,0
sometimes i feel quite in a good mood more than usual.,joy,6
i'm a bit anxious honestly.,anxiety,1
i think i'm really delighted lately.,joy,6
i feel a bit scared today.,anxiety,1
right now i'm very alone and i can't shake it.,loneliness,7
i am so lonely.,loneliness,7
i'm incredibly panicky.,anxiety,1
i just feel a bit like i don't matter and i can't shake it.,low_self_esteem,8
"honestly, i'm deeply anxious and i can't shake it.",anxiety,1
i'm incredibly not good enough.,low_self_esteem,8
tbh i don't see a future for myself,depression,4
i keep feeling deeply upset honestly.,sadness,10
incredibly forgotten and i can't shake it.,loneliness,7
"honestly, i'm invisible today.",loneliness,7
lately i feel so fine i don't know why.,neutral,9
sometimes i feel a bit disconnected and i can't shake it.,loneliness,7
right now i'm somewhat anxious lately.,anxiety,1
"honestly, i'm cheerful.",joy,6
i keep feeling a bit blessed honestly.,joy,6
tbh i'm deeply panicking about finals lately.,exam_stress,5
lately i feel so burnt out more than usual.,burnout,3
these days i feel a bit glad and i can't shake it.,joy,6
these days i feel very stressed today.,stress,11
lately i feel really like giving up,depression,4
i just feel not good enough and i can't shake it.,low_self_esteem,8
today i feel extremely fuming and i can't shake it.,anger,0
i keep feeling completely tense from work lately.,stress,11
i keep feeling just chilling lately.,neutral,9
tbh i'm completely disconnected more than usual.,loneliness,7
"honestly, i'm deeply on edge these days.",anxiety,1
right now i'm incredibly gloomy more than usual.,sadness,10
i just feel incredibly content today.,joy,6
i think i'm very fried i don't know why.,burnout,3
i keep feeling totally disgusting in the mirror lately.,body_image_issue,2
i am kind of just chilling lately.,neutral,9
sometimes i feel so ashamed of my body and i can't shake it.,body_image_issue,2
lately i feel quite forgotten today.,loneliness,7
today i feel so ashamed of my body these days.,body_image_issue,2
sometimes i feel deeply worthless today.,low_self_esteem,8
i keep feeling quite just chilling,neutral,9
it seems i'm run down i don't know why.,stress,11
i think i'm quite annoyed more than usual.,anger,0
i feel somewhat swamped i don't know why.,stress,11
right now i'm quite ashamed of my body honestly.,body_image_issue,2
i've been quite worried about the test today.,exam_stress,5
sometimes i feel extremely just chilling i don't know why.,neutral,9
it seems i'm completely scared i'll fail my exam these days.,exam_stress,5
i am quite worried about the test today.,exam_stress,5
i'm really extremely like i don't matter more than usual.,low_self_esteem,8
i feel deeply worried about the test more than usual.,exam_stress,5
right now i'm extremely calm...,neutral,9
right now i'm kind of depleted more than usual.,burnout,3
i keep feeling somewhat anxious about my upcoming exam...,exam_stress,5
lately i feel deeply stressed.,stress,11
i'm totally ugly.,body_image_issue,2
right now i'm a bit left out more than usual.,loneliness,7
it seems i'm very neutral,neutral,9
"honestly, i'm really glad honestly.",joy,6
today i feel smiling,joy,6
quite gloomy.,sadness,10
"honestly, i'm very tense from work i don't know why.",stress,11
today i feel fine and i can't shake it.,neutral,9
i just feel kind of balanced and i can't shake it.,neutral,9
right now i'm so balanced today.,neutral,9
i'm totally thankful i don't know why.,joy,6
i feel completely empty inside :(,depression,4
i am somewhat on edge.,anxiety,1
kind of unhappy i don't know why.,sadness,10
it seems i'm so insecure about my appearance lately.,body_image_issue,2
i'm deeply lonely.,loneliness,7
i'm really quite annoyed right now.,anger,0
i just feel very by myself lately.,loneliness,7
tbh i'm a bit lonely i don't know why.,loneliness,7
it seems i'm completely content today.,joy,6
i feel so unattractive.,body_image_issue,2
i'm somewhat fearful honestly.,anxiety,1
i've been so anxious.,anxiety,1
tbh i'm a bit like a burden i don't know why.,depression,4
i'm quite ashamed of my body and i can't shake it.,body_image_issue,2
i'm really quite pressured honestly.,stress,11
i've been totally isolated and i can't shake it.,loneliness,7
i've been totally fuming...,anger,0
extremely miserable,sadness,10
i've been deeply stupid and i can't shake it.,low_self_esteem,8
i'm really like nobody likes me and i can't shake it.,low_self_esteem,8
right now i'm really overwhelmed lately.,stress,11
right now i'm kind of numb...,depression,4
i feel very like nothing matters i don't know why.,depression,4
sometimes i feel very cheerful today.,joy,6
i think i'm stupid and i can't shake it.,low_self_esteem,8
these days i feel deeply insecure about my appearance these days.,body_image_issue,2
lately i feel quite stressed about my exams honestly.,exam_stress,5
i feel deeply stressed about my exams i don't know why.,exam_stress,5
i am cheerful lately.,joy,6
i am incredibly worthless these days.,low_self_esteem,8
i am quite tearful.,sadness,10
i'm totally melancholic lately.,sadness,10
these days i feel deeply delighted...,joy,6
these days i feel somewhat shaky right now.,anxiety,1
really neutral and i can't shake it.,neutral,9
right now i'm completely unhappy...,sadness,10
it seems i'm totally frustrated and i can't shake it.,anger,0
i've been extremely tense from work...,stress,11
lately i feel incredibly happy and i can't shake it.,joy,6
i feel really horrible about how i look right now.,body_image_issue,2
"honestly, i'm a bit apprehensive these days.",anxiety,1
right now i'm quite numb lately.,depression,4
i just feel very resentful today.,anger,0
"honestly, i'm afraid of what tomorrow will bring.",anxiety,1
i'm really completely irritated honestly.,anger,0
today i feel extremely drained more than usual.,burnout,3
i'm really a bit stressed about my exams lately.,exam_stress,5
i'm a bit cheerful and i can't shake it.,joy,6
right now i'm somewhat disgusting in the mirror...,body_image_issue,2
i'm fearful,anxiety,1
i've been somewhat panicky more than usual.,anxiety,1
i feel a bit fried lately.,burnout,3
tbh i'm a bit disconnected today.,loneliness,7
i think i'm somewhat ugly i don't know why.,body_image_issue,2
i've been really like nobody likes me today.,low_self_esteem,8
today i feel kind of unhappy and i can't shake it.,sadness,10
completely normal today.,neutral,9
i'm totally lonely.,loneliness,7
i feel somewhat tense today.,anxiety,1
lately i feel fat more than usual.,body_image_issue,2
"honestly, i'm very in a good mood more than usual.",joy,6
it seems i'm kind of alone honestly.,loneliness,7
tbh i'm quite horrible about how i look.,body_image_issue,2
i am a bit buried in tasks i don't know why.,stress,11
lately i feel totally disconnected right now.,loneliness,7
right now i'm incredibly sad these days.,sadness,10
i'm really so without purpose i don't know why.,depression,4
i'm really quite blessed right now.,joy,6
these days i feel incredibly like there's no point...,depression,4
these days i feel really apprehensive...,anxiety,1
i've been extremely done more than usual.,burnout,3
i just feel exhausted from work right now.,burnout,3
i think i'm somewhat disconnected these days.,loneliness,7
right now i'm incredibly low.,sadness,10
i'm really a bit fat honestly.,body_image_issue,2
i'm really extremely like there's no point lately.,depression,4
lately i feel so balanced i don't know why.,neutral,9
completely furious right now.,anger,0
i'm really so running on empty these days.,burnout,3
i feel so stupid right now.,low_self_esteem,8
today i feel very run down lately.,stress,11
"honestly, i'm extremely pissed off and i can't shake it.",anger,0
right now i'm very swamped and i can't shake it.,stress,11
"honestly, i'm somewhat emotionally exhausted right now.",burnout,3
these days i feel so left out right now.,loneliness,7
it seems i'm completely unattractive and i can't shake it.,body_image_issue,2
sometimes i feel somewhat scared i'll fail my exam...,exam_stress,5
i'm really so cheerful i don't know why.,joy,6
deeply buried in tasks i don't know why.,stress,11
these days i feel a bit angry today.,anger,0
i've been quite afraid lately.,anxiety,1
it seems i'm a bit scared i'll fail my exam...,exam_stress,5
i've been very glad today.,joy,6
i keep feeling somewhat joyful lately.,joy,6
tbh i'm completely afraid i don't know why.,anxiety,1
today i feel deeply like nobody likes me i don't know why.,low_self_esteem,8
quite without purpose...,depression,4
"honestly, i'm very left out right now.",loneliness,7
i'm really incredibly smiling lately.,joy,6
it seems i'm somewhat neutral more than usual.,neutral,9
tbh i'm somewhat mad lately.,anger,0
right now i'm kind of isolated more than usual.,loneliness,7
i just feel very furious,anger,0
today i feel so fat today.,body_image_issue,2
right now i'm really emotionally exhausted today.,burnout,3
i'm really extremely worried about the test right now.,exam_stress,5
i am worried about the test honestly.,exam_stress,5
"honestly, i'm quite just chilling right now.",neutral,9
i just feel completely run down right now.,stress,11
"honestly, i'm totally pressured these days.",stress,11
today i feel a bit like i don't matter.,low_self_esteem,8
i feel extremely run down right now.,stress,11
kind of fat today.,body_image_issue,2
lately i feel somewhat insecure about my appearance today.,body_image_issue,2
i'm really completely fried more than usual.,burnout,3
it seems i'm completely empty today.,depression,4
i keep feeling kind of like i don't matter today.,low_self_esteem,8
i keep feeling incredibly ugly honestly.,body_image_issue,2
lately i feel deeply glad.,joy,6
i feel kind of okay today.,neutral,9
right now i'm incredibly horrible about how i look more than usual.,body_image_issue,2
today i feel a bit worried about the test lately.,exam_stress,5
i think i'm incredibly worthless.,depression,4
"honestly, i'm completely done...",burnout,3
i just feel incredibly worthless,depression,4
right now i'm totally unattractive more than usual.,body_image_issue,2
incredibly ashamed of my body more than usual.,body_image_issue,2
i'm really very done these days.,burnout,3
i feel somewhat anxious about my upcoming exam more than usual.,exam_stress,5
right now i'm incredibly unhappy more than usual.,sadness,10
these days i feel burnt out honestly.,burnout,3
these days i feel so upset more than usual.,sadness,10
"honestly, i'm so ashamed of my body these days.",body_image_issue,2
somewhat calm lately.,neutral,9
it seems i'm really shaky right now.,anxiety,1
"honestly, i'm extremely heartbroken",sadness,10
it seems i'm totally enraged and i can't shake it.,anger,0
i feel completely horrible about how i look and i can't shake it.,body_image_issue,2
these days i feel quite down i don't know why.,sadness,10
a bit grateful these days.,joy,6
it seems i'm really tearful these days.,sadness,10
these days i feel really stressed about my exams today.,exam_stress,5
a bit okay these days.,neutral,9
i am deeply like nothing matters i don't know why.,depression,4
i'm completely like nobody likes me these days.,low_self_esteem,8
it seems i'm really stressed about my exams today.,exam_stress,5
i'm so mad right now.,anger,0
i've been extremely worried honestly.,anxiety,1
i'm really completely anxious and i can't shake it.,anxiety,1
i am furious today.,anger,0
lately i feel really not good enough these days.,low_self_esteem,8
sometimes i feel incredibly left out more than usual.,loneliness,7
i'm really somewhat delighted and i can't shake it.,joy,6
i keep feeling so fat i don't know why.,body_image_issue,2
i am somewhat disconnected lately.,loneliness,7
"honestly, i'm disgusting in the mirror lately.",body_image_issue,2
it seems i'm incredibly lonely more than usual.,loneliness,7
very drained and i can't shake it.,burnout,3
sometimes i feel so fearful.,anxiety,1
i am completely useless,low_self_esteem,8
it seems i'm extremely panicking about finals more than usual.,exam_stress,5
i keep feeling incredibly overwhelmed by studying these days.,exam_stress,5
i'm completely balanced today.,neutral,9
a bit low and i can't shake it.,sadness,10
i'm really deeply ashamed of my body these days.,body_image_issue,2
today i feel so worried lately.,anxiety,1
"honestly, i'm gloomy honestly.",sadness,10
sometimes i feel deeply gloomy.,sadness,10
kind of burnt out more than usual.,burnout,3
it seems i'm a bit upset these days.,sadness,10
"honestly, i'm extremely invisible honestly.",loneliness,7
right now i'm extremely overwhelmed right now.,stress,11
i feel completely forgotten and i can't shake it.,loneliness,7
it seems i'm a bit worthless these days.,low_self_esteem,8
extremely alright,neutral,9
so worthless...,low_self_esteem,8
really light-hearted honestly.,joy,6
it seems i'm quite like giving up...,depression,4
i've been extremely grateful.,joy,6
i keep feeling really normal right now.,neutral,9
sometimes i feel totally by myself...,loneliness,7
sometimes i feel kind of irritated lately.,anger,0
completely like i don't matter right now.,low_self_esteem,8
lately i feel so enraged today.,anger,0
"honestly, i'm so cheerful and i can't shake it.",joy,6
i've been completely heartbroken i don't know why.,sadness,10
i just feel somewhat lonely i don't know why.,loneliness,7
i'm so grateful i don't know why.,joy,6
quite afraid i don't know why.,anxiety,1
today i feel completely enraged i don't know why.,anger,0
i'm really kind of neutral today.,neutral,9
i'm really extremely exhausted from work today.,burnout,3
sometimes i feel very angry i don't know why.,anger,0
i just feel somewhat swamped today.,stress,11
i'm really a bit in a good mood today.,joy,6
i'm incredibly exhausted from work honestly.,burnout,3
i feel quite fried i don't know why.,burnout,3
i'm really incredibly useless i don't know why.,low_self_esteem,8
i've been really like nobody likes me right now.,low_self_esteem,8
i feel totally like giving up these days.,depression,4
i think i'm really under pressure right now.,stress,11
really stressed,stress,11
i think i'm totally drained i don't know why.,burnout,3
i am extremely miserable.,sadness,10
i am kind of alone lately.,loneliness,7
these days i feel kind of cheerful more than usual.,joy,6
i'm really so calm right now.,neutral,9
today i feel extremely pressured.,stress,11
sometimes i feel quite stressed about my exams right now.,exam_stress,5
i am somewhat stupid i don't know why.,low_self_esteem,8
sometimes i feel totally drained i don't know why.,burnout,3
i'm really kind of run down...,stress,11
it seems i'm really unattractive,body_image_issue,2
"honestly, i'm incredibly lonely",loneliness,7
i just feel somewhat heartbroken today.,sadness,10
i'm really a bit angry today.,anger,0
i think i'm a bit anxious.,anxiety,1
i'm kind of scared right now.,anxiety,1
it seems i'm a bit tearful and i can't shake it.,sadness,10
today i feel kind of mad these days.,anger,0
it seems i'm kind of stressed today.,stress,11
these days i feel extremely tense from work.,stress,11
it seems i'm kind of overwhelmed by studying and i can't shake it.,exam_stress,5
i feel like nothing matters and i can't shake it.,depression,4
i'm isolated lately.,loneliness,7
these days i feel deeply buried in tasks,stress,11
sometimes i feel totally gloomy...,sadness,10
these days i feel really pissed off today.,anger,0
lately i feel kind of like there's no point these days.,depression,4
tbh today is pretty average,neutral,9
i keep feeling so done...,burnout,3
tbh i'm extremely scared i'll fail my exam right now.,exam_stress,5
tbh i'm extremely fat lately.,body_image_issue,2
today i feel extremely by myself.,loneliness,7
i've been incredibly calm.,neutral,9
right now i'm totally left out more than usual.,loneliness,7
i am extremely ugly.,body_image_issue,2
i am somewhat fried...,burnout,3
sometimes i feel kind of at ease lately.,neutral,9
i am so apprehensive lately.,anxiety,1
i feel fearful...,anxiety,1
sometimes i feel totally worthless,depression,4
i'm really really angry lately.,anger,0
tbh i'm kind of insecure about myself these days.,low_self_esteem,8
i'm extremely in a good mood.,joy,6
i think i'm incredibly frustrated more than usual.,anger,0
extremely neutral more than usual.,neutral,9
i keep feeling really unattractive honestly.,body_image_issue,2
tbh i'm somewhat cheerful,joy,6
i'm really completely unattractive these days.,body_image_issue,2
i'm really incredibly left out,loneliness,7
"honestly, i'm quite worried and i can't shake it.",anxiety,1
i feel so neutral right now.,neutral,9
i am totally overwhelmed by studying and i can't shake it.,exam_stress,5
today i feel a bit fried...,burnout,3
i'm very scared i'll fail my exam honestly.,exam_stress,5
i've been extremely disgusting in the mirror.,body_image_issue,2
i think i'm so furious i don't know why.,anger,0
"honestly, i'm kind of annoyed right now.",anger,0
right now i'm extremely anxious about my upcoming exam lately.,exam_stress,5
i just feel very numb today.,depression,4
i'm totally miserable these days.,sadness,10
these days i feel totally alright and i can't shake it.,neutral,9
i think i'm extremely ashamed of my body honestly.,body_image_issue,2
i'm extremely unattractive today.,body_image_issue,2
right now i'm quite calm lately.,neutral,9
it seems i'm optimistic these days.,joy,6
it seems i'm so like a failure lately.,low_self_esteem,8
these days i feel deeply content and i can't shake it.,joy,6
i feel incredibly anxious lately.,anxiety,1
tbh i'm somewhat like a failure.,low_self_esteem,8
it seems i'm totally balanced these days.,neutral,9
sometimes i feel really empty.,depression,4
i'm really somewhat hopeless right now.,depression,4
ashamed of my body honestly.,body_image_issue,2
i feel totally annoyed,anger,0
tbh i'm incredibly blue right now.,sadness,10
tbh i'm completely overwhelmed by studying lately.,exam_stress,5
right now i'm totally tense from work i don't know why.,stress,11
today i feel totally cheerful today.,joy,6
i just feel kind of at ease these days.,neutral,9
deeply alright i don't know why.,neutral,9
i'm somewhat empty and i can't shake it.,depression,4
i'm really kind of without purpose these days.,depression,4
kind of calm,neutral,9
i'm really very emotionally exhausted today.,burnout,3
right now i'm somewhat buried in tasks honestly.,stress,11
i'm really so by myself,loneliness,7
it seems i'm incredibly calm these days.,neutral,9
tbh i'm totally swamped lately.,stress,11
right now i'm a bit irritated and i can't shake it.,anger,0
i've been incredibly empty lately.,depression,4
it seems i'm very scared i'll fail my exam right now.,exam_stress,5
sometimes i feel somewhat drained of meaning more than usual.,depression,4
today i feel quite gloomy right now.,sadness,10
lately i feel a bit resentful...,anger,0
kind of annoyed these days.,anger,0
lately i feel somewhat disgusting in the mirror today.,body_image_issue,2
tbh i'm incredibly forgotten...,loneliness,7
today i feel very fine more than usual.,neutral,9
right now i'm somewhat burnt out today.,burnout,3
i keep feeling a bit okay right now.,neutral,9
so like there's no point...,depression,4
i'm really depleted i don't know why.,burnout,3
sometimes i feel deeply blue and i can't shake it.,sadness,10
these days i feel so overwhelmed by studying more than usual.,exam_stress,5
right now i'm so shaky today.,anxiety,1
today i feel really on edge and i can't shake it.,anxiety,1
i'm really somewhat just chilling honestly.,neutral,9
i just feel very ashamed of my body,body_image_issue,2
i just feel incredibly blessed right now.,joy,6
incredibly invisible these days.,loneliness,7
it seems i'm totally joyful honestly.,joy,6
these days i feel deeply pressured these days.,stress,11
today i feel totally overwhelmed by studying honestly.,exam_stress,5
i feel incredibly gloomy honestly.,sadness,10
these days i feel deeply numb...,depression,4
i am incredibly on edge these days.,anxiety,1
i've been like nobody likes me these days.,low_self_esteem,8
tbh i'm completely down these days.,sadness,10
today i feel kind of annoyed...,anger,0
today i feel quite swamped...,stress,11
right now i'm so fine right now.,neutral,9
sometimes i feel totally like a failure and i can't shake it.,low_self_esteem,8
sometimes i feel somewhat overwhelmed by studying more than usual.,exam_stress,5
i've been incredibly disgusting in the mirror.,body_image_issue,2
sometimes i feel extremely disconnected these days.,loneliness,7
i'm really really isolated honestly.,loneliness,7
i've been quite resentful...,anger,0
i feel incredibly isolated.,loneliness,7
"honestly, i'm so overwhelmed by studying...",exam_stress,5
i'm very stressed honestly.,stress,11
"honestly, i'm incredibly without purpose more than usual.",depression,4
i just feel very enraged,anger,0
i'm fried today.,burnout,3
tbh i'm uneasy honestly.,anxiety,1
really fried more than usual.,burnout,3
i keep feeling really like giving up and i can't shake it.,depression,4
i think i'm very ugly and i can't shake it.,body_image_issue,2
sometimes i feel kind of worthless today.,depression,4
i've been a bit pleased i don't know why.,joy,6
today i feel extremely run down honestly.,stress,11
i've been somewhat okay more than usual.,neutral,9
i think i'm a bit unhappy...,sadness,10
i am so by myself today.,loneliness,7
completely normal and i can't shake it.,neutral,9
i keep feeling completely content and i can't shake it.,joy,6
sometimes i feel somewhat stressed about my exams and i can't shake it.,exam_stress,5
right now i'm really glad and i can't shake it.,joy,6
these days i feel extremely annoyed right now.,anger,0
i am quite like a failure and i can't shake it.,low_self_esteem,8
right now i'm somewhat like there's no point honestly.,depression,4
i just feel very depleted...,burnout,3
totally like i don't matter today.,low_self_esteem,8
i feel extremely alone today.,loneliness,7
"honestly, i'm extremely fine.",neutral,9
"honestly, i'm incredibly scared i'll fail my exam",exam_stress,5
these days i feel kind of afraid these days.,anxiety,1
i keep feeling totally pressured honestly.,stress,11
i think i'm totally numb lately.,depression,4
kind of like i don't matter i don't know why.,low_self_esteem,8
it seems i'm extremely afraid and i can't shake it.,anxiety,1
i'm really kind of not good enough honestly.,low_self_esteem,8
sometimes i feel deeply cheerful today.,joy,6
these days i feel very stressed about my exams lately.,exam_stress,5
i've been so normal honestly.,neutral,9
lately i feel incredibly useless lately.,low_self_esteem,8
"honestly, i'm deeply alone.",loneliness,7
i feel completely furious these days.,anger,0
it seems i'm deeply fine lately.,neutral,9
tbh i'm quite annoyed more than usual.,anger,0
lately i feel so heartbroken i don't know why.,sadness,10
i'm really very low today.,sadness,10
i keep feeling a bit uneasy,anxiety,1
i'm kind of enraged i don't know why.,anger,0
tbh i'm a bit like a failure,low_self_esteem,8
i just feel so fearful,anxiety,1
i feel deeply grateful i don't know why.,joy,6
tbh i'm very gloomy,sadness,10
i feel really uneasy i don't know why.,anxiety,1
i'm a bit insecure about my appearance,body_image_issue,2
i am extremely swamped.,stress,11
i just feel completely okay and i can't shake it.,neutral,9
it seems i'm quite normal these days.,neutral,9
tbh i'm incredibly under pressure more than usual.,stress,11
i feel really stressed about my exams more than usual.,exam_stress,5
today i feel miserable honestly.,sadness,10
i am very fat i don't know why.,body_image_issue,2
i've been kind of running on empty i don't know why.,burnout,3
completely like a failure more than usual.,low_self_esteem,8
i'm very like nobody likes me and i can't shake it.,low_self_esteem,8
i'm totally stressed about my exams lately.,exam_stress,5
i'm a bit grateful,joy,6
kind of fearful these days.,anxiety,1
right now i'm somewhat furious more than usual.,anger,0
i am extremely okay.,neutral,9
i keep feeling really thankful lately.,joy,6
sometimes i feel a bit left out...,loneliness,7
i've been kind of running on empty and i can't shake it.,burnout,3
i feel deeply drained...,burnout,3
"honestly, i'm incredibly worthless and i can't shake it.",depression,4
i'm extremely disconnected i don't know why.,loneliness,7
lately i feel completely just chilling i don't know why.,neutral,9
i've been really furious lately.,anger,0
lately i feel deeply swamped i don't know why.,stress,11
i've been quite okay,neutral,9
i'm kind of overwhelmed by studying.,exam_stress,5
i feel a bit anxious right now.,anxiety,1
i feel somewhat horrible about how i look...,body_image_issue,2
totally tense from work these days.,stress,11
i just feel incredibly enraged lately.,anger,0
these days i feel mad lately.,anger,0
i'm deeply happy honestly.,joy,6
tbh i'm kind of normal.,neutral,9
i've been incredibly worthless lately.,low_self_esteem,8
i just feel totally delighted these days.,joy,6
extremely at ease.,neutral,9
it seems i'm really like there's no point.,depression,4
right now i'm quite disconnected right now.,loneliness,7
i'm incredibly buried in tasks i don't know why.,stress,11
sometimes i feel deeply unhappy.,sadness,10
i'm really extremely melancholic these days.,sadness,10
lately i feel really insecure about myself...,low_self_esteem,8
i am deeply panicking about finals more than usual.,exam_stress,5
it seems i'm very stressed about my exams today.,exam_stress,5
tbh i'm extremely resentful...,anger,0
i keep feeling quite like a burden...,depression,4
i feel completely anxious i don't know why.,anxiety,1
i am a bit panicky...,anxiety,1
these days i feel depleted more than usual.,burnout,3
lately i feel a bit not good enough i don't know why.,low_self_esteem,8
today i feel quite furious and i can't shake it.,anger,0
i feel overwhelmed and i can't shake it.,stress,11
i've been really irritated right now.,anger,0
i keep feeling really mad i don't know why.,anger,0
lately i feel so horrible about how i look i don't know why.,body_image_issue,2
it seems i'm extremely worthless these days.,low_self_esteem,8
i'm really totally unattractive...,body_image_issue,2
today i feel totally worried about the test right now.,exam_stress,5
these days i feel completely drained of meaning...,depression,4
i've been totally pleased today.,joy,6
i've been deeply gloomy.,sadness,10
sometimes i feel kind of unhappy lately.,sadness,10
tbh i'm very drained honestly.,burnout,3
i'm really so neutral.,neutral,9
kind of depleted...,burnout,3
i've been a bit forgotten right now.,loneliness,7
right now i'm really low.,sadness,10
i feel incredibly swamped more than usual.,stress,11
i am completely fried right now.,burnout,3
these days i feel quite fine i don't know why.,neutral,9
i think i'm incredibly run down i don't know why.,stress,11
"honestly, i'm totally unattractive lately.",body_image_issue,2
i feel very worthless today.,depression,4
lately i feel kind of overwhelmed by studying honestly.,exam_stress,5
tbh i'm kind of tense from work these days.,stress,11
sometimes i feel completely like a failure lately.,low_self_esteem,8
lately i feel very run down right now.,stress,11
i think i'm a bit apprehensive,anxiety,1
i've been so unattractive today.,body_image_issue,2
"honestly, i'm really balanced",neutral,9
right now i'm deeply run down honestly.,stress,11
i've been completely insecure about myself and i can't shake it.,low_self_esteem,8
i've been very under pressure honestly.,stress,11
i feel somewhat ashamed of my body more than usual.,body_image_issue,2
quite lonely these days.,loneliness,7
i'm really blessed.,joy,6
i think i'm extremely gloomy...,sadness,10
panicky and i can't shake it.,anxiety,1
i feel kind of ashamed of my body,body_image_issue,2
tbh i'm really calm,neutral,9
right now i'm completely burnt out.,burnout,3
"honestly, i'm extremely worthless right now.",low_self_esteem,8
today i feel somewhat like there's no point...,depression,4
these days i feel totally fine and i can't shake it.,neutral,9
"honestly, i'm incredibly worried today.",anxiety,1
tbh i'm extremely buried in tasks honestly.,stress,11
tbh i'm kind of disconnected these days.,loneliness,7
it seems i'm lonely lately.,loneliness,7
i've been a bit drained of meaning lately.,depression,4
right now i'm extremely insecure about my appearance today.,body_image_issue,2
i'm completely thankful...,joy,6
it seems i'm really fried today.,burnout,3
these days i feel really depleted lately.,burnout,3
i just feel so drained of meaning honestly.,depression,4
right now i'm quite unattractive more than usual.,body_image_issue,2
today i feel very numb more than usual.,depression,4
completely depleted today.,burnout,3
i'm really deeply optimistic lately.,joy,6
lately i feel deeply miserable.,sadness,10
i'm completely miserable...,sadness,10
i think i'm completely insecure about myself,low_self_esteem,8
sometimes i feel quite depleted today.,burnout,3
"honestly, i'm completely content today.",joy,6
tbh i'm incredibly afraid honestly.,anxiety,1
right now i'm so under pressure...,stress,11
i've been extremely at ease more than usual.,neutral,9
i keep feeling kind of swamped more than usual.,stress,11
i keep feeling a bit apprehensive.,anxiety,1
these days i feel somewhat done and i can't shake it.,burnout,3
i think i'm extremely worthless today.,low_self_esteem,8
i am deeply like giving up more than usual.,depression,4
i am kind of fearful.,anxiety,1
i am extremely unattractive these days.,body_image_issue,2
today i feel kind of gloomy right now.,sadness,10
i'm running on empty and i can't shake it.,burnout,3
i'm really deeply fearful lately.,anxiety,1
it seems i'm isolated...,loneliness,7
so like a burden i don't know why.,depression,4
i'm really really worthless these days.,low_self_esteem,8
sometimes i feel kind of grateful...,joy,6
right now i'm completely happy and i can't shake it.,joy,6
i'm incredibly irritated today.,anger,0
i keep feeling quite alone.,loneliness,7
these days i feel a bit like i don't matter...,low_self_esteem,8
it seems i'm a bit on edge i don't know why.,anxiety,1
tbh i'm somewhat alright right now.,neutral,9
right now i'm quite depleted more than usual.,burnout,3
i keep feeling incredibly cheerful more than usual.,joy,6
it seems i'm deeply overwhelmed.,stress,11
kind of done...,burnout,3
these days i feel not good enough these days.,low_self_esteem,8
sometimes i feel totally furious today.,anger,0
i just feel so irritated,anger,0
i've been completely calm these days.,neutral,9
today i feel really like nothing matters today.,depression,4
"honestly, i'm totally stupid right now.",low_self_esteem,8
lately i feel light-hearted,joy,6
i've been very frustrated right now.,anger,0
i've been deeply pleased...,joy,6
right now i'm really left out right now.,loneliness,7
a bit balanced right now.,neutral,9
sometimes i feel kind of ashamed of my body more than usual.,body_image_issue,2
i keep feeling very tense from work more than usual.,stress,11
i feel quite disgusting in the mirror more than usual.,body_image_issue,2
"honestly, i'm totally under pressure and i can't shake it.",stress,11
tbh i'm kind of sad.,sadness,10
"honestly, i'm kind of like giving up",depression,4
sometimes i feel somewhat miserable and i can't shake it.,sadness,10
i'm incredibly calm lately.,neutral,9
my body disgusts me...,body_image_issue,2
i'm useless.,low_self_esteem,8
"honestly, i'm totally irritated these days.",anger,0
i'm incredibly forgotten.,loneliness,7
today i feel deeply upset today.,sadness,10
it seems i'm somewhat panicking about finals today.,exam_stress,5
i think i'm very panicky these days.,anxiety,1
"honestly, i'm completely overwhelmed honestly.",stress,11
i think i'm a bit fuming honestly.,anger,0
"honestly, i'm extremely in a good mood i don't know why.",joy,6
today i feel somewhat alright these days.,neutral,9
i think i'm very gloomy,sadness,10
today i feel totally left out today.,loneliness,7
today i feel totally running on empty right now.,burnout,3
these days i feel incredibly on edge right now.,anxiety,1
i just feel extremely burnt out...,burnout,3
these days i feel really fuming...,anger,0
i think i'm really fat honestly.,body_image_issue,2
sometimes i feel totally calm honestly.,neutral,9
i am extremely worried more than usual.,anxiety,1
it seems i'm incredibly horrible about how i look today.,body_image_issue,2
right now i'm somewhat frustrated,anger,0
sometimes i feel a bit apprehensive right now.,anxiety,1
it seems i'm quite like a burden today.,depression,4
i keep feeling incredibly stupid i don't know why.,low_self_esteem,8
quite panicky...,anxiety,1
i keep feeling worthless these days.,depression,4
right now i'm extremely in a good mood lately.,joy,6
lately i feel so useless these days.,low_self_esteem,8
i'm really blessed more than usual.,joy,6
sometimes i feel totally smiling these days.,joy,6
quite heartbroken lately.,sadness,10
totally tense these days.,anxiety,1
i keep feeling totally okay and i can't shake it.,neutral,9
today i feel kind of fine lately.,neutral,9
i keep feeling a bit angry right now.,anger,0
it seems i'm so emotionally exhausted lately.,burnout,3
i keep feeling really gloomy these days.,sadness,10
lately i feel very ashamed of my body and i can't shake it.,body_image_issue,2
i'm really totally apprehensive,anxiety,1
lately i feel kind of like i don't matter,low_self_esteem,8
quite joyful i don't know why.,joy,6
right now i'm totally fine i don't know why.,neutral,9
today i feel deeply low honestly.,sadness,10
i feel very like i don't matter,low_self_esteem,8
right now i'm deeply furious these days.,anger,0
today i feel deeply apprehensive today.,anxiety,1
quite like nobody likes me honestly.,low_self_esteem,8
totally disconnected...,loneliness,7
i'm really a bit unattractive these days.,body_image_issue,2
i've been deeply at ease,neutral,9
lately i feel very balanced and i can't shake it.,neutral,9
sometimes i feel incredibly angry,anger,0
lately i feel really anxious about my upcoming exam lately.,exam_stress,5
i'm really extremely pleased and i can't shake it.,joy,6
tbh i'm deeply panicking about finals...,exam_stress,5
tbh i'm deeply thankful more than usual.,joy,6
i think i'm extremely okay right now.,neutral,9
it seems i'm really pressured more than usual.,stress,11
i think i'm very invisible today.,loneliness,7
i am completely like nobody likes me and i can't shake it.,low_self_esteem,8
right now i'm extremely invisible honestly.,loneliness,7
i just feel so heartbroken i don't know why.,sadness,10
these days i feel a bit angry lately.,anger,0
i think i'm incredibly worried about the test honestly.,exam_stress,5
i keep feeling deeply like there's no point honestly.,depression,4
right now i'm completely just chilling right now.,neutral,9
i am quite done.,burnout,3
i just feel very blessed today.,joy,6
"honestly, i'm a bit fine today.",neutral,9
"honestly, i'm extremely stupid right now.",low_self_esteem,8
sometimes i feel ugly lately.,body_image_issue,2
right now i'm extremely depleted honestly.,burnout,3
i am somewhat unattractive honestly.,body_image_issue,2
i've been a bit running on empty lately.,burnout,3
today i feel very mad and i can't shake it.,anger,0
i just feel really emotionally exhausted more than usual.,burnout,3
tbh i'm really at ease right now.,neutral,9
i'm really really disgusting in the mirror i don't know why.,body_image_issue,2
tbh i'm anxious about my upcoming exam lately.,exam_stress,5
sometimes i feel so angry these days.,anger,0
sometimes i feel totally scared i'll fail my exam.,exam_stress,5
i feel quite exhausted from work right now.,burnout,3
i'm deeply stressed about my exams,exam_stress,5
today i feel deeply disconnected i don't know why.,loneliness,7
today i feel quite joyful.,joy,6
i'm very melancholic right now.,sadness,10
it seems i'm deeply afraid and i can't shake it.,anxiety,1
i've been totally empty honestly.,depression,4
today i feel deeply anxious lately.,anxiety,1
i am completely horrible about how i look i don't know why.,body_image_issue,2
sometimes i feel very insecure about my appearance right now.,body_image_issue,2
i'm really very overwhelmed honestly.,stress,11
i'm really so alright...,neutral,9
sometimes i feel totally panicky and i can't shake it.,anxiety,1
i am somewhat calm today.,neutral,9
today i feel incredibly useless right now.,low_self_esteem,8
it seems i'm very worried about the test and i can't shake it.,exam_stress,5
today i feel kind of gloomy lately.,sadness,10
today i feel very tearful today.,sadness,10
it seems i'm incredibly numb...,depression,4
lately i feel very insecure about my appearance honestly.,body_image_issue,2
i'm very light-hearted right now.,joy,6
lately i feel a bit annoyed.,anger,0
right now i'm kind of forgotten more than usual.,loneliness,7
these days i feel completely cheerful more than usual.,joy,6
it seems i'm incredibly burnt out these days.,burnout,3
i'm very isolated lately.,loneliness,7
"honestly, i'm somewhat panicking about finals lately.",exam_stress,5
"honestly, i'm really swamped",stress,11
today i feel completely fried,burnout,3
i think i'm deeply alone lately.,loneliness,7
i feel kind of horrible about how i look right now.,body_image_issue,2
right now i'm somewhat depleted and i can't shake it.,burnout,3
extremely alone i don't know why.,loneliness,7
sometimes i feel very lonely right now.,loneliness,7
right now i'm totally buried in tasks honestly.,stress,11
it seems i'm incredibly worried about the test.,exam_stress,5
today i feel okay honestly.,neutral,9
today i feel a bit light-hearted.,joy,6
really run down i don't know why.,stress,11
i think i'm deeply overwhelmed by studying...,exam_stress,5
i just feel kind of just chilling these days.,neutral,9
i'm somewhat stupid,low_self_esteem,8
lately i feel quite annoyed.,anger,0
i feel completely anxious honestly.,anxiety,1
today i feel kind of stupid right now.,low_self_esteem,8
i'm really somewhat buried in tasks.,stress,11
i've been quite worried honestly.,anxiety,1
today i feel really not good enough these days.,low_self_esteem,8
"honestly, i'm very drained of meaning right now.",depression,4
tbh i'm quite without purpose and i can't shake it.,depression,4
i keep feeling a bit enraged i don't know why.,anger,0
these days i feel somewhat low lately.,sadness,10
it seems i'm extremely alright honestly.,neutral,9
i've been completely exhausted from work,burnout,3
very nervous i don't know why.,anxiety,1
today i feel extremely overwhelmed lately.,stress,11
i've been incredibly pressured lately.,stress,11
i keep feeling deeply horrible about how i look,body_image_issue,2
"honestly, i'm overwhelmed more than usual.",stress,11
tbh i'm quite emotionally exhausted and i can't shake it.,burnout,3
tbh i'm kind of fried right now.,burnout,3
these days i feel incredibly heartbroken right now.,sadness,10
i keep feeling kind of resentful...,anger,0
incredibly exhausted from work right now.,burnout,3
i am deeply melancholic.,sadness,10
i just feel kind of mad these days.,anger,0
i feel deeply overwhelmed by studying lately.,exam_stress,5
tbh i'm quite delighted.,joy,6
really panicky...,anxiety,1
lately i feel quite furious.,anger,0
lately i feel extremely tearful and i can't shake it.,sadness,10
i've been a bit ashamed of my body and i can't shake it.,body_image_issue,2
i'm incredibly neutral right now.,neutral,9
right now i'm incredibly scared i'll fail my exam more than usual.,exam_stress,5
i feel completely balanced these days.,neutral,9
i feel so like a burden.,depression,4
these days i feel a bit running on empty today.,burnout,3
i keep feeling kind of under pressure right now.,stress,11
i feel kind of exhausted from work.,burnout,3
lately i feel totally exhausted from work more than usual.,burnout,3
right now i'm kind of worried about the test...,exam_stress,5
lately i feel incredibly frustrated honestly.,anger,0
i'm so enraged and i can't shake it.,anger,0
i just feel somewhat burnt out right now.,burnout,3
"honestly, i'm really like a failure.",low_self_esteem,8
it seems i'm incredibly worried about the test more than usual.,exam_stress,5
sometimes i feel somewhat in a good mood more than usual.,joy,6
lately i feel deeply stressed about my exams lately.,exam_stress,5
i am fuming these days.,anger,0
i feel deeply like giving up right now.,depression,4
"honestly, i'm kind of by myself",loneliness,7
today i feel deeply worthless lately.,low_self_esteem,8
i'm extremely stupid and i can't shake it.,low_self_esteem,8
i'm very miserable and i can't shake it.,sadness,10
today i feel somewhat apprehensive more than usual.,anxiety,1
i'm really very unattractive lately.,body_image_issue,2
today i feel incredibly swamped i don't know why.,stress,11
i think i'm incredibly fuming...,anger,0
i just feel completely scared i'll fail my exam these days.,exam_stress,5
tbh i'm incredibly insecure about my appearance...,body_image_issue,2
it seems i'm deeply fried these days.,burnout,3
i keep feeling really numb right now.,depression,4
i'm really like i don't matter lately.,low_self_esteem,8
lately i feel quite under pressure i don't know why.,stress,11
i just feel worried about the test i don't know why.,exam_stress,5
i'm really completely burnt out and i can't shake it.,burnout,3
i keep feeling cheerful,joy,6
today i feel a bit numb more than usual.,depression,4
i'm a bit fried i don't know why.,burnout,3
i feel deeply alone...,loneliness,7
i am deeply afraid today.,anxiety,1
i'm extremely annoyed honestly.,anger,0
it seems i'm completely fearful lately.,anxiety,1
i feel fine more than usual.,neutral,9
i keep feeling completely overwhelmed by studying honestly.,exam_stress,5
sometimes i feel deeply emotionally exhausted i don't know why.,burnout,3
sometimes i feel deeply like i don't matter,low_self_esteem,8
right now i'm a bit worried about the test and i can't shake it.,exam_stress,5
right now i'm normal right now.,neutral,9
lately i feel burnt out right now.,burnout,3
i am nervous and i can't shake it.,anxiety,1
lately i feel somewhat numb right now.,depression,4
i keep feeling very thankful more than usual.,joy,6
i'm kind of stupid and i can't shake it.,low_self_esteem,8
very like there's no point lately.,depression,4
today i feel totally by myself,loneliness,7
tbh i'm so down these days.,sadness,10
i'm really completely done.,burnout,3
it seems i'm extremely just chilling today.,neutral,9
today i feel emotionally exhausted right now.,burnout,3
very emotionally exhausted today.,burnout,3
incredibly insecure about myself i don't know why.,low_self_esteem,8
right now i'm totally under pressure...,stress,11
i keep feeling a bit by myself...,loneliness,7
totally light-hearted lately.,joy,6
tbh i'm extremely tense from work lately.,stress,11
these days i feel so tense from work i don't know why.,stress,11
tbh i'm extremely grateful.,joy,6
i'm totally happy honestly.,joy,6
kind of joyful more than usual.,joy,6
today i feel very like nobody likes me more than usual.,low_self_esteem,8
right now i'm a bit mad.,anger,0
it seems i'm a bit enraged...,anger,0
i keep feeling somewhat at ease these days.,neutral,9
right now i'm somewhat light-hearted more than usual.,joy,6
sometimes i feel extremely overwhelmed and i can't shake it.,stress,11
i keep feeling completely furious right now.,anger,0
i've been a bit anxious about my upcoming exam i don't know why.,exam_stress,5
i'm a bit left out i don't know why.,loneliness,7
i keep feeling very left out these days.,loneliness,7
i think i'm somewhat optimistic right now.,joy,6
sometimes i feel kind of scared i'll fail my exam.,exam_stress,5
i think i'm deeply furious more than usual.,anger,0
i feel extremely scared i'll fail my exam i don't know why.,exam_stress,5
i'm very depleted.,burnout,3
i keep feeling really on edge and i can't shake it.,anxiety,1
lately i feel completely panicking about finals right now.,exam_stress,5
it seems i'm extremely alone today.,loneliness,7
tbh i'm extremely buried in tasks more than usual.,stress,11
i feel so melancholic,sadness,10
today i feel totally worried right now.,anxiety,1
totally angry more than usual.,anger,0
i'm really a bit stupid,low_self_esteem,8
i feel extremely like nobody likes me,low_self_esteem,8
"honestly, i'm very blessed more than usual.",joy,6
i'm kind of enraged more than usual.,anger,0
right now i'm extremely numb today.,depression,4
i'm really uneasy and i can't shake it.,anxiety,1
i keep feeling completely like nobody likes me these days.,low_self_esteem,8
tbh i'm really stupid...,low_self_esteem,8
i think i'm extremely happy honestly.,joy,6
lately i feel kind of like a burden i don't know why.,depression,4
i keep feeling extremely tense from work more than usual.,stress,11
these days i feel extremely ugly right now.,body_image_issue,2
totally horrible about how i look these days.,body_image_issue,2
"honestly, i'm a bit not good enough today.",low_self_esteem,8
it seems i'm really numb honestly.,depression,4
tbh i'm incredibly fat and i can't shake it.,body_image_issue,2
i keep feeling completely drained of meaning,depression,4
i keep feeling totally stressed these days.,stress,11
it seems i'm really like a failure i don't know why.,low_self_esteem,8
i'm really completely overwhelmed by studying more than usual.,exam_stress,5
it seems i'm a bit horrible about how i look these days.,body_image_issue,2
tbh i'm completely upset right now.,sadness,10
i just feel incredibly calm today.,neutral,9
i just feel quite disgusting in the mirror i don't know why.,body_image_issue,2
i keep feeling deeply fearful more than usual.,anxiety,1
tbh i'm completely delighted i don't know why.,joy,6
tbh i'm extremely swamped.,stress,11
i think i'm very just chilling and i can't shake it.,neutral,9
i feel so fat today.,body_image_issue,2
lately i feel really like nothing matters today.,depression,4
i am very stupid today.,low_self_esteem,8
lately i feel quite stressed.,stress,11
i just feel incredibly exhausted from work...,burnout,3
i keep feeling a bit grateful,joy,6
tbh i'm really hopeless and i can't shake it.,depression,4
i'm really totally uneasy these days.,anxiety,1
today i feel kind of scared i'll fail my exam...,exam_stress,5
"honestly, i'm very by myself these days.",loneliness,7
i am incredibly pissed off these days.,anger,0
these days i feel extremely like i don't matter more than usual.,low_self_esteem,8
i keep feeling a bit stupid right now.,low_self_esteem,8
i think i'm totally like i don't matter...,low_self_esteem,8
i just feel completely worthless today.,low_self_esteem,8
right now i'm kind of like there's no point honestly.,depression,4
"honestly, i'm really left out right now.",loneliness,7
tbh i'm stressed about my exams honestly.,exam_stress,5
i'm so buried in tasks right now.,stress,11
i'm really deeply worried about the test right now.,exam_stress,5
i'm really kind of ashamed of my body right now.,body_image_issue,2
i'm really incredibly under pressure i don't know why.,stress,11
i just feel a bit worthless these days.,depression,4
"honestly, i can't believe they did that to me :(",anger,0
i'm totally stressed more than usual.,stress,11
i've been incredibly worried about the test right now.,exam_stress,5
tbh i feel completely empty inside,depression,4
tbh i'm incredibly calm and i can't shake it.,neutral,9
i'm very insecure about my appearance right now.,body_image_issue,2
"honestly, i'm so heartbroken lately.",sadness,10
i just feel somewhat fearful more than usual.,anxiety,1
i just feel quite balanced i don't know why.,neutral,9
lately i feel very overwhelmed honestly.,stress,11
i've been really delighted more than usual.,joy,6
i think i'm numb and i can't shake it.,depression,4
sometimes i feel deeply anxious about my upcoming exam,exam_stress,5
i just feel completely swamped right now.,stress,11
i just feel kind of unhappy honestly.,sadness,10
sometimes i feel a bit unhappy.,sadness,10
tbh i'm deeply anxious lately.,anxiety,1
i just feel completely buried in tasks i don't know why.,stress,11
right now i'm so unhappy lately.,sadness,10
right now i'm kind of hopeless honestly.,depression,4
i'm burnt out today.,burnout,3
i feel in a good mood lately.,joy,6
i am really at ease and i can't shake it.,neutral,9
i keep feeling really like a failure...,low_self_esteem,8
it seems i'm totally insecure about my appearance these days.,body_image_issue,2
i'm deeply joyful lately.,joy,6
i'm really annoyed more than usual.,anger,0
today i feel really fat more than usual.,body_image_issue,2
i've been deeply invisible today.,loneliness,7
i am so annoyed right now.,anger,0
i'm really totally at ease,neutral,9
sometimes i feel incredibly isolated more than usual.,loneliness,7
sometimes i feel a bit done honestly.,burnout,3
i'm really really scared i'll fail my exam i don't know why.,exam_stress,5
right now i'm quite like there's no point and i can't shake it.,depression,4
it seems i'm so upset honestly.,sadness,10
these days i feel incredibly normal i don't know why.,neutral,9
sometimes i feel extremely ashamed of my body right now.,body_image_issue,2
today i feel extremely hopeless,depression,4
lately i feel deeply tearful lately.,sadness,10
i just feel extremely invisible,loneliness,7
today i feel somewhat useless more than usual.,low_self_esteem,8
i keep feeling really blessed and i can't shake it.,joy,6
sometimes i feel quite like there's no point today.,depression,4
i've been incredibly anxious i don't know why.,anxiety,1
these days i feel very isolated lately.,loneliness,7
i keep feeling extremely frustrated right now.,anger,0
i am incredibly scared and i can't shake it.,anxiety,1
i keep feeling so smiling these days.,joy,6
i am extremely ugly more than usual.,body_image_issue,2
today i feel so like nobody likes me more than usual.,low_self_esteem,8
i am so without purpose i don't know why.,depression,4
right now i'm a bit burnt out lately.,burnout,3
i am somewhat sad honestly.,sadness,10
i'm extremely overwhelmed lately.,stress,11
today i feel so enraged,anger,0
i'm really incredibly melancholic more than usual.,sadness,10
ngl life feels good right now...,joy,6
i am very smiling today.,joy,6
these days i feel somewhat overwhelmed by studying lately.,exam_stress,5
sometimes i feel incredibly pleased...,joy,6
tbh i'm totally unhappy right now.,sadness,10
it seems i'm kind of tearful more than usual.,sadness,10
i think i'm incredibly drained,burnout,3
right now i'm very gloomy...,sadness,10
today i feel quite like giving up,depression,4
"honestly, i'm extremely balanced today.",neutral,9
i just feel incredibly normal more than usual.,neutral,9
tbh i'm kind of at ease.,neutral,9
right now i'm a bit low more than usual.,sadness,10
i am deeply burnt out today.,burnout,3
really insecure about my appearance these days.,body_image_issue,2
today i feel deeply pissed off i don't know why.,anger,0
i keep feeling so frustrated.,anger,0
tbh i'm deeply miserable lately.,sadness,10
sometimes i feel kind of furious...,anger,0
i keep feeling at ease today.,neutral,9
it seems i'm incredibly like giving up more than usual.,depression,4
lately i feel deeply invisible lately.,loneliness,7
right now i'm totally disgusting in the mirror lately.,body_image_issue,2
i am so drained of meaning honestly.,depression,4
i think i'm extremely low,sadness,10
i'm really cheerful these days.,joy,6
tbh i'm a bit buried in tasks and i can't shake it.,stress,11
i feel quite scared these days.,anxiety,1
today i feel extremely resentful more than usual.,anger,0
right now i'm a bit overwhelmed today.,stress,11
i'm very like nothing matters lately.,depression,4
sometimes i feel somewhat run down these days.,stress,11
lately i feel deeply fine and i can't shake it.,neutral,9
these days i feel totally without purpose and i can't shake it.,depression,4
today i feel really depleted i don't know why.,burnout,3
i'm really somewhat stressed about my exams more than usual.,exam_stress,5
i've been extremely stressed about my exams,exam_stress,5
i'm really so mad honestly.,anger,0
these days i feel completely like giving up,depression,4
lately i feel incredibly low more than usual.,sadness,10
right now i'm so furious honestly.,anger,0
lately i feel so balanced and i can't shake it.,neutral,9
"honestly, i'm incredibly irritated right now.",anger,0
incredibly by myself right now.,loneliness,7
i just feel afraid today.,anxiety,1
i think i'm kind of pissed off these days.,anger,0
i've been extremely heartbroken these days.,sadness,10
today i feel very run down,stress,11
sometimes i feel so angry i don't know why.,anger,0
it seems i'm quite pissed off.,anger,0
these days i feel very disgusting in the mirror i don't know why.,body_image_issue,2
right now i'm totally fearful i don't know why.,anxiety,1
right now i'm quite like there's no point i don't know why.,depression,4
these days i feel extremely in a good mood.,joy,6
right now i'm a bit content lately.,joy,6
i think i'm fine honestly.,neutral,9
lately i feel very stressed.,stress,11
i'm really somewhat sad...,sadness,10
"honestly, i'm really anxious about my upcoming exam and i can't shake it.",exam_stress,5
i feel so pleased,joy,6
i keep feeling panicking about finals i don't know why.,exam_stress,5
right now i'm totally worthless right now.,depression,4
i'm really somewhat like a failure and i can't shake it.,low_self_esteem,8
tbh i'm so at ease right now.,neutral,9
i feel so burnt out today.,burnout,3
i'm really glad i don't know why.,joy,6
i am deeply burnt out more than usual.,burnout,3
tbh i'm totally not good enough...,low_self_esteem,8
it seems i'm somewhat gloomy and i can't shake it.,sadness,10
lately i feel really down today.,sadness,10
sometimes i feel quite like a failure lately.,low_self_esteem,8
lately i feel kind of tearful honestly.,sadness,10
lately i feel somewhat mad.,anger,0
i just feel neutral these days.,neutral,9
i'm really somewhat depleted today.,burnout,3
tbh i'm totally stressed about my exams lately.,exam_stress,5
very fuming lately.,anger,0
today i feel kind of emotionally exhausted...,burnout,3
sometimes i feel deeply fine,neutral,9
"honestly, i'm deeply disconnected...",loneliness,7
i've been quite burnt out,burnout,3
i think i'm a bit just chilling lately.,neutral,9
i've been extremely scared i'll fail my exam...,exam_stress,5
sometimes i feel somewhat overwhelmed by studying right now.,exam_stress,5
i am kind of alone honestly.,loneliness,7
it seems i'm deeply sad,sadness,10
i'm deeply useless today.,low_self_esteem,8
i'm kind of invisible these days.,loneliness,7
tbh i'm deeply scared i'll fail my exam right now.,exam_stress,5
i am very done and i can't shake it.,burnout,3
today i feel incredibly alone i don't know why.,loneliness,7
i am really disgusting in the mirror right now.,body_image_issue,2
it seems i'm completely ashamed of my body more than usual.,body_image_issue,2
right now i'm kind of exhausted from work lately.,burnout,3
i just feel irritated i don't know why.,anger,0
i just feel under pressure these days.,stress,11
i'm very disgusting in the mirror.,body_image_issue,2
"honestly, i'm kind of panicking about finals these days.",exam_stress,5
i am totally insecure about myself lately.,low_self_esteem,8
lately i feel like giving up.,depression,4
quite panicky these days.,anxiety,1
i think i'm very ugly...,body_image_issue,2
it seems i'm deeply swamped lately.,stress,11
these days i feel incredibly run down these days.,stress,11
i am kind of fine,neutral,9
i keep feeling deeply stupid...,low_self_esteem,8
i feel like i'm just existing...,depression,4
i'm a bit fuming.,anger,0
tbh i'm totally swamped i don't know why.,stress,11
right now i'm totally like nothing matters.,depression,4
these days i feel quite isolated lately.,loneliness,7
tbh everyone is thinner than me :(,body_image_issue,2
i think i'm somewhat just chilling right now.,neutral,9
it seems i'm extremely useless,low_self_esteem,8
i feel done and i can't shake it.,burnout,3
i've been fine lately.,neutral,9
i keep feeling totally tense from work,stress,11
tbh i'm extremely melancholic.,sadness,10
"honestly, i'm somewhat pleased more than usual.",joy,6
i just feel deeply worthless and i can't shake it.,depression,4
"honestly, i'm really left out",loneliness,7
i'm really quite fearful,anxiety,1
"honestly, i'm very useless more than usual.",low_self_esteem,8
tbh i'm a bit invisible these days.,loneliness,7
i feel so forgotten i don't know why.,loneliness,7
lately i feel apprehensive right now.,anxiety,1
it seems i'm deeply lonely honestly.,loneliness,7
i'm really so pressured i don't know why.,stress,11
i am at ease today.,neutral,9
i just feel extremely low and i can't shake it.,sadness,10
tbh i'm really okay i don't know why.,neutral,9
right now i'm a bit blessed.,joy,6
i keep feeling very just chilling these days.,neutral,9
lately i feel apprehensive these days.,anxiety,1
these days i feel really like i don't matter right now.,low_self_esteem,8
lately i feel really forgotten i don't know why.,loneliness,7
i'm really extremely swamped lately.,stress,11
these days i feel extremely tearful and i can't shake it.,sadness,10
i feel really content more than usual.,joy,6
i keep feeling so pressured i don't know why.,stress,11
i think i'm somewhat useless right now.,low_self_esteem,8
i keep feeling kind of balanced,neutral,9
i'm really quite unhappy,sadness,10
"honestly, i'm totally not good enough right now.",low_self_esteem,8
i keep feeling kind of by myself right now.,loneliness,7
i think i'm quite fine.,neutral,9
i've been deeply like giving up these days.,depression,4
these days i feel kind of scared i'll fail my exam right now.,exam_stress,5
i feel hopeless...,depression,4
"honestly, there's just too much going on right now",stress,11
it seems i'm extremely pleased lately.,joy,6
i am deeply blue today.,sadness,10
i've been incredibly by myself these days.,loneliness,7
these days i feel completely stressed about my exams.,exam_stress,5
tbh i'm very done today.,burnout,3
i've been somewhat ashamed of my body honestly.,body_image_issue,2
i keep feeling completely uneasy more than usual.,anxiety,1
i think i'm kind of run down i don't know why.,stress,11
i feel anxious lately.,anxiety,1
right now i'm incredibly angry right now.,anger,0
"honestly, i'm stressed about my exams",exam_stress,5
"honestly, i'm incredibly calm right now.",neutral,9
it seems i'm completely insecure about my appearance i don't know why.,body_image_issue,2
sometimes i feel really fried and i can't shake it.,burnout,3
tbh i'm deeply fearful right now.,anxiety,1
right now i'm very not good enough i don't know why.,low_self_esteem,8
right now i'm incredibly unattractive i don't know why.,body_image_issue,2
really horrible about how i look today.,body_image_issue,2
these days i feel very cheerful lately.,joy,6
i just feel really anxious about my upcoming exam today.,exam_stress,5
i think i'm incredibly fried and i can't shake it.,burnout,3
it seems i'm really like nothing matters...,depression,4
i'm really quite panicking about finals...,exam_stress,5
tbh i'm very emotionally exhausted today.,burnout,3
i keep feeling totally fried i don't know why.,burnout,3
i keep feeling really happy more than usual.,joy,6
right now i'm so apprehensive today.,anxiety,1
really not good enough,low_self_esteem,8
completely uneasy more than usual.,anxiety,1
lately i feel deeply insecure about my appearance right now.,body_image_issue,2
i just feel a bit anxious these days.,anxiety,1
"honestly, i'm kind of forgotten and i can't shake it.",loneliness,7
today i feel deeply fuming and i can't shake it.,anger,0
i keep feeling quite irritated more than usual.,anger,0
i just feel incredibly blue lately.,sadness,10
"honestly, i'm extremely left out i don't know why.",loneliness,7
i feel like giving up,depression,4
i just feel so blue these days.,sadness,10
today i feel deeply buried in tasks i don't know why.,stress,11
i've been completely like giving up and i can't shake it.,depression,4
i am quite ashamed of my body i don't know why.,body_image_issue,2
i keep feeling totally exhausted from work honestly.,burnout,3
i think i'm invisible right now.,loneliness,7
these days i feel completely horrible about how i look honestly.,body_image_issue,2
i feel so alone i don't know why.,loneliness,7
today i feel incredibly isolated lately.,loneliness,7
these days i feel really grateful today.,joy,6
i keep feeling so irritated right now.,anger,0
these days i feel totally run down more than usual.,stress,11
tbh i'm worried about the test,exam_stress,5
i am very like giving up right now.,depression,4
today i feel deeply happy lately.,joy,6
today i feel a bit worthless and i can't shake it.,depression,4
it seems i'm very alright honestly.,neutral,9
i keep feeling very depleted.,burnout,3
it seems i'm a bit stressed i don't know why.,stress,11
lately i feel deeply calm right now.,neutral,9
tbh i'm kind of unhappy these days.,sadness,10
i just feel so horrible about how i look i don't know why.,body_image_issue,2
i feel incredibly fuming today.,anger,0
i am mad honestly.,anger,0
right now i'm so like giving up.,depression,4
i feel totally calm honestly.,neutral,9
these days i feel extremely left out honestly.,loneliness,7
i think i'm very emotionally exhausted i don't know why.,burnout,3
lately i feel completely insecure about my appearance more than usual.,body_image_issue,2
i am a bit insecure about my appearance right now.,body_image_issue,2
i keep feeling somewhat run down these days.,stress,11
i want to scream :(,anger,0
today i feel somewhat smiling these days.,joy,6
i think i'm somewhat under pressure.,stress,11
right now i'm really gloomy...,sadness,10
these days i feel like there's no point,depression,4
i'm really quite scared i'll fail my exam.,exam_stress,5
i am kind of horrible about how i look more than usual.,body_image_issue,2
today i feel really anxious about my upcoming exam lately.,exam_stress,5
quite alone i don't know why.,loneliness,7
today i feel kind of afraid more than usual.,anxiety,1
tbh i'm somewhat scared i'll fail my exam i don't know why.,exam_stress,5
so worthless and i can't shake it.,low_self_esteem,8
today i feel incredibly apprehensive right now.,anxiety,1
i just feel quite worthless.,low_self_esteem,8
tbh i'm totally unhappy,sadness,10
i'm fried and i can't shake it.,burnout,3
i think i'm very burnt out honestly.,burnout,3
lately i feel really worthless.,depression,4
today i feel very tense and i can't shake it.,anxiety,1
these days i feel fuming these days.,anger,0
sometimes i feel totally overwhelmed these days.,stress,11
it seems i'm so stressed about my exams.,exam_stress,5
i keep feeling incredibly not good enough these days.,low_self_esteem,8
i'm really a bit worried about the test lately.,exam_stress,5
i feel totally overwhelmed.,stress,11
i just feel numb right now.,depression,4
i've been deeply left out these days.,loneliness,7
"honestly, i'm extremely tense more than usual.",anxiety,1
sometimes i feel extremely gloomy.,sadness,10
i feel kind of cheerful today.,joy,6
incredibly neutral...,neutral,9
kind of buried in tasks more than usual.,stress,11
i'm really annoyed honestly.,anger,0
i keep feeling a bit just chilling and i can't shake it.,neutral,9
i just feel quite done honestly.,burnout,3
i just feel like giving up lately.,depression,4
i keep feeling extremely horrible about how i look lately.,body_image_issue,2
these days i feel really done today.,burnout,3
today i feel deeply in a good mood,joy,6
these days i feel fried and i can't shake it.,burnout,3
right now i'm extremely worried about the test and i can't shake it.,exam_stress,5
i think i'm somewhat tense from work...,stress,11
i'm on edge honestly.,anxiety,1
i'm extremely blessed more than usual.,joy,6
really drained of meaning...,depression,4
i'm completely down right now.,sadness,10
lately i feel quite normal.,neutral,9
stressed about my exams.,exam_stress,5
i'm kind of emotionally exhausted and i can't shake it.,burnout,3
i've been incredibly invisible i don't know why.,loneliness,7
lately i feel extremely fried today.,burnout,3
i've been incredibly glad right now.,joy,6
i keep feeling somewhat alright honestly.,neutral,9
i've been kind of anxious about my upcoming exam today.,exam_stress,5
i just feel so by myself today.,loneliness,7
lately i feel incredibly fearful honestly.,anxiety,1
quite insecure about myself.,low_self_esteem,8
sometimes i feel quite like a burden and i can't shake it.,depression,4
right now i'm deeply annoyed and i can't shake it.,anger,0
tbh i'm completely neutral and i can't shake it.,neutral,9
these days i feel kind of stressed,stress,11
i'm incredibly afraid lately.,anxiety,1
lately i feel really nervous lately.,anxiety,1
i'm kind of balanced today.,neutral,9
i keep feeling really ugly,body_image_issue,2
i am kind of anxious about my upcoming exam honestly.,exam_stress,5
i keep feeling worried about the test right now.,exam_stress,5
i think i'm extremely panicking about finals,exam_stress,5
sometimes i feel completely anxious about my upcoming exam lately.,exam_stress,5
very on edge...,anxiety,1
i am so calm these days.,neutral,9
i think i'm completely melancholic more than usual.,sadness,10
lately i feel a bit thankful more than usual.,joy,6
incredibly like giving up right now.,depression,4
lately i feel totally horrible about how i look today.,body_image_issue,2
it seems i'm incredibly hopeless and i can't shake it.,depression,4
i keep feeling very burnt out,burnout,3
i'm very run down.,stress,11
these days i feel very down more than usual.,sadness,10
i'm really fearful,anxiety,1
i'm really so anxious honestly.,anxiety,1
i feel quite fried.,burnout,3
i keep feeling extremely stressed,stress,11
i just feel deeply cheerful these days.,joy,6
i've been totally ashamed of my body,body_image_issue,2
ngl i've been working nonstop for months,burnout,3
today i feel kind of angry today.,anger,0
lately i feel a bit like i don't matter today.,low_self_esteem,8
i'm juggling too many responsibilities :(,stress,11
i've been so isolated i don't know why.,loneliness,7
sometimes i feel without purpose i don't know why.,depression,4
right now i'm extremely irritated honestly.,anger,0
i am deeply annoyed,anger,0
i think i'm somewhat unhappy today.,sadness,10
i just feel quite worried about the test these days.,exam_stress,5
tbh i'm somewhat furious i don't know why.,anger,0
today i feel kind of fat more than usual.,body_image_issue,2
deeply delighted and i can't shake it.,joy,6
it seems i'm really heartbroken honestly.,sadness,10
it seems i'm a bit stressed.,stress,11
kind of resentful these days.,anger,0
i just feel totally like a failure and i can't shake it.,low_self_esteem,8
i think i'm very heartbroken i don't know why.,sadness,10
today i feel so numb right now.,depression,4
i am really scared i'll fail my exam honestly.,exam_stress,5
it seems i'm deeply tense...,anxiety,1
today i feel very scared and i can't shake it.,anxiety,1
it seems i'm deeply invisible.,loneliness,7
really shaky...,anxiety,1
it seems i'm a bit pissed off more than usual.,anger,0
deeply at ease right now.,neutral,9
right now i'm totally angry lately.,anger,0
i am somewhat fine more than usual.,neutral,9
deeply like i don't matter.,low_self_esteem,8
these days i feel kind of shaky,anxiety,1
i'm deeply disgusting in the mirror more than usual.,body_image_issue,2
right now i'm like i don't matter.,low_self_esteem,8
lately i feel kind of mad and i can't shake it.,anger,0
i am a bit panicking about finals these days.,exam_stress,5
i keep feeling somewhat stupid,low_self_esteem,8
totally emotionally exhausted these days.,burnout,3
i'm really completely worried about the test honestly.,exam_stress,5
lately i feel quite unhappy i don't know why.,sadness,10
"honestly, i'm really under pressure these days.",stress,11
i just feel quite fat honestly.,body_image_issue,2
it seems i'm extremely like nobody likes me.,low_self_esteem,8
i'm really deeply on edge lately.,anxiety,1
i just feel quite annoyed...,anger,0
a bit worthless today.,low_self_esteem,8
i keep feeling somewhat furious...,anger,0
it seems i'm somewhat useless right now.,low_self_esteem,8
i am incredibly run down,stress,11
ngl just got back from a walk,neutral,9
i keep feeling deeply horrible about how i look right now.,body_image_issue,2
tbh i'm so done with all of this,anger,0
i just feel kind of hopeless lately.,depression,4
lately i feel by myself.,loneliness,7
these days i feel incredibly happy these days.,joy,6
i keep feeling quite pissed off...,anger,0
i've been incredibly panicking about finals these days.,exam_stress,5
i just feel extremely useless more than usual.,low_self_esteem,8
lately i feel a bit pissed off,anger,0
i'm really deeply down lately.,sadness,10
i am really run down today.,stress,11
tbh i'm uneasy i don't know why.,anxiety,1
these days i feel extremely upset i don't know why.,sadness,10
extremely alright i don't know why.,neutral,9
these days i feel so on edge,anxiety,1
these days i feel a bit stressed about my exams...,exam_stress,5
i've been deeply anxious about my upcoming exam...,exam_stress,5
very down today.,sadness,10
it seems i'm really resentful more than usual.,anger,0
i feel really worthless.,depression,4
i just feel incredibly emotionally exhausted and i can't shake it.,burnout,3
tbh i'm very left out,loneliness,7
"honestly, i'm deeply like a failure",low_self_esteem,8
it seems i'm incredibly happy honestly.,joy,6
right now i'm deeply balanced more than usual.,neutral,9
i am completely buried in tasks right now.,stress,11
sometimes i feel completely afraid right now.,anxiety,1
i keep feeling a bit stressed about my exams more than usual.,exam_stress,5
these days i feel quite empty honestly.,depression,4
i just feel a bit cheerful lately.,joy,6
i am somewhat scared these days.,anxiety,1
right now i'm completely pleased i don't know why.,joy,6
it seems i'm kind of like a failure honestly.,low_self_esteem,8
it seems i'm somewhat not good enough more than usual.,low_self_esteem,8
today i feel extremely drained of meaning today.,depression,4
sometimes i feel somewhat left out more than usual.,loneliness,7
sometimes i feel extremely tense from work and i can't shake it.,stress,11
right now i'm incredibly balanced lately.,neutral,9
lately i feel very depleted i don't know why.,burnout,3
i'm completely tense from work these days.,stress,11
i feel totally overwhelmed these days.,stress,11
i am incredibly like there's no point lately.,depression,4
sometimes i feel a bit nervous more than usual.,anxiety,1
i am extremely like nothing matters these days.,depression,4
i keep feeling totally worried these days.,anxiety,1
i've been so enraged,anger,0
i keep feeling somewhat overwhelmed and i can't shake it.,stress,11
i've been really like nothing matters and i can't shake it.,depression,4
"honestly, i'm somewhat fearful and i can't shake it.",anxiety,1
sometimes i feel quite apprehensive right now.,anxiety,1
i think i'm somewhat exhausted from work and i can't shake it.,burnout,3
i feel totally in a good mood more than usual.,joy,6
right now i'm so done right now.,burnout,3
i think i'm incredibly annoyed more than usual.,anger,0
i'm fearful and i can't shake it.,anxiety,1
i keep feeling quite cheerful these days.,joy,6
today i feel quite worried and i can't shake it.,anxiety,1
i keep feeling quite stressed about my exams lately.,exam_stress,5
"honestly, i'm drained more than usual.",burnout,3
"honestly, i'm extremely fearful.",anxiety,1
today i feel a bit panicky today.,anxiety,1
i've been buried in tasks...,stress,11
quite like a failure more than usual.,low_self_esteem,8
i just feel a bit smiling i don't know why.,joy,6
lately i feel totally mad right now.,anger,0
sometimes i feel deeply left out today.,loneliness,7
right now i'm kind of insecure about my appearance and i can't shake it.,body_image_issue,2
quite drained of meaning,depression,4
lately i feel a bit without purpose i don't know why.,depression,4
i think i'm quite enraged honestly.,anger,0
i think i'm quite annoyed these days.,anger,0
right now i'm kind of shaky more than usual.,anxiety,1
tbh i'm really tense honestly.,anxiety,1
i've been somewhat left out.,loneliness,7
i'm kind of calm,neutral,9
i've been quite apprehensive right now.,anxiety,1
today i feel somewhat under pressure today.,stress,11
i keep feeling incredibly useless i don't know why.,low_self_esteem,8
i am quite stupid these days.,low_self_esteem,8
i've been incredibly neutral and i can't shake it.,neutral,9
i'm really extremely uneasy i don't know why.,anxiety,1
sometimes i feel incredibly alone right now.,loneliness,7
totally horrible about how i look today.,body_image_issue,2
sometimes i feel quite happy and i can't shake it.,joy,6
i keep feeling quite buried in tasks today.,stress,11
i'm really somewhat left out i don't know why.,loneliness,7
i feel very stressed today.,stress,11
i'm deeply overwhelmed by studying.,exam_stress,5
today i feel so melancholic more than usual.,sadness,10
i keep feeling really resentful today.,anger,0
i think i'm extremely like there's no point today.,depression,4
really glad lately.,joy,6
i feel extremely like giving up and i can't shake it.,depression,4
lately i feel very on edge these days.,anxiety,1
i've been really drained these days.,burnout,3
right now i'm very overwhelmed right now.,stress,11
"honestly, just a regular day",neutral,9
i feel deeply tense from work these days.,stress,11
i keep feeling totally disconnected.,loneliness,7
lately i feel deeply done right now.,burnout,3
i'm incredibly gloomy.,sadness,10
i'm really quite tearful.,sadness,10
these days i feel very lonely lately.,loneliness,7
tbh i'm deeply apprehensive...,anxiety,1
i've been totally at ease lately.,neutral,9
today i feel kind of disgusting in the mirror and i can't shake it.,body_image_issue,2
i just feel very blue these days.,sadness,10
it seems i'm somewhat insecure about myself honestly.,low_self_esteem,8
joyful more than usual.,joy,6
i am so without purpose right now.,depression,4
lately i feel unattractive,body_image_issue,2
today i feel really irritated,anger,0
i feel completely fuming more than usual.,anger,0
these days i feel a bit pleased,joy,6
quite pressured these days.,stress,11
right now i'm extremely useless right now.,low_self_esteem,8
it seems i'm very worried about the test today.,exam_stress,5
right now i'm so frustrated honestly.,anger,0
today i feel completely in a good mood.,joy,6
tbh i'm really worried these days.,anxiety,1
these days i feel completely depleted.,burnout,3
i'm completely pleased,joy,6
i think i'm a bit like nobody likes me i don't know why.,low_self_esteem,8
i am completely ugly right now.,body_image_issue,2
tbh i'm really invisible i don't know why.,loneliness,7
ngl watching some tv right now,neutral,9
i feel quite drained honestly.,burnout,3
i just feel kind of optimistic.,joy,6
i'm really a bit smiling...,joy,6
i am so nervous these days.,anxiety,1
lately i feel somewhat neutral i don't know why.,neutral,9
i'm very overwhelmed by studying...,exam_stress,5
completely like there's no point today.,depression,4
tbh i'm kind of calm today.,neutral,9
these days i feel overwhelmed by studying more than usual.,exam_stress,5
sometimes i feel deeply stressed i don't know why.,stress,11
i think i'm completely miserable honestly.,sadness,10
i'm really incredibly swamped,stress,11
i think i'm kind of gloomy...,sadness,10
i'm really kind of emotionally exhausted lately.,burnout,3
lately i feel incredibly tearful...,sadness,10
sometimes i feel really glad today.,joy,6
sometimes i feel totally joyful more than usual.,joy,6
these days i feel totally fried.,burnout,3
sometimes i feel so swamped...,stress,11
i've been incredibly afraid i don't know why.,anxiety,1
sometimes i feel incredibly insecure about myself honestly.,low_self_esteem,8
today i feel totally alright more than usual.,neutral,9
these days i feel glad today.,joy,6
it seems i'm really alright right now.,neutral,9
sometimes i feel completely resentful more than usual.,anger,0
sometimes i feel really pressured i don't know why.,stress,11
i am very like i don't matter...,low_self_esteem,8
i feel completely blue right now.,sadness,10
somewhat stressed about my exams...,exam_stress,5
tbh i'm deeply smiling today.,joy,6
lately i feel completely running on empty i don't know why.,burnout,3
lately i feel totally disgusting in the mirror.,body_image_issue,2
"honestly, i'm completely like i don't matter right now.",low_self_esteem,8
i keep feeling extremely furious right now.,anger,0
somewhat like i don't matter.,low_self_esteem,8
today i feel a bit smiling i don't know why.,joy,6
i'm really kind of down.,sadness,10
right now i'm incredibly ugly,body_image_issue,2
these days i feel totally alright today.,neutral,9
i've been somewhat forgotten right now.,loneliness,7
these days i feel not good enough more than usual.,low_self_esteem,8
"honestly, i'm extremely isolated",loneliness,7
sometimes i feel completely swamped right now.,stress,11
lately i feel so alright more than usual.,neutral,9
these days i feel a bit light-hearted honestly.,joy,6
sometimes i feel really buried in tasks lately.,stress,11
sometimes i feel deeply useless lately.,low_self_esteem,8
i think i'm buried in tasks honestly.,stress,11
i just feel incredibly numb...,depression,4
i've been a bit useless...,low_self_esteem,8
i'm deeply like there's no point more than usual.,depression,4
lately i feel so miserable i don't know why.,sadness,10
i keep feeling somewhat under pressure and i can't shake it.,stress,11
i feel kind of insecure about myself these days.,low_self_esteem,8
these days i feel kind of alone...,loneliness,7
sometimes i feel very pressured i don't know why.,stress,11
i feel completely stressed lately.,stress,11
i am really like nothing matters more than usual.,depression,4
i'm really so optimistic lately.,joy,6
i'm deeply pressured these days.,stress,11
i feel kind of stressed about my exams...,exam_stress,5
i'm really extremely overwhelmed by studying...,exam_stress,5
tbh i'm extremely down these days.,sadness,10
it seems i'm a bit unattractive more than usual.,body_image_issue,2
i keep feeling totally scared i'll fail my exam lately.,exam_stress,5
today i feel really enraged lately.,anger,0
it seems i'm somewhat like a failure honestly.,low_self_esteem,8
i've been somewhat ashamed of my body and i can't shake it.,body_image_issue,2
right now i'm uneasy and i can't shake it.,anxiety,1
i am very upset more than usual.,sadness,10
sometimes i feel very overwhelmed by studying more than usual.,exam_stress,5
it seems i'm kind of fuming honestly.,anger,0
it seems i'm really happy honestly.,joy,6
today i feel a bit melancholic right now.,sadness,10
tbh i'm quite depleted more than usual.,burnout,3
i feel quite drained,burnout,3
it seems i'm so delighted today.,joy,6
i feel extremely down lately.,sadness,10
i think i'm completely upset these days.,sadness,10
"honestly, i'm deeply like a burden.",depression,4
i've been really neutral lately.,neutral,9
i keep feeling so sad right now.,sadness,10
tbh i'm kind of in a good mood honestly.,joy,6
i am incredibly horrible about how i look right now.,body_image_issue,2
i've been somewhat worried about the test lately.,exam_stress,5
sometimes i feel very overwhelmed these days.,stress,11
i'm really somewhat angry right now.,anger,0
"honestly, i'm quite frustrated",anger,0
today i feel so balanced honestly.,neutral,9
right now i'm somewhat ashamed of my body lately.,body_image_issue,2
today i feel kind of tearful today.,sadness,10
tbh i'm really pleased lately.,joy,6
incredibly melancholic i don't know why.,sadness,10
tbh i'm incredibly low honestly.,sadness,10
tbh i'm by myself these days.,loneliness,7
i keep feeling totally panicking about finals right now.,exam_stress,5
sometimes i feel incredibly empty lately.,depression,4
i'm kind of under pressure.,stress,11
it seems i'm completely pressured more than usual.,stress,11
right now i'm completely annoyed more than usual.,anger,0
i think i'm totally stressed about my exams i don't know why.,exam_stress,5
tbh i'm quite under pressure i don't know why.,stress,11
i keep feeling somewhat like nobody likes me today.,low_self_esteem,8
it seems i'm extremely panicky lately.,anxiety,1
lately i feel so numb...,depression,4
i am really balanced and i can't shake it.,neutral,9
extremely miserable lately.,sadness,10
i've been a bit annoyed today.,anger,0
i am uneasy lately.,anxiety,1
i feel kind of overwhelmed by studying today.,exam_stress,5
life feels good right now.,joy,6
i keep feeling a bit by myself these days.,loneliness,7
"honestly, i'm completely tense i don't know why.",anxiety,1
i'm really kind of normal...,neutral,9
i'm really quite tearful these days.,sadness,10
really worried about the test right now.,exam_stress,5
i am kind of ashamed of my body...,body_image_issue,2
"honestly, i'm kind of tense from work today.",stress,11
"honestly, i'm deeply content these days.",joy,6
i've been a bit numb more than usual.,depression,4
right now i'm so tense from work more than usual.,stress,11
i'm really so stupid and i can't shake it.,low_self_esteem,8
i've been somewhat worthless i don't know why.,depression,4
i am somewhat ashamed of my body...,body_image_issue,2
"honestly, i'm so apprehensive today.",anxiety,1
i just feel somewhat swamped.,stress,11
quite exhausted from work more than usual.,burnout,3
i've been very low...,sadness,10
right now i'm really overwhelmed by studying.,exam_stress,5
"honestly, i'm kind of scared i'll fail my exam right now.",exam_stress,5
i just feel a bit running on empty today.,burnout,3
i keep feeling quite angry...,anger,0
sometimes i feel really fat more than usual.,body_image_issue,2
sometimes i feel completely swamped and i can't shake it.,stress,11
i am completely uneasy.,anxiety,1
i've been calm right now.,neutral,9
i just feel scared i'll fail my exam...,exam_stress,5
i think i'm incredibly scared i'll fail my exam right now.,exam_stress,5
it seems i'm so gloomy and i can't shake it.,sadness,10
right now i'm so content honestly.,joy,6
today i feel incredibly not good enough,low_self_esteem,8
"honestly, i'm a bit without purpose lately.",depression,4
i feel a bit scared i'll fail my exam,exam_stress,5
i keep feeling quite frustrated.,anger,0
it seems i'm so irritated these days.,anger,0
sometimes i feel deeply empty more than usual.,depression,4
i've been completely stupid i don't know why.,low_self_esteem,8
sometimes i feel completely emotionally exhausted more than usual.,burnout,3
i just feel a bit normal i don't know why.,neutral,9
so pissed off today.,anger,0
i am deeply anxious more than usual.,anxiety,1
"honestly, i'm deeply like i don't matter right now.",low_self_esteem,8
it seems i'm completely worthless i don't know why.,low_self_esteem,8
kind of insecure about myself lately.,low_self_esteem,8
i'm deeply enraged lately.,anger,0
it seems i'm so burnt out and i can't shake it.,burnout,3
i've been extremely like nobody likes me and i can't shake it.,low_self_esteem,8
i just feel incredibly overwhelmed by studying these days.,exam_stress,5
right now i'm completely overwhelmed by studying,exam_stress,5
i am extremely overwhelmed by studying...,exam_stress,5
i just feel kind of run down and i can't shake it.,stress,11
today i feel kind of left out i don't know why.,loneliness,7
so normal...,neutral,9
i feel really resentful honestly.,anger,0
it seems i'm quite blessed these days.,joy,6
i'm really extremely glad i don't know why.,joy,6
sometimes i feel very panicky today.,anxiety,1
i just feel so smiling and i can't shake it.,joy,6
tbh i'm extremely tense from work right now.,stress,11
right now i'm incredibly numb lately.,depression,4
today i feel totally upset right now.,sadness,10
sometimes i feel totally neutral and i can't shake it.,neutral,9
i've been so run down honestly.,stress,11
i'm really completely numb,depression,4
i am really enraged and i can't shake it.,anger,0
i think i'm quite buried in tasks...,stress,11
i think i'm kind of worried about the test today.,exam_stress,5
tbh i'm totally overwhelmed more than usual.,stress,11
i'm a bit thankful...,joy,6
i'm quite hopeless i don't know why.,depression,4
tbh i'm somewhat alone right now.,loneliness,7
i've been kind of normal i don't know why.,neutral,9
tbh i'm deeply burnt out i don't know why.,burnout,3
right now i'm totally disconnected,loneliness,7
it seems i'm very low lately.,sadness,10
i feel very frustrated these days.,anger,0
"honestly, i'm somewhat ashamed of my body and i can't shake it.",body_image_issue,2
i've been somewhat exhausted from work,burnout,3
i keep feeling very disgusting in the mirror these days.,body_image_issue,2
i just feel incredibly anxious lately.,anxiety,1
today i feel really worried about the test today.,exam_stress,5
i'm really smiling honestly.,joy,6
i've been extremely irritated right now.,anger,0
quite pleased,joy,6
sometimes i feel deeply stressed about my exams today.,exam_stress,5
i am completely drained right now.,burnout,3
lately i feel quite low i don't know why.,sadness,10
right now i'm deeply just chilling i don't know why.,neutral,9
lately i feel somewhat optimistic.,joy,6
quite upset right now.,sadness,10
today i feel quite alone right now.,loneliness,7
these days i feel furious honestly.,anger,0
right now i'm a bit anxious about my upcoming exam today.,exam_stress,5
i've been quite drained honestly.,burnout,3
lately i feel really pissed off i don't know why.,anger,0
today i feel completely blue.,sadness,10
i'm really a bit pleased,joy,6
sometimes i feel quite happy lately.,joy,6
i've been so thankful...,joy,6
right now i'm extremely ugly.,body_image_issue,2
i just feel completely like nobody likes me and i can't shake it.,low_self_esteem,8
i keep feeling completely hopeless lately.,depression,4
i am completely angry...,anger,0
"honestly, i'm somewhat resentful and i can't shake it.",anger,0
i keep feeling so worthless more than usual.,depression,4
"honestly, i'm really like nothing matters...",depression,4
i think i'm very anxious today.,anxiety,1
lately i feel really without purpose lately.,depression,4
a bit heartbroken these days.,sadness,10
i just feel deeply horrible about how i look,body_image_issue,2
"honestly, i'm extremely drained right now.",burnout,3
"honestly, i'm extremely melancholic.",sadness,10
sometimes i feel quite stressed about my exams.,exam_stress,5
i'm a bit apprehensive more than usual.,anxiety,1
i've been incredibly okay right now.,neutral,9
i keep feeling so alright i don't know why.,neutral,9
i'm really a bit worthless right now.,depression,4
i've been extremely like nobody likes me.,low_self_esteem,8
right now i'm so worried and i can't shake it.,anxiety,1
i feel deeply worthless today.,depression,4
i've been really at ease right now.,neutral,9
i think i'm a bit horrible about how i look today.,body_image_issue,2
so scared i'll fail my exam these days.,exam_stress,5
i feel a bit balanced i don't know why.,neutral,9
sometimes i feel kind of insecure about my appearance i don't know why.,body_image_issue,2
i think i'm totally annoyed and i can't shake it.,anger,0
i'm really extremely drained and i can't shake it.,burnout,3
i am really melancholic lately.,sadness,10
i feel very tense...,anxiety,1
lately i feel really insecure about my appearance...,body_image_issue,2
tbh i'm extremely worthless today.,low_self_esteem,8
i'm really deeply panicking about finals.,exam_stress,5
today i feel a bit horrible about how i look more than usual.,body_image_issue,2
i've been a bit frustrated these days.,anger,0
i've been incredibly not good enough lately.,low_self_esteem,8
it seems i'm somewhat enraged these days.,anger,0
sometimes i feel totally down more than usual.,sadness,10
i just feel so light-hearted lately.,joy,6
"honestly, i'm somewhat uneasy lately.",anxiety,1
i think i'm totally stressed honestly.,stress,11
right now i'm really empty these days.,depression,4
i feel really ugly right now.,body_image_issue,2
sometimes i feel completely okay,neutral,9
lately i feel really overwhelmed by studying,exam_stress,5
tbh i'm somewhat stressed today.,stress,11
sometimes i feel deeply like there's no point today.,depression,4
i'm totally just chilling more than usual.,neutral,9
i feel incredibly under pressure honestly.,stress,11
tbh i'm really okay,neutral,9
it seems i'm a bit without purpose.,depression,4
i just feel completely angry more than usual.,anger,0
"honestly, i'm very panicking about finals right now.",exam_stress,5
i've been totally delighted lately.,joy,6
i'm a bit exhausted from work...,burnout,3
it seems i'm completely by myself...,loneliness,7
right now i'm quite normal lately.,neutral,9
i just feel kind of anxious about my upcoming exam more than usual.,exam_stress,5
i think i'm really afraid these days.,anxiety,1
sometimes i feel extremely without purpose i don't know why.,depression,4
i'm really a bit ashamed of my body today.,body_image_issue,2
i am somewhat happy more than usual.,joy,6
tbh i'm very blessed.,joy,6
i just feel so insecure about my appearance...,body_image_issue,2
i am kind of furious right now.,anger,0
today i feel quite forgotten,loneliness,7
i've been deeply miserable i don't know why.,sadness,10
today i feel quite stupid.,low_self_esteem,8
today i feel deeply gloomy today.,sadness,10
i just feel totally tense honestly.,anxiety,1
sometimes i feel very drained right now.,burnout,3
i keep feeling really empty,depression,4
i just feel incredibly stupid and i can't shake it.,low_self_esteem,8
i'm really fried today.,burnout,3
i think i'm scared lately.,anxiety,1
i'm really so in a good mood these days.,joy,6
i keep feeling kind of panicky and i can't shake it.,anxiety,1
i think i'm extremely gloomy honestly.,sadness,10
i am incredibly under pressure i don't know why.,stress,11
it seems i'm incredibly neutral more than usual.,neutral,9
insecure about myself today.,low_self_esteem,8
sometimes i feel really disgusting in the mirror honestly.,body_image_issue,2
i just feel completely tearful,sadness,10
i am kind of numb today.,depression,4
today i feel deeply like i don't matter right now.,low_self_esteem,8
i've been somewhat under pressure i don't know why.,stress,11
it seems i'm kind of like a failure lately.,low_self_esteem,8
i just feel extremely overwhelmed.,stress,11
it seems i'm completely overwhelmed by studying more than usual.,exam_stress,5
i am incredibly stressed today.,stress,11
i keep feeling kind of fearful and i can't shake it.,anxiety,1
right now i'm worthless...,low_self_esteem,8
sometimes i feel completely thankful i don't know why.,joy,6
"honestly, i'm quite overwhelmed by studying...",exam_stress,5
i just feel deeply like i don't matter,low_self_esteem,8
i keep feeling extremely scared i'll fail my exam right now.,exam_stress,5
i've been incredibly stressed about my exams lately.,exam_stress,5
right now i'm so run down more than usual.,stress,11
i am useless today.,low_self_esteem,8
i feel deeply overwhelmed by studying honestly.,exam_stress,5
i'm incredibly tense from work more than usual.,stress,11
i just feel deeply running on empty...,burnout,3
i've been really drained.,burnout,3
i just feel kind of empty today.,depression,4
i've been really like nobody likes me honestly.,low_self_esteem,8
i am extremely pleased more than usual.,joy,6
i feel totally low...,sadness,10
deeply overwhelmed by studying and i can't shake it.,exam_stress,5
i'm really so under pressure more than usual.,stress,11
i'm really totally afraid...,anxiety,1
these days i feel very insecure about my appearance...,body_image_issue,2
i've been a bit melancholic today.,sadness,10
tbh i'm a bit not good enough i don't know why.,low_self_esteem,8
very sad these days.,sadness,10
i'm really totally stressed about my exams...,exam_stress,5
today i feel kind of stressed about my exams today.,exam_stress,5
"honestly, i'm totally neutral i don't know why.",neutral,9
i'm really totally invisible...,loneliness,7
i think i'm kind of stressed these days.,stress,11
i think i'm really joyful.,joy,6
i keep feeling totally happy honestly.,joy,6
i am incredibly not good enough.,low_self_esteem,8
i think i'm deeply angry today.,anger,0
right now i'm really upset these days.,sadness,10
i keep feeling kind of emotionally exhausted,burnout,3
i've been completely numb i don't know why.,depression,4
"honestly, i'm really enraged honestly.",anger,0
right now i'm quite normal today.,neutral,9
i think i'm really worried,anxiety,1
i'm afraid today.,anxiety,1
i'm so done with all of this.,anger,0
lately i feel really panicky,anxiety,1
i'm kind of pleased,joy,6
i feel kind of unattractive i don't know why.,body_image_issue,2
tbh i'm done i don't know why.,burnout,3
i think i'm disconnected more than usual.,loneliness,7
these days i feel so useless right now.,low_self_esteem,8
i think i'm kind of invisible these days.,loneliness,7
it seems i'm completely miserable...,sadness,10
"honestly, i'm quite balanced these days.",neutral,9
"honestly, i'm totally by myself right now.",loneliness,7
these days i feel totally under pressure lately.,stress,11
deeply stupid.,low_self_esteem,8
i feel really isolated honestly.,loneliness,7
today i feel kind of annoyed today.,anger,0
i am heartbroken,sadness,10
i keep feeling incredibly isolated more than usual.,loneliness,7
it seems i'm totally just chilling.,neutral,9
i am totally drained of meaning.,depression,4
i'm extremely by myself more than usual.,loneliness,7
i've been really overwhelmed by studying today.,exam_stress,5
these days i feel somewhat anxious,anxiety,1
deeply not good enough these days.,low_self_esteem,8
sometimes i feel so tense.,anxiety,1
i think i'm completely empty,depression,4
it seems i'm a bit shaky these days.,anxiety,1
i just feel extremely unattractive,body_image_issue,2
sometimes i feel a bit fat.,body_image_issue,2
i am totally pressured more than usual.,stress,11
i am so stupid,low_self_esteem,8
sometimes i feel numb these days.,depression,4
i feel very down i don't know why.,sadness,10
tbh i'm so neutral...,neutral,9
it seems i'm really alone and i can't shake it.,loneliness,7
it seems i'm totally neutral more than usual.,neutral,9
i keep feeling so fried right now.,burnout,3
lately i feel completely stupid...,low_self_esteem,8
i've been a bit worthless.,depression,4
lately i feel totally miserable lately.,sadness,10
i've been so drained of meaning these days.,depression,4
lately i feel kind of horrible about how i look honestly.,body_image_issue,2
these days i feel somewhat grateful more than usual.,joy,6
i am really worried lately.,anxiety,1
i feel totally like i don't matter and i can't shake it.,low_self_esteem,8
i keep feeling totally unattractive...,body_image_issue,2
i think i'm kind of apprehensive.,anxiety,1
i feel deeply disconnected today.,loneliness,7
i'm panicky these days.,anxiety,1
today i feel a bit ugly lately.,body_image_issue,2
i've been extremely balanced lately.,neutral,9
i think i'm a bit okay.,neutral,9
i'm really totally mad,anger,0
today i feel very lonely,loneliness,7
right now i'm kind of furious,anger,0
sometimes i feel totally fearful honestly.,anxiety,1
"honestly, i'm a bit miserable.",sadness,10
these days i feel really run down...,stress,11
sometimes i feel kind of joyful and i can't shake it.,joy,6
i keep feeling extremely tearful today.,sadness,10
i'm incredibly worried about the test.,exam_stress,5
right now i'm a bit emotionally exhausted these days.,burnout,3
today i feel quite hopeless right now.,depression,4
i've been a bit left out more than usual.,loneliness,7
i'm really a bit annoyed.,anger,0
kind of furious more than usual.,anger,0
i'm really panicking about finals right now.,exam_stress,5
i keep feeling kind of enraged.,anger,0
i am quite insecure about my appearance and i can't shake it.,body_image_issue,2
extremely upset,sadness,10
so like there's no point lately.,depression,4
i just feel completely worried about the test.,exam_stress,5
today i feel incredibly fat honestly.,body_image_issue,2
i am left out more than usual.,loneliness,7
today i feel a bit isolated these days.,loneliness,7
tbh i'm totally enraged lately.,anger,0
"honestly, i'm really not good enough i don't know why.",low_self_esteem,8
these days i feel really like i don't matter lately.,low_self_esteem,8
totally isolated more than usual.,loneliness,7
today i feel extremely hopeless these days.,depression,4
right now i'm extremely stupid today.,low_self_esteem,8
i think i'm somewhat disconnected...,loneliness,7
these days i feel incredibly fuming honestly.,anger,0
sometimes i feel kind of numb right now.,depression,4
i just feel deeply like giving up more than usual.,depression,4
lately i feel worried about the test more than usual.,exam_stress,5
i think i'm deeply forgotten right now.,loneliness,7
today i feel really anxious more than usual.,anxiety,1
sometimes i feel totally done i don't know why.,burnout,3
tbh i'm so insecure about my appearance i don't know why.,body_image_issue,2
these days i feel a bit hopeless these days.,depression,4
i think i'm deeply worthless more than usual.,low_self_esteem,8
sometimes i feel kind of without purpose these days.,depression,4
quite depleted i don't know why.,burnout,3
today i feel quite left out lately.,loneliness,7
these days i feel deeply scared i'll fail my exam lately.,exam_stress,5
today i feel a bit ashamed of my body today.,body_image_issue,2
right now i'm really disgusting in the mirror lately.,body_image_issue,2
i keep feeling a bit worthless right now.,low_self_esteem,8
i am insecure about my appearance i don't know why.,body_image_issue,2
tbh i'm completely useless these days.,low_self_esteem,8
i'm completely anxious about my upcoming exam right now.,exam_stress,5
i'm really incredibly by myself,loneliness,7
i think i'm deeply okay today.,neutral,9
these days i feel very ugly,body_image_issue,2
incredibly not good enough more than usual.,low_self_esteem,8
i've been panicking about finals and i can't shake it.,exam_stress,5
tbh i'm incredibly light-hearted,joy,6
today i feel really resentful honestly.,anger,0
sometimes i feel really forgotten right now.,loneliness,7
totally panicky and i can't shake it.,anxiety,1
i've been quite emotionally exhausted today.,burnout,3
tbh i'm extremely run down,stress,11
these days i feel a bit glad these days.,joy,6
these days i feel frustrated today.,anger,0
"honestly, i'm completely invisible honestly.",loneliness,7
i'm really a bit overwhelmed i don't know why.,stress,11
today i feel a bit useless more than usual.,low_self_esteem,8
"honestly, i'm completely like nothing matters these days.",depression,4
i've been so scared these days.,anxiety,1
i think i'm deeply anxious i don't know why.,anxiety,1
i'm quite panicky,anxiety,1
today i feel ugly,body_image_issue,2
"honestly, i'm so low today.",sadness,10
sometimes i feel kind of enraged today.,anger,0
exhausted from work and i can't shake it.,burnout,3
these days i feel somewhat like a failure.,low_self_esteem,8
lately i feel kind of panicking about finals today.,exam_stress,5
these days i feel kind of like giving up.,depression,4
it seems i'm kind of fuming right now.,anger,0
i just feel so on edge.,anxiety,1
i just feel totally content lately.,joy,6
quite alone.,loneliness,7
lately i feel kind of alright these days.,neutral,9
lately i feel ashamed of my body more than usual.,body_image_issue,2
these days i feel so sad these days.,sadness,10
these days i feel deeply unattractive,body_image_issue,2
it seems i'm quite anxious about my upcoming exam lately.,exam_stress,5
i just feel quite like i don't matter more than usual.,low_self_esteem,8
i've been kind of like there's no point and i can't shake it.,depression,4
i keep feeling incredibly useless lately.,low_self_esteem,8
these days i feel very panicky honestly.,anxiety,1
i'm really totally left out and i can't shake it.,loneliness,7
right now i'm very tense honestly.,anxiety,1
i think i'm a bit calm...,neutral,9
"honestly, i'm kind of lonely honestly.",loneliness,7
right now i'm somewhat like a burden honestly.,depression,4
i am extremely fine,neutral,9
i'm really very anxious these days.,anxiety,1
i'm extremely like a failure right now.,low_self_esteem,8
right now i'm deeply tense honestly.,anxiety,1
really okay.,neutral,9
i just feel incredibly tense from work right now.,stress,11
i am kind of stressed and i can't shake it.,stress,11
i keep feeling totally ugly honestly.,body_image_issue,2
a bit pissed off right now.,anger,0
i think i'm a bit resentful right now.,anger,0
ugly more than usual.,body_image_issue,2
deeply useless right now.,low_self_esteem,8
i've been really insecure about my appearance honestly.,body_image_issue,2
i think i'm really ugly,body_image_issue,2
i'm so anxious about my upcoming exam these days.,exam_stress,5
deeply emotionally exhausted right now.,burnout,3
it seems i'm totally under pressure today.,stress,11
"honestly, i'm totally pleased i don't know why.",joy,6
"honestly, i'm very isolated and i can't shake it.",loneliness,7
i think i'm really just chilling...,neutral,9
i'm really totally empty honestly.,depression,4
today i feel totally pressured these days.,stress,11
i am extremely at ease i don't know why.,neutral,9
right now i'm totally stupid i don't know why.,low_self_esteem,8
i'm really very not good enough and i can't shake it.,low_self_esteem,8
i just feel incredibly like nothing matters.,depression,4
i feel extremely like a failure these days.,low_self_esteem,8
extremely overwhelmed today.,stress,11
tbh i'm deeply on edge.,anxiety,1
i've been a bit down,sadness,10
it seems i'm totally uneasy honestly.,anxiety,1
it seems i'm totally optimistic i don't know why.,joy,6
sometimes i feel completely calm.,neutral,9
i think i'm deeply invisible,loneliness,7
i feel extremely disgusting in the mirror i don't know why.,body_image_issue,2
i think i'm done these days.,burnout,3
i keep feeling really afraid lately.,anxiety,1
sometimes i feel quite stressed about my exams lately.,exam_stress,5
i keep feeling a bit ugly...,body_image_issue,2
sometimes i feel so under pressure lately.,stress,11
sometimes i feel a bit normal right now.,neutral,9
"honestly, i'm somewhat like there's no point.",depression,4
i'm really really alright lately.,neutral,9
i am totally furious these days.,anger,0
it seems i'm completely alright more than usual.,neutral,9
i just feel totally normal honestly.,neutral,9
i keep feeling completely fine these days.,neutral,9
i feel incredibly by myself honestly.,loneliness,7
i feel swamped...,stress,11
right now i'm deeply like i don't matter honestly.,low_self_esteem,8
i am extremely like i don't matter lately.,low_self_esteem,8
"honestly, i'm stupid i don't know why.",low_self_esteem,8
i've been anxious about my upcoming exam,exam_stress,5
right now i'm incredibly fine.,neutral,9
i think i'm so upset lately.,sadness,10
i've been really disgusting in the mirror i don't know why.,body_image_issue,2
these days i feel somewhat pissed off these days.,anger,0
tbh why would anyone want to be around me...,low_self_esteem,8
"honestly, i'm stressed about my exams today.",exam_stress,5
extremely drained right now.,burnout,3
i am incredibly panicky lately.,anxiety,1
sometimes i feel really emotionally exhausted these days.,burnout,3
tbh i'm completely frustrated right now.,anger,0
it seems i'm really depleted and i can't shake it.,burnout,3
i think i'm somewhat depleted.,burnout,3
i'm really incredibly running on empty and i can't shake it.,burnout,3
i feel somewhat insecure about my appearance right now.,body_image_issue,2
it seems i'm totally cheerful these days.,joy,6
i think i'm so scared i'll fail my exam more than usual.,exam_stress,5
today i feel totally scared i'll fail my exam lately.,exam_stress,5
right now i'm deeply burnt out and i can't shake it.,burnout,3
these days i feel really like a burden right now.,depression,4
i've been completely blue lately.,sadness,10
lately i feel somewhat panicking about finals today.,exam_stress,5
sometimes i feel so like nobody likes me right now.,low_self_esteem,8
i'm deeply worthless.,depression,4
it seems i'm extremely depleted and i can't shake it.,burnout,3
it seems i'm very smiling today.,joy,6
i think i'm tearful...,sadness,10
sometimes i feel fat.,body_image_issue,2
i've been kind of sad...,sadness,10
i think i'm really mad and i can't shake it.,anger,0
i'm quite disgusting in the mirror right now.,body_image_issue,2
i keep feeling very ashamed of my body lately.,body_image_issue,2
today i feel very just chilling right now.,neutral,9
i just feel very panicking about finals today.,exam_stress,5
tbh i'm so scared lately.,anxiety,1
right now i'm completely optimistic more than usual.,joy,6
tbh i'm quite fried these days.,burnout,3
it seems i'm so anxious about my upcoming exam and i can't shake it.,exam_stress,5
so running on empty...,burnout,3
i'm really extremely insecure about myself more than usual.,low_self_esteem,8
it seems i'm totally emotionally exhausted more than usual.,burnout,3
today i feel very stressed honestly.,stress,11
sometimes i feel incredibly run down right now.,stress,11
tbh i'm completely ugly and i can't shake it.,body_image_issue,2
"honestly, i'm extremely just chilling and i can't shake it.",neutral,9
today i feel very insecure about myself honestly.,low_self_esteem,8
extremely like a failure right now.,low_self_esteem,8
i keep feeling totally by myself today.,loneliness,7
today i feel totally worthless right now.,low_self_esteem,8
i'm really very useless honestly.,low_self_esteem,8
i've been completely left out i don't know why.,loneliness,7
"honestly, i'm really okay right now.",neutral,9
i feel incredibly annoyed...,anger,0
i've been quite drained of meaning honestly.,depression,4
i just feel incredibly delighted lately.,joy,6
really down i don't know why.,sadness,10
i keep feeling somewhat like i don't matter.,low_self_esteem,8
miserable more than usual.,sadness,10
these days i feel by myself lately.,loneliness,7
i keep feeling completely mad today.,anger,0
these days i feel a bit pleased and i can't shake it.,joy,6
somewhat unhappy today.,sadness,10
it seems i'm extremely alone...,loneliness,7
i think i'm very fuming...,anger,0
sometimes i feel really running on empty...,burnout,3
tbh i'm a bit pressured lately.,stress,11
right now i'm somewhat like nobody likes me more than usual.,low_self_esteem,8
i keep feeling extremely angry today.,anger,0
tbh i'm extremely heartbroken more than usual.,sadness,10
these days i feel so overwhelmed by studying honestly.,exam_stress,5
these days i feel totally alone,loneliness,7
today i feel totally frustrated these days.,anger,0
i'm really incredibly down and i can't shake it.,sadness,10
i just feel really shaky more than usual.,anxiety,1
these days i feel extremely pressured these days.,stress,11
tbh i'm really depleted more than usual.,burnout,3
i think i'm kind of unhappy and i can't shake it.,sadness,10
it seems i'm extremely joyful these days.,joy,6
i am completely horrible about how i look honestly.,body_image_issue,2
i think i'm kind of pleased...,joy,6
i'm extremely by myself these days.,loneliness,7
i think i'm deeply ashamed of my body i don't know why.,body_image_issue,2
right now i'm a bit delighted these days.,joy,6
right now i'm really blue right now.,sadness,10
sometimes i feel a bit hopeless i don't know why.,depression,4
i keep feeling quite panicking about finals these days.,exam_stress,5
sometimes i feel completely unattractive more than usual.,body_image_issue,2
it seems i'm really swamped.,stress,11
i keep feeling really horrible about how i look these days.,body_image_issue,2
i just feel by myself.,loneliness,7
i think i'm totally run down more than usual.,stress,11
"honestly, i'm anxious about my upcoming exam more than usual.",exam_stress,5
so frustrated these days.,anger,0
ngl i can't stop overthinking everything :(,anxiety,1
these days i feel so horrible about how i look.,body_image_issue,2
lately i feel somewhat frustrated and i can't shake it.,anger,0
lately i feel so stressed about my exams.,exam_stress,5
tbh i'm completely like a failure honestly.,low_self_esteem,8
today i feel very lonely honestly.,loneliness,7
tbh i'm quite alright more than usual.,neutral,9
incredibly without purpose i don't know why.,depression,4
i just feel so okay honestly.,neutral,9
it seems i'm so low these days.,sadness,10
sometimes i feel incredibly disconnected lately.,loneliness,7
it seems i'm somewhat joyful...,joy,6
these days i feel totally fearful more than usual.,anxiety,1
sometimes i feel very running on empty right now.,burnout,3
i think i'm so pressured...,stress,11
it seems i'm totally enraged right now.,anger,0
i've been extremely heartbroken i don't know why.,sadness,10
i've been very alright right now.,neutral,9
"honestly, i'm deeply fried honestly.",burnout,3
i just feel extremely panicking about finals today.,exam_stress,5
completely not good enough honestly.,low_self_esteem,8
"honestly, i'm a bit under pressure",stress,11
"honestly, i'm kind of tearful",sadness,10
lately i feel somewhat running on empty right now.,burnout,3
these days i feel extremely ashamed of my body,body_image_issue,2
right now i'm really worried.,anxiety,1
quite irritated honestly.,anger,0
i feel totally buried in tasks lately.,stress,11
i just feel kind of upset today.,sadness,10
i keep feeling quite blessed and i can't shake it.,joy,6
i just feel completely tense from work more than usual.,stress,11
tbh i'm incredibly heartbroken...,sadness,10
i just feel very isolated and i can't shake it.,loneliness,7
tbh i'm completely unattractive,body_image_issue,2
sometimes i feel kind of like a failure right now.,low_self_esteem,8
panicking about finals.,exam_stress,5
i'm really a bit delighted i don't know why.,joy,6
i think i'm really worried about the test today.,exam_stress,5
i think i'm extremely insecure about my appearance...,body_image_issue,2
i am so empty these days.,depression,4
i've been kind of swamped right now.,stress,11
"honestly, i'm quite fuming today.",anger,0
right now i'm incredibly like giving up today.,depression,4
i'm really incredibly frustrated more than usual.,anger,0
these days i feel completely gloomy i don't know why.,sadness,10
tbh i'm alone today.,loneliness,7
today i feel very like nobody likes me i don't know why.,low_self_esteem,8
i just feel quite depleted lately.,burnout,3
i'm really somewhat empty...,depression,4
today i feel extremely anxious.,anxiety,1
right now i'm completely alone right now.,loneliness,7
right now i'm deeply forgotten these days.,loneliness,7
tbh i'm totally smiling today.,joy,6
lately i feel really panicky more than usual.,anxiety,1
i'm extremely worthless honestly.,depression,4
tbh i'm quite disgusting in the mirror,body_image_issue,2
"honestly, i'm so isolated these days.",loneliness,7
it seems i'm really empty these days.,depression,4
it seems i'm very smiling more than usual.,joy,6
tbh i'm deeply fine these days.,neutral,9
right now i'm incredibly like nobody likes me more than usual.,low_self_esteem,8
sometimes i feel quite disgusting in the mirror,body_image_issue,2
i feel somewhat worried.,anxiety,1
these days i feel so just chilling lately.,neutral,9
right now i'm so ugly these days.,body_image_issue,2
i've been deeply normal these days.,neutral,9
somewhat alone and i can't shake it.,loneliness,7
these days i feel so overwhelmed by studying these days.,exam_stress,5
these days i feel extremely empty,depression,4
lately i feel very blue i don't know why.,sadness,10
sometimes i feel completely insecure about my appearance i don't know why.,body_image_issue,2
i just feel kind of grateful...,joy,6
today i feel completely stressed,stress,11
i feel resentful.,anger,0
i've been totally hopeless honestly.,depression,4
sometimes i feel very okay i don't know why.,neutral,9
i'm quite worthless today.,low_self_esteem,8
sometimes i feel so without purpose i don't know why.,depression,4
"honestly, i'm kind of ashamed of my body honestly.",body_image_issue,2
"honestly, i'm kind of fried.",burnout,3
it seems i'm so grateful i don't know why.,joy,6
these days i feel really forgotten right now.,loneliness,7
right now i'm very under pressure right now.,stress,11
kind of pressured today.,stress,11
i just feel so smiling.,joy,6
i've been kind of not good enough these days.,low_self_esteem,8
i just feel incredibly unattractive i don't know why.,body_image_issue,2
i'm kind of disgusting in the mirror these days.,body_image_issue,2
"honestly, i'm really at ease honestly.",neutral,9
i am totally blue and i can't shake it.,sadness,10
it seems i'm incredibly ashamed of my body right now.,body_image_issue,2
i just feel incredibly tearful honestly.,sadness,10
miserable i don't know why.,sadness,10
it seems i'm deeply left out and i can't shake it.,loneliness,7
it seems i'm deeply stressed about my exams.,exam_stress,5
right now i'm totally like i don't matter i don't know why.,low_self_esteem,8
i am so exhausted from work.,burnout,3
these days i feel extremely neutral right now.,neutral,9
i think i'm incredibly without purpose and i can't shake it.,depression,4
sometimes i feel quite insecure about myself and i can't shake it.,low_self_esteem,8
i'm really totally like a failure lately.,low_self_esteem,8
i'm completely exhausted from work these days.,burnout,3
i just feel incredibly like i don't matter today.,low_self_esteem,8
i'm incredibly drained of meaning more than usual.,depression,4
i am completely uneasy more than usual.,anxiety,1
sometimes i feel very isolated honestly.,loneliness,7
i feel kind of insecure about myself...,low_self_esteem,8
i feel deeply tearful honestly.,sadness,10
i think i'm quite stressed about my exams lately.,exam_stress,5
i am really fearful.,anxiety,1
it seems i'm incredibly mad lately.,anger,0
sometimes i feel kind of thankful and i can't shake it.,joy,6
sometimes i feel incredibly upset,sadness,10
today i feel somewhat at ease...,neutral,9
i keep feeling incredibly pleased today.,joy,6
i'm really quite annoyed these days.,anger,0
these days i feel completely burnt out lately.,burnout,3
today i feel somewhat panicking about finals i don't know why.,exam_stress,5
i feel really ugly today.,body_image_issue,2
i think i'm extremely pleased...,joy,6
i've been extremely pleased honestly.,joy,6
i just feel somewhat neutral right now.,neutral,9
i'm really quite exhausted from work.,burnout,3
these days i feel totally left out i don't know why.,loneliness,7
completely ashamed of my body i don't know why.,body_image_issue,2
today i feel very ugly...,body_image_issue,2
kind of mad...,anger,0
i've been completely angry more than usual.,anger,0
sometimes i feel extremely fat,body_image_issue,2
sometimes i feel really delighted i don't know why.,joy,6
tbh i'm totally okay and i can't shake it.,neutral,9
i am somewhat light-hearted more than usual.,joy,6
lately i feel incredibly drained these days.,burnout,3
i'm extremely unhappy i don't know why.,sadness,10
sometimes i feel totally grateful these days.,joy,6
right now i'm somewhat numb,depression,4
i'm really completely melancholic,sadness,10
i've been very calm honestly.,neutral,9
i keep feeling quite blue.,sadness,10
"honestly, i'm deeply nervous",anxiety,1
these days i feel kind of normal,neutral,9
i think i'm totally apprehensive i don't know why.,anxiety,1
sometimes i feel done more than usual.,burnout,3
completely run down i don't know why.,stress,11
today i feel kind of done these days.,burnout,3
completely overwhelmed by studying...,exam_stress,5
today i feel completely neutral right now.,neutral,9
sometimes i feel a bit ashamed of my body today.,body_image_issue,2
i just feel so frustrated i don't know why.,anger,0
i keep feeling kind of panicky...,anxiety,1
i'm really somewhat invisible.,loneliness,7
these days i feel kind of running on empty lately.,burnout,3
it seems i'm deeply like i don't matter today.,low_self_esteem,8
i'm really very neutral today.,neutral,9
i think i'm quite emotionally exhausted right now.,burnout,3
i am deeply gloomy lately.,sadness,10
it seems i'm really running on empty honestly.,burnout,3
i've been completely heartbroken more than usual.,sadness,10
i've been a bit like giving up and i can't shake it.,depression,4
it seems i'm so overwhelmed today.,stress,11
tbh i keep blanking on the material.,exam_stress,5
today i feel kind of by myself more than usual.,loneliness,7
right now i'm a bit exhausted from work.,burnout,3
right now i'm totally frustrated honestly.,anger,0
today i feel very pissed off and i can't shake it.,anger,0
it seems i'm a bit stressed today.,stress,11
i am deeply delighted right now.,joy,6
"honestly, i'm drained of meaning right now.",depression,4
i'm really totally hopeless,depression,4
i am somewhat stressed about my exams,exam_stress,5
today i feel incredibly pleased and i can't shake it.,joy,6
i keep feeling incredibly down today.,sadness,10
i am totally pressured and i can't shake it.,stress,11
it seems i'm deeply anxious about my upcoming exam lately.,exam_stress,5
tbh i'm somewhat pressured right now.,stress,11
lately i feel somewhat sad and i can't shake it.,sadness,10
right now i'm completely thankful,joy,6
i'm deeply forgotten honestly.,loneliness,7
i keep feeling fat honestly.,body_image_issue,2
i'm really kind of like giving up and i can't shake it.,depression,4
i keep feeling somewhat alone...,loneliness,7
i feel kind of exhausted from work right now.,burnout,3
today i feel deeply overwhelmed by studying lately.,exam_stress,5
really thankful right now.,joy,6
right now i'm really annoyed lately.,anger,0
i think i'm quite just chilling.,neutral,9
somewhat by myself,loneliness,7
i just feel smiling these days.,joy,6
i've been disconnected these days.,loneliness,7
i've been quite overwhelmed,stress,11
today i feel very balanced today.,neutral,9
a bit left out right now.,loneliness,7
a bit stupid,low_self_esteem,8
i feel somewhat scared more than usual.,anxiety,1
tbh i'm panicking about finals i don't know why.,exam_stress,5
i'm really quite at ease right now.,neutral,9
right now i'm really panicky more than usual.,anxiety,1
i've been horrible about how i look and i can't shake it.,body_image_issue,2
i'm really fine i don't know why.,neutral,9
lately i feel extremely panicking about finals more than usual.,exam_stress,5
it seems i'm kind of smiling more than usual.,joy,6
i think i'm incredibly low more than usual.,sadness,10
right now i'm somewhat stressed about my exams right now.,exam_stress,5
tbh i'm quite normal honestly.,neutral,9
tbh i'm incredibly done lately.,burnout,3
tbh i'm really anxious,anxiety,1
right now i'm incredibly like nobody likes me honestly.,low_self_esteem,8
i just feel very done today.,burnout,3
i am incredibly like giving up i don't know why.,depression,4
i just feel deeply gloomy today.,sadness,10
lately i feel somewhat burnt out today.,burnout,3
sometimes i feel extremely at ease,neutral,9
i keep feeling totally nervous honestly.,anxiety,1
i think i'm very insecure about myself more than usual.,low_self_esteem,8
tbh i'm very overwhelmed today.,stress,11
i think i'm quite ashamed of my body right now.,body_image_issue,2
"honestly, i'm really like nothing matters lately.",depression,4
i think i'm incredibly panicking about finals lately.,exam_stress,5
lately i feel somewhat nervous more than usual.,anxiety,1
i'm kind of pressured more than usual.,stress,11
i keep feeling really not good enough.,low_self_esteem,8
right now i'm very ugly and i can't shake it.,body_image_issue,2
these days i feel extremely just chilling right now.,neutral,9
today i feel deeply stressed right now.,stress,11
really blessed i don't know why.,joy,6
sometimes i feel fearful today.,anxiety,1
tbh i'm quite upset and i can't shake it.,sadness,10
i feel incredibly insecure about my appearance these days.,body_image_issue,2
i think i'm extremely at ease right now.,neutral,9
i feel so horrible about how i look right now.,body_image_issue,2
sometimes i feel quite stupid lately.,low_self_esteem,8
i am somewhat worried about the test.,exam_stress,5
i feel so worried about the test today.,exam_stress,5
i feel so neutral,neutral,9
i am really alone and i can't shake it.,loneliness,7
i think i'm completely done and i can't shake it.,burnout,3
i'm somewhat overwhelmed by studying today.,exam_stress,5
tbh i'm totally happy i don't know why.,joy,6
sometimes i feel deeply unattractive right now.,body_image_issue,2
sometimes i feel quite hopeless today.,depression,4
tbh i'm totally run down and i can't shake it.,stress,11
i'm kind of under pressure these days.,stress,11
i am blue and i can't shake it.,sadness,10
these days i feel very left out i don't know why.,loneliness,7
"honestly, i'm incredibly scared today.",anxiety,1
tbh i'm deeply just chilling these days.,neutral,9
i am totally nervous...,anxiety,1
tbh i'm gloomy right now.,sadness,10
tbh i'm quite running on empty.,burnout,3
tbh i'm having coffee and relaxing :(,neutral,9
i think i'm extremely stressed about my exams honestly.,exam_stress,5
i'm really stressed about my exams right now.,exam_stress,5
i'm really on edge right now.,anxiety,1
tbh i'm somewhat swamped right now.,stress,11
"honestly, i'm deeply in a good mood...",joy,6
i've been somewhat forgotten honestly.,loneliness,7
today i feel extremely glad honestly.,joy,6
i keep feeling a bit under pressure,stress,11
i just feel extremely sad today.,sadness,10
sometimes i feel incredibly shaky i don't know why.,anxiety,1
incredibly like a burden and i can't shake it.,depression,4
"honestly, i'm so normal honestly.",neutral,9
it seems i'm completely heartbroken and i can't shake it.,sadness,10
"honestly, i'm kind of ugly i don't know why.",body_image_issue,2
lately i feel a bit invisible i don't know why.,loneliness,7
today i feel kind of unattractive right now.,body_image_issue,2
i just feel extremely stressed about my exams i don't know why.,exam_stress,5
these days i feel completely ugly,body_image_issue,2
i am completely stressed right now.,stress,11
"honestly, i feel completely empty inside :(",depression,4
tbh i'm so calm these days.,neutral,9
i keep feeling very disconnected lately.,loneliness,7
right now i'm totally at ease today.,neutral,9
lately i feel incredibly content today.,joy,6
today i feel totally worthless and i can't shake it.,depression,4
i've been somewhat anxious about my upcoming exam i don't know why.,exam_stress,5
sometimes i feel incredibly neutral.,neutral,9
i'm really completely alone more than usual.,loneliness,7
very stressed right now.,stress,11
lately i feel really numb i don't know why.,depression,4
right now i'm somewhat fat honestly.,body_image_issue,2
i think i'm extremely normal...,neutral,9
tbh i'm quite pressured these days.,stress,11
i've been totally exhausted from work and i can't shake it.,burnout,3
tbh i have no real talents...,low_self_esteem,8
i am a bit melancholic today.,sadness,10
i feel burnt out these days.,burnout,3
i keep feeling somewhat resentful right now.,anger,0
"honestly, i'm ashamed of my body and i can't shake it.",body_image_issue,2
totally just chilling these days.,neutral,9
today i feel deeply hopeless more than usual.,depression,4
i'm a bit scared i'll fail my exam and i can't shake it.,exam_stress,5
right now i'm completely optimistic right now.,joy,6
lately i feel somewhat irritated today.,anger,0
today i feel somewhat burnt out.,burnout,3
it seems i'm very running on empty more than usual.,burnout,3
i feel a bit run down and i can't shake it.,stress,11
i am quite nervous today.,anxiety,1
these days i feel deeply exhausted from work more than usual.,burnout,3
sometimes i feel completely depleted and i can't shake it.,burnout,3
i've been quite buried in tasks lately.,stress,11
"honestly, i'm a bit blessed.",joy,6
i just feel kind of not good enough right now.,low_self_esteem,8
low lately.,sadness,10
i'm very calm i don't know why.,neutral,9
these days i feel at ease today.,neutral,9
right now i'm so fearful right now.,anxiety,1
i just feel completely drained today.,burnout,3
i'm really deeply irritated i don't know why.,anger,0
lately i feel quite stressed i don't know why.,stress,11
really low,sadness,10
i'm really really not good enough lately.,low_self_esteem,8
i keep feeling somewhat nervous lately.,anxiety,1
i think i'm totally shaky lately.,anxiety,1
i just feel very resentful right now.,anger,0
i feel so lonely,loneliness,7
right now i'm panicky honestly.,anxiety,1
i think i'm extremely by myself...,loneliness,7
lately i feel kind of swamped i don't know why.,stress,11
i've been so stressed about my exams these days.,exam_stress,5
i think i'm completely ugly honestly.,body_image_issue,2
it seems i'm very by myself right now.,loneliness,7
i'm really totally run down...,stress,11
tbh i'm completely fuming more than usual.,anger,0
lately i feel really angry lately.,anger,0
it seems i'm blessed i don't know why.,joy,6
i think i'm extremely tense from work more than usual.,stress,11
these days i feel a bit annoyed these days.,anger,0
i've been so alright.,neutral,9
i just feel incredibly worried about the test right now.,exam_stress,5
i'm really so run down,stress,11
i think i'm somewhat ashamed of my body i don't know why.,body_image_issue,2
so cheerful i don't know why.,joy,6
tbh i'm deeply cheerful i don't know why.,joy,6
tbh i'm really run down today.,stress,11
i'm so uneasy...,anxiety,1
i think i'm incredibly panicky i don't know why.,anxiety,1
i keep feeling really horrible about how i look right now.,body_image_issue,2
i think i'm kind of tearful lately.,sadness,10
i think i'm extremely sad lately.,sadness,10
i just feel so down lately.,sadness,10
lately i feel very fine today.,neutral,9
sometimes i feel kind of disgusting in the mirror honestly.,body_image_issue,2
i keep feeling incredibly anxious about my upcoming exam today.,exam_stress,5
i feel quite overwhelmed.,stress,11
right now i'm really insecure about my appearance...,body_image_issue,2
these days i feel a bit like a failure lately.,low_self_esteem,8
i think i'm really apprehensive today.,anxiety,1
i'm really incredibly joyful and i can't shake it.,joy,6
"honestly, i finally feel at peace and happy :(",joy,6
i think i'm very content these days.,joy,6
i've been incredibly run down.,stress,11
right now i'm totally invisible...,loneliness,7
i feel a bit left out honestly.,loneliness,7
i'm really like a failure today.,low_self_esteem,8
right now i'm kind of just chilling lately.,neutral,9
i think i'm deeply alright,neutral,9
i had such a wonderful time :(,joy,6
really empty.,depression,4
i keep feeling extremely panicky right now.,anxiety,1
i am a bit stupid right now.,low_self_esteem,8
horrible about how i look these days.,body_image_issue,2
today i feel a bit fuming these days.,anger,0
i keep feeling uneasy i don't know why.,anxiety,1
i feel totally fine lately.,neutral,9
i keep feeling deeply numb these days.,depression,4
lately i feel so burnt out today.,burnout,3
i think i'm kind of low and i can't shake it.,sadness,10
lately i feel deeply insecure about myself these days.,low_self_esteem,8
tbh i'm somewhat joyful,joy,6
i feel very done.,burnout,3
deeply okay these days.,neutral,9
i feel a bit panicking about finals these days.,exam_stress,5
these days i feel very unhappy right now.,sadness,10
i think i'm quite worthless honestly.,depression,4
i'm irritated right now.,anger,0
tbh i want to scream,anger,0
incredibly anxious more than usual.,anxiety,1
right now i'm extremely furious,anger,0
i am extremely disconnected.,loneliness,7
i'm a bit calm today.,neutral,9
today i feel completely pissed off i don't know why.,anger,0
it seems i'm a bit drained of meaning these days.,depression,4
"honestly, i'm a bit shaky today.",anxiety,1
i've been extremely burnt out these days.,burnout,3
i keep feeling very apprehensive these days.,anxiety,1
i keep feeling completely disgusting in the mirror,body_image_issue,2
i think i'm a bit unattractive,body_image_issue,2
i am extremely furious these days.,anger,0
i think i'm a bit useless right now.,low_self_esteem,8
it seems i'm really mad,anger,0
i am so just chilling and i can't shake it.,neutral,9
i think i'm somewhat scared more than usual.,anxiety,1
i keep feeling very swamped today.,stress,11
