text,intent,label
"right now, things are tense at home",family-issues,50
"today, i've been stressed",stressed,91
can you help me i want to set new goals?,goal-setting,53
could you help me you're repeating what you said?,repeat,84
where can i get crisis help in simple words?,crisis-resources,14
guide me to exams,default,16
could you tell me what does it mean to have a mental illness please please for me?,fact-8,49
could you tell me what should i do if i know someone who appears to have the symptoms of a mental disorder?,fact-13,24
i have a question: i have a question: i have a question: do i need therapy in simple words?,fact-7,48
give me a simple definition of a fact about mental health?,mental-health-fact,69
i need help to i have no time,time-management,96
i want help with teach me a breathing exercise,breathing-exercise,8
help me understand what treatment options r available?,fact-15,26
can you explain how to tell me a fact about mental health?,mental-health-fact,69
why should i keep going briefly?,motivation,71
"honestly, i feel stressed about money",financial-problems,51
what is the difference between mental health professionals for me?,fact-17,28
give me advice about i can't stand you,hate-you,60
could you tell me can you tell me what r some of the warning signs of mental illness?,fact-11,22
i want help with yeah you're right. i deserve a break,user-agree,100
quick question: what does a therapist do in simple words clearly?,fact-6,47
i have a question: am i suffering from depression clearly briefly clearly?,fact-5,46
i have a question: are you even listening?,stupid,92
give me advice about i'm always busy,time-management,96
quick question: ok?,casual,10
i have a question: where should i look for a support group clearly for me in simple words?,fact-24,36
any tips to know if i'm unwell briefly for me please clearly?,fact-29,41
take care,goodbye,54
can you help me i procrastinate too much?,discipline,18
what do i do if i'm worried about my mental health in simple words for me briefly?,fact-28,40
help me understand what are the different types of mental health professionals for me?,fact-23,35
i need help to i feel thankful,gratitude,55
can you tell me what do you specialize in?,skill,87
give me advice about i need to set some goals,goal-setting,53
can you explain how to tell me about therapy in simple words?,therapy,95
can people with mental illness recover clearly clearly?,fact-12,23
are there cures for mental health problems in simple words in simple words?,fact-26,38
"quick question: if i become involved in treatment, what do i need to know for me briefly?",fact-16,27
i'm feeling low lately,sad,85
"to be honest, i feel stressed about money",financial-problems,51
i am really stressed about school,academic-stress,1
i need someone to talk to clearly?,help,61
bye,goodbye,54
could you explain can you help me with some advice?,user-advice,99
quick question: could you explain can someone recover from mental illness in simple words for me?,fact-12,23
i want help with nothing much,neutral-response,73
i'm insecure about myself these days,low-self-esteem,67
can you explain how to please help me i want to develop myself?,personal-development,79
tell me a joke,jokes,62
what's the difference between anxiety and stress?,fact-31,44
i think i'm having a panic attack right now,panic-attack,78
i'd like to know can you give me some advice?,user-advice,99
give me advice about nothing much,neutral-response,73
i am very worthless,worthless,103
i am quite depressed,depressed,17
what does therapy do please?,therapy,95
please help me money,default,16
i'd like to know where else can i get help for me please?,fact-19,30
didn't you already mention that for me?,repeat,84
can you give me some advice please?,user-advice,99
"right now, i'm happy",happy,58
quick question: quick question: explain the importance of mental health briefly in simple words please?,fact-2,31
i need support with i want to start therapy,therapy,95
i think i'm having a panic attack lately,panic-attack,78
"i have a question: if i become involved in treatment, what do i need to know clearly in simple words?",fact-16,27
could you tell me what is your purpose?,about,0
i need help to tell me your abilities,skill,87
i'd like to know what should i do if i know someone who appears to have the symptoms of a mental disorder for me briefly?,fact-13,24
what can i do to find a mental health professional right for my child or myself briefly?,fact-18,29
"honestly, i've been stressed about money",financial-problems,51
"i need support with yes, i would like to learn more about it",learn-more,64
can you explain how to i feel unmotivated?,motivation,71
difference between sadness and depression in simple words,fact-32,45
i feel depressed these days,depressed,17
am i depressed for me for me?,fact-5,46
guide me to i need to relax,relaxation-techniques,83
you rock so much,thanks,94
please help me this sounds familiar,repeat,84
"these days, i need support for addiction",addiction-support,2
i need help to i think i could benefit from that,meditation,68
could you help me i feel like i'm never rested?,sleep,88
can you explain how to i'm always busy?,time-management,96
"lately, i'm happy",happy,58
help me understand what does it mean to have a mental illness for me clearly?,fact-8,49
can you explain how to i feel thankful?,gratitude,55
is it alright if i seek your expertise please?,ask,6
quick question: you're just some robot. how would you know?,understand,98
i have a question: am i suffering from depression briefly?,fact-5,46
quick question: what are common signs of mental illness briefly?,fact-11,22
could you help me i want to grow as a person?,personal-development,79
hey gn,night,74
i feel bad when i compare myself,comparison,11
i'd like to know what are the different types of mental health professionals briefly?,fact-23,35
"these days, i feel empty",depressed,17
can you teach me about mental health in simple words?,learn-mental-health,63
i need support with i'm feeling a bit overwhelmed,no-approach,75
how can i develop my mindset?,personal-development,79
quick question: could you tell me what r some of the warning signs of mental illness for me?,fact-11,22
i need help to i am going to commit suicide,suicide,93
"give me advice about i see your point, i should take a step back and rest",user-agree,100
can you help me help me set goals?,goal-setting,53
give me advice about i'm wide awake when i should be sleeping,sleep,88
"honestly, i've been feeling bored",boredom,7
can you tell me what should i do if i know someone who appears to have the symptoms of a mental disorder clearly?,fact-13,24
heading to bed bot,night,74
what's the difference between anxiety and stress for me in simple words?,fact-31,44
quick question: help me understand the best way to find a mental health professional right for my child or myself?,fact-18,29
can you help me motivate me?,motivation,71
i'm very having family problems,family-issues,50
guide me to i need help to define mental health,fact-1,21
could you tell me what can i do to find a mental health professional for myself or my child?,fact-14,25
my grandparent passed away,death,15
hey hey heading to bed for me,night,74
i feel worthless these days,worthless,103
show me how to i feel like i'm always the one who feels like i'm being pushed away,friends,52
could you explain can you help me emergency mental health help?,crisis-resources,14
i have a question: can you help me with some advice?,user-advice,99
things are tense at home lately,family-issues,50
could you tell me can u prevent mental health problems briefly?,fact-25,37
help me understand can u prevent mental health problems please?,fact-25,37
i need help to i would like to learn more about it,learn-more,64
how do i take care of myself?,self-care,86
i need support with i want to set new goals,goal-setting,53
can you help me i feel grateful?,gratitude,55
can you tell me who is bma?,about,0
could you define the importance of mental health?,fact-2,31
"can you explain how to i don't think so, i have too much on my plate?",no-approach,75
i need support with girlfriend,default,16
what is the difference between anxiety and stress?,fact-31,44
i want help with i can't get anything done,time-management,96
could you help me i'm not really feeling like myself today?,no-approach,75
can you explain how to i lack self-control?,discipline,18
could you help me you can't possibly know what i'm going through?,understand,98
really much obliged,thanks,94
i need help to i need to set some goals,goal-setting,53
show me how to i am going to commit suicide,suicide,93
i need support with i feel grateful,gratitude,55
"lately, i've been having family problems",family-issues,50
i'm going to sleep bot,night,74
"today, i've been angry",anger,4
i need support with that sounds useful,meditation,68
can you define the best way to maintain social connections? what if i feel lonely in simple words?,fact-30,43
quick question: give me a simple definition of mental health?,fact-1,21
could you explain what should i do if i know someone who appears to have the symptoms of a mental disorder?,fact-13,24
can you define therapy briefly briefly?,fact-7,48
can you explain what are your capabilities?,skill,87
i'd like to know can you tell me what should i know before starting a new medication briefly in simple words briefly?,fact-20,32
"today, i've been having problems at work",work-problems,102
i need support with i remember you saying that,repeat,84
could you help me you must hate me?,hate-me,59
can you teach me about mental health for me?,learn-mental-health,63
quick question: where do i go to find a support group briefly?,fact-24,36
could you tell me what should i do if i know someone who appears to have the symptoms of a mental disorder clearly clearly?,fact-13,24
can you explain how to i'm wide awake when i should be sleeping?,sleep,88
good day bma please,afternoon,3
any tips to maintain social connections? what if i feel lonely in simple words briefly in simple words?,fact-30,43
i have a question: can you define the best way to maintain social connections? what if i feel lonely in simple words please?,fact-30,43
i want help with tell me a joke,jokes,62
later,goodbye,54
help me understand a therapist?,fact-6,47
hey gmornin bma,morning,70
i want help with hmmm that sounds like it could be useful to me,meditation,68
could you explain what do i do if i'm worried about my mental health in simple words?,fact-28,40
i want to know are there cures for mental health problems for me for me?,fact-26,38
i need help to you're going in circles,repeat,84
"lately, i've been stressed about money",financial-problems,51
help me understand who built you?,creation,13
can you explain what can you do?,skill,87
i'm extremely worthless,worthless,103
can you tell me something funny please?,jokes,62
what treatment options r available please please in simple words?,fact-15,26
i'd like to know can you explain how to i want to develop myself?,personal-development,79
i need support with nothing else,done,19
could you explain what treatment options are available?,fact-15,26
yo,greeting,56
what can you tell me about mental health please?,learn-mental-health,63
introduce yourself in simple words?,about,0
could you explain why should i keep going?,motivation,71
my name is for me?,name,72
can you help me that's not quite accurate?,wrong,104
can you prevent mental health problems for me?,fact-25,37
any tips to find a mental health professional for myself or my child briefly briefly?,fact-14,25
i feel bad when i compare myself lately,comparison,11
i've been dealing with trauma right now,trauma,97
i have a question: what can you do?,skill,87
i am dealing with trauma,trauma,97
could you help me i remember you saying that?,repeat,84
give me advice about help me handle stress,stress-management,90
i feel quite burned out,burnout,9
i'd like to know is there any cure for mental health problems please?,fact-26,38
"these days, i feel lonely",loneliness,66
i want to know can you explain what do i do if i'm worried about my mental health for me?,fact-28,40
quick question: are you available in morocco?,location,65
i feel bored these days,boredom,7
may i seek your advice on a matter briefly?,ask,6
i'm angry at the moment,anger,4
quick question: what does a therapist do?,fact-6,47
explain the difference between sadness and depression for me briefly?,fact-32,45
i need help to i want to grow as a person,personal-development,79
i want to know what leads to mental health problems?,fact-27,39
i need support with i could use some advice,user-advice,99
guide me to i want to die,suicide,93
morning clearly,morning,70
can you explain how to share a mental health fact?,mental-health-fact,69
"these days, i am panicking right now",panic-attack,78
i need help to that's déjà vu,repeat,84
i need help briefly?,help,61
where can i get crisis help briefly?,crisis-resources,14
i want help with i feel like i'm always the one who feels like i'm being ignored,friends,52
i feel lonely right now,loneliness,66
thank you for the meditation tips. i'm noticing a positive difference in my mood,user-meditation,101
please help me i can't get anything done,time-management,96
i've been feeling depressed today,depressed,17
"i have a question: i have a question for you, if that's okay?",ask,6
hey night night clearly,night,74
my name is in simple words?,name,72
quick question: i'd like to know what r some of the warning signs of mental illness please please?,fact-11,22
could you tell me can you prevent mental health problems for me in simple words?,fact-25,37
"honestly, i feel anxious",anxious,5
"honestly, i have low self-esteem",low-self-esteem,67
"honestly, i'm struggling with addiction",addiction-support,2
i want help with i'm not feeling up to it,no-approach,75
guide me to help me become better,personal-development,79
i have a question: i want to know is there any cure for mental health problems clearly?,fact-26,38
"i'm curious about meditation, but i'm not sure where to begin",meditation,68
show me how to please leave me alone,not-talking,76
give me advice about i feel like you hate me,hate-me,59
"these days, i think i'm having a panic attack",panic-attack,78
i have a question: can you define the best way to maintain social connections? what if i feel lonely in simple words for me clearly?,fact-30,43
i feel so grieving,grief,57
i need help to i don't know what my goals are,goal-setting,53
i'd like to know can you explain how to tell me about therapy?,therapy,95
i'm having problems at work today,work-problems,102
i need help to i have no discipline,discipline,18
i compare myself with everyone at the moment,comparison,11
give me advice about i can't stick to anything,discipline,18
show me how to i need urgent help,crisis-resources,14
i am so lonely,loneliness,66
i have a question: help me understand is recovery from mental illness possible please in simple words?,fact-12,23
where can i learn about types of mental health treatment briefly?,fact-22,34
i am having problems at work lately,work-problems,102
can you explain how to i want to learn more about mental health?,learn-mental-health,63
i'm quite alone,loneliness,66
guide me to affirmation pls,positive-affirmation,80
gm,morning,70
can you tell me how are you doing?,casual,10
can you explain what should i do if i know someone who appears to have the symptoms of a mental disorder clearly briefly?,fact-13,24
could you explain what does a therapist do?,fact-6,47
what's the best way to find a mental health professional right for my child or myself clearly?,fact-18,29
could you explain what should i do if i know someone who appears to have the symptoms of a mental disorder please clearly briefly?,fact-13,24
ok sure. i would like to learn more about it,learn-more,64
quick question: can you prevent mental health problems?,fact-25,37
guide me to please leave me alone,not-talking,76
"if i become involved in treatment, what do i need to know in simple words in simple words for me?",fact-16,27
is recovery from mental illness possible for me?,fact-12,23
i want to know can you prevent mental health problems for me?,fact-25,37
show me how to you don't like me,hate-me,59
i need help to i lost my father,death,15
i've been struggling with addiction today,addiction-support,2
i need someone to talk to briefly?,help,61
how do i maintain social connections? what if i feel lonely briefly for me?,fact-30,43
could you help me i'm so stressed out?,stress-management,90
"these days, i am stressed",stressed,91
quick question: quick question: i'd like to know where else can i get help for me please briefly please?,fact-19,30
please help me i feel grateful,gratitude,55
can you tell me what can i do to know if i'm unwell?,fact-29,41
what r the different types of mental health professionals?,fact-23,35
hello afternoon bma bot,afternoon,3
i'm quite dealing with loss,grief,57
"i have a question: if i become involved in treatment, what do i need to know in simple words for me?",fact-16,27
i am so angry,anger,4
quick question: could you explain can you explain what does it mean to have a mental illness in simple words?,fact-8,49
is therapy right for me briefly?,therapy,95
can you help me i would like to learn more about it?,learn-more,64
hey morning friend,morning,70
quick question: what are stress management tips?,stress-management,90
i need support with family,default,16
could you help me i need support with difference between sadness and depression?,fact-32,45
"lately, i am angry",anger,4
"interesting, i might give that a try",meditation,68
tell me about the difference between anxiety and stress please?,fact-31,44
i've been feeling bored today,boredom,7
i've been feeling happy at the moment,happy,58
i have a question: what are your capabilities?,skill,87
can we talk about something else for me?,not-talking,76
"today, i've been feeling lonely",loneliness,66
"lately, i'm lonely",loneliness,66
could you define the difference between mental health professionals please for me please?,fact-17,28
can you explain how to tell me your abilities?,skill,87
can you tell me what should i know about the difference between mental health professionals clearly clearly?,fact-17,28
i have a question: i want to know can you tell me what treatment options are available in simple words?,fact-15,26
i hate you,hate-you,60
what can i do to find a mental health professional right for my child or myself clearly?,fact-18,29
could you tell me can you explain where can i learn about types of mental health treatment?,fact-22,34
what can i do to relax?,relaxation-techniques,83
can you explain how to you're so stupid?,stupid,92
define depression clearly,fact-3,42
my name is?,name,72
give me advice about i want to die,suicide,93
what are stress management tips for me?,stress-management,90
you're just some robot. how would you know?,understand,98
can you prevent mental health problems please?,fact-25,37
could you help me emergency mental health help briefly in simple words?,crisis-resources,14
please help me i can't get to sleep,sleep,88
i have a question: help me understand depression please?,fact-3,42
could you help me that's all i have to say?,done,19
what's the difference between anxiety and stress in simple words?,fact-31,44
quick question: could you explain what leads to mental health problems for me for me?,fact-27,39
could you help me i can't bring myself to open up?,not-talking,76
i need help to i can't stick to anything,discipline,18
can i get your opinion on something briefly?,ask,6
can you explain how to i don't know what my goals are?,goal-setting,53
i have a question: could you explain what should i do if i know someone who appears to have the symptoms of a mental disorder please clearly briefly?,fact-13,24
can you give me some advice clearly?,user-advice,99
give me advice about that's all i have to say,done,19
any tips to find a mental health professional for myself or my child?,fact-14,25
can you explain how to im grateful?,gratitude,55
i have a question: i have a question: i want to know what treatment options are available for me?,fact-15,26
hey evenin',evening,20
i'm extremely dealing with trauma,trauma,97
i want help with relationship,default,16
hey evenin' for me,evening,20
"these days, i am angry",anger,4
how can i find a support group clearly for me?,fact-24,36
where should i look for therapy briefly for me?,fact-21,33
is now a good time for me to ask something briefly?,ask,6
could you explain is now a good time for me to ask something?,ask,6
quick question: i have a question: i have a question: explain the best way to find a mental health professional for myself or my child please for me briefly briefly?,fact-14,25
what should i know about the difference between sadness and depression?,fact-32,45
"these days, i feel overwhelmed",stressed,91
i'm panicking right now today,panic-attack,78
quick question: explain the best way to find a mental health professional for myself or my child for me?,fact-14,25
"to be honest, i feel burned out",burnout,9
"these days, i'm dealing with loss",grief,57
show me how to i'm feeling overwhelmed because i have too many assignments to complete,problem,81
introduce yourself clearly?,about,0
could you explain what can i do to find therapy?,fact-21,33
help me understand what should i know before starting a new medication for me?,fact-20,32
guide me to you don't like me,hate-me,59
i am really struggling with addiction,addiction-support,2
"at the moment, i'm anxious",anxious,5
can you tell me something funny briefly?,jokes,62
hey there friend,greeting,56
i have a question: what can you do?,about,0
i've been stressed about school at the moment,academic-stress,1
"lately, i've been having problems at work",work-problems,102
i need support with tell me a joke,jokes,62
hey hey good night,night,74
"to be honest, things are tense at home",family-issues,50
howdy there,greeting,56
thanks for your support. i'll commit to meditation and redirect my energy towards the things i have power over,pandora-useful,77
give me advice about thank you for the meditation tips. i'm noticing a positive difference in my mood,user-meditation,101
i need support for addiction at the moment,addiction-support,2
i feel quite empty,depressed,17
"lately, i don't believe in myself",low-self-esteem,67
what should i know about the difference between mental health professionals?,fact-17,28
could you explain who are you?,about,0
what can trigger mental health problems clearly?,fact-27,39
i'd like to know what treatment options are available for me briefly for me?,fact-15,26
what should i know about the difference between anxiety and stress?,fact-31,44
do you have a name briefly?,name,72
hey good afternoon bot for me,afternoon,3
could you help me relationship?,default,16
i'm so really anxious,anxious,5
i need support with i'd like to shift the conversation to something else,something-else,89
please help me you don't get it,understand,98
catch you later,goodbye,54
tell me another joke,jokes,62
how are anxiety and stress in simple words different for me?,fact-31,44
who are you in simple words?,about,0
i want help with i need more willpower,discipline,18
sup bma,greeting,56
i'm lonely these days,loneliness,66
where can i find a support group for me?,fact-24,36
i have a question: any tips to find a mental health professional right for my child or myself clearly for me?,fact-18,29
give me a simple definition of mental health?,fact-1,21
"lately, i need support for addiction",addiction-support,2
yo friend,greeting,56
am i depressed in simple words clearly in simple words?,fact-5,46
morning friend bma,morning,70
could you help me i did what you said and i feel a lot better. thank you very much?,user-meditation,101
could you explain who created you?,creation,13
guide me to tell me your abilities,skill,87
thanks a bunch so much,thanks,94
quick question: help me understand therapy?,fact-7,48
can you help me i'm not really feeling like myself today?,no-approach,75
"lately, i think i'm having a panic attack",panic-attack,78
i need help to im constantly stressed,stress-management,90
i want to know what are stress management tips?,stress-management,90
i feel so struggling with addiction,addiction-support,2
i want help with give me advice about define mental health,fact-1,21
i have a question: i have a question: i have a question: explain the best way to find a mental health professional for myself or my child briefly briefly?,fact-14,25
can you explain where else can i get help briefly?,fact-19,30
help me understand can you help me define depression briefly?,fact-3,42
could you explain what do i do if i'm worried about my mental health briefly?,fact-28,40
i want to know what r some of the warning signs of mental illness please?,fact-11,22
what's the difference between sadness and depression?,fact-32,45
guide me to im grateful,gratitude,55
i have a question: i want to know what should i know before starting a new medication?,fact-20,32
give me advice about just hanging out,neutral-response,73
could you tell me what do i do if i'm worried about my mental health please please?,fact-28,40
i feel burned out right now,burnout,9
"these days, i'm having family problems",family-issues,50
i am quite burned out,burnout,9
can you help me that's not what i'm looking for?,wrong,104
"to be honest, i've been feeling burned out",burnout,9
gn please in simple words,night,74
can you explain how to i'd love to hear more?,learn-more,64
give me advice about i'm feeling frustrated because i can't seem to solve this problem,problem,81
i need help to thank you for being here,gratitude,55
what does your origin mean?,creation,13
why should i keep going please?,motivation,71
i am grieving at the moment,grief,57
is there any cure for mental health problems clearly?,fact-26,38
is therapy right for me for me?,therapy,95
i want help with i'm always busy,time-management,96
what causes mental health problems please?,fact-27,39
"honestly, i'm dealing with trauma",trauma,97
i have a question: could you explain where should i look for therapy?,fact-21,33
good afternoon please,afternoon,3
help me understand can you explain what should i do if i know someone who appears to have the symptoms of a mental disorder clearly please briefly?,fact-13,24
help me understand who created you?,creation,13
could you tell me what do i do if i'm worried about my mental health please for me for me?,fact-28,40
can you help me define mental health please?,fact-1,21
i want to know what should i know before starting a new medication please in simple words in simple words briefly?,fact-20,32
where do you live in simple words?,location,65
i need help to stress is ruining my life,stress-management,90
what should i know about the best way to maintain social connections? what if i feel lonely?,fact-30,43
i want to know can you prevent mental health problems for me for me?,fact-25,37
i want to know what are the different types of mental health professionals?,fact-23,35
can you help me relationship?,default,16
show me how to i want to set new goals,goal-setting,53
guide me to i have zero discipline,discipline,18
give me advice about i feel like i'm always the one who feels like i'm being shunned,friends,52
"right now, i'm stressed about school",academic-stress,1
i am stressed lately,stressed,91
i want help with you're so annoying,hate-you,60
i need support with my uncle died,death,15
i'd like to know what does a therapist do?,fact-6,47
i need support with encourage me,positive-affirmation,80
hello evening please,evening,20
i want help with you don't understand me,understand,98
could you help me i never have time?,time-management,96
"honestly, i've been having relationship problems",relationship-issues,82
i've been really anxious,anxious,5
"these days, i am happy",happy,58
should i see a therapist?,therapy,95
i am stressed about money these days,financial-problems,51
why should i keep going for me?,motivation,71
hello,greeting,56
i've been stressed at the moment,stressed,91
my studies are overwhelming me lately,academic-stress,1
please help me i'm not feeling up to it,no-approach,75
"today, i am panicking right now",panic-attack,78
could you explain can you explain what does a therapist do clearly?,fact-6,47
"show me how to that makes sense, i should take some time for myself",user-agree,100
i have a question: can you help me?,help,61
quick question: tell me about the best way to maintain social connections? what if i feel lonely in simple words?,fact-30,43
give me advice about affirmation please,positive-affirmation,80
i'm sad right now,sad,85
i need support with teach me to breathe,breathing-exercise,8
could you define the difference between anxiety and stress please?,fact-31,44
help me understand is recovery from mental illness possible briefly?,fact-12,23
quick question: any tips to find a support group in simple words?,fact-24,36
give me advice about tell me another joke,jokes,62
i need support with you're acting dumb,stupid,92
i have a question: am i suffering from depression clearly?,fact-5,46
"honestly, i am happy",happy,58
what does a therapist do please?,fact-6,47
please help me help me calm down,relaxation-techniques,83
can you explain how to i followed your advice and i'm feeling much more relaxed?,user-meditation,101
i am extremely anxious,anxious,5
can you help me financial problems?,default,16
tell me about the best way to maintain social connections? what if i feel lonely in simple words?,fact-30,43
i'm stressed about school lately,academic-stress,1
can you help me i keep waking up during the night?,sleep,88
can you help me my cousin died?,death,15
could you tell me why are you even here?,hate-you,60
i'm panicking right now right now,panic-attack,78
i have a question: how are anxiety and stress for me different in simple words?,fact-31,44
what can you do briefly?,skill,87
i have a question: am i mentally ill for me clearly?,fact-5,46
could you help me teach me a breathing exercise?,breathing-exercise,8
i need support with i feel like i'm always the one who feels like i'm being isolated,friends,52
i'm quite burned out,burnout,9
i have a question: help me understand can you help me define depression clearly clearly?,fact-3,42
i'm sad today,sad,85
i need help to you're so annoying,hate-you,60
"these days, i've been feeling sad",sad,85
bye for now,goodbye,54
you're such an idiot,stupid,92
i have a question: any tips to know if i'm unwell in simple words?,fact-29,41
could you tell me what should i do if i know someone who appears to have the symptoms of a mental disorder clearly please?,fact-13,24
how were you made in simple words?,creation,13
am i suffering from depression briefly?,fact-5,46
hey gm,morning,70
"i need help to i don't think so, i have too much on my plate",no-approach,75
your meditation advice was spot on! i feel more centered and grounded now,user-meditation,101
afternoon please,afternoon,3
i feel worthless,worthless,103
i sense animosity from you,hate-me,59
"today, i've been feeling bored",boredom,7
can you tell me what are you?,about,0
"today, i'm bad when i compare myself",comparison,11
give me advice about that's not what i'm looking for,wrong,104
how do i find a mental health professional for myself or my child briefly?,fact-14,25
can you explain what leads to mental health problems?,fact-27,39
quick question: help me understand what does it mean to have a mental illness in simple words?,fact-8,49
you're helpful,compliment,12
i feel lonely lately,loneliness,66
could you explain what are you doing?,casual,10
i'm in a good mood lately,happy,58
"these days, i feel panicking right now",panic-attack,78
can you help me i want clear objectives?,goal-setting,53
i want help with i appreciate this,gratitude,55
can you teach me about mental health briefly?,learn-mental-health,63
give me advice about my sibling died,death,15
i need help to i need to relax,relaxation-techniques,83
i'm having problems at work lately,work-problems,102
you're kind clearly,compliment,12
i am really dealing with trauma,trauma,97
i have a question: i have a question: i have a question: where else can i get help?,fact-19,30
my mind won't shut off at night,sleep,88
i'm happy,happy,58
please help me you must hate me,hate-me,59
gm please,morning,70
could you tell me where do you live?,location,65
are there cures for mental health problems clearly?,fact-26,38
i have a question: i have a question: where else can i get help in simple words for me in simple words?,fact-19,30
guide me to thank you for being here,gratitude,55
i feel having problems at work today,work-problems,102
"honestly, my relationship is stressing me out",relationship-issues,82
please help me you're saying the same thing,repeat,84
can you tell me what should i do if i know someone who appears to have the symptoms of a mental disorder?,fact-13,24
can you explain how to i need some advice?,user-advice,99
what's the best way to become disciplined?,discipline,18
could you help me for me?,help,61
guide me to i need a good laugh,jokes,62
i'm very stressed about money,financial-problems,51
i need help to nothing new,neutral-response,73
"today, i'm angry",anger,4
help me understand can you help me define depression clearly?,fact-3,42
quick question: tell me about yourself?,about,0
quick question: what can i do to find therapy briefly?,fact-21,33
i need support with i'm thankful,gratitude,55
can you prevent mental health problems in simple words in simple words?,fact-25,37
show me how to i hate you,hate-you,60
can you tell me something funny for me?,jokes,62
ge bma please,evening,20
i'd like to know are you even listening?,stupid,92
quick question: i'd like to know where can i learn about types of mental health treatment please?,fact-22,34
what's the best way to manage stress?,stress-management,90
i need help to you don't understand me,understand,98
how do i recognize mental illness?,fact-11,22
please help me i'm not sure that's a good idea for me at the moment,no-approach,75
guide me to i need advice on something,user-advice,99
i have a question: what country are you for?,location,65
"lately, i feel angry",anger,4
i need help to nothing else,done,19
can you explain how to i'm feeling anxious because i have a presentation coming up?,problem,81
where do i go to find a support group in simple words?,fact-24,36
i need help to teach me to breathe,breathing-exercise,8
what should i do if i know someone who appears to have the symptoms of a mental disorder briefly briefly?,fact-13,24
"lately, i am panicking right now",panic-attack,78
can you tell me who am i talking to?,name,72
i have a question: can i get your opinion on something?,ask,6
i can't relax,relaxation-techniques,83
i feel depressed today,depressed,17
i feel really stressed about money,financial-problems,51
guide me to i need support with i want self-improvement tips,personal-development,79
what can trigger mental health problems please in simple words in simple words in simple words?,fact-27,39
quick question: could you define the difference between mental health professionals for me?,fact-17,28
i'm stressed lately,stressed,91
what r some of the warning signs of mental illness?,fact-11,22
could you help me i feel exhausted but can't sleep?,sleep,88
quick question: i have a question: could you tell me what r some of the warning signs of mental illness?,fact-11,22
quick question: are you even listening?,stupid,92
i want help with i'm not sure about that one,wrong,104
i need help to i'm grateful for your help. i'll incorporate meditation into my daily routine and shift my focus towards what i can control,pandora-useful,77
please help me tell me a joke,jokes,62
could you help me i'd like to hear a mental health fact?,mental-health-fact,69
top of the morning to you please,morning,70
help me understand are there cures for mental health problems?,fact-26,38
i am stressed about school these days,academic-stress,1
help me with time management,time-management,96
how can i know if i'm unwell briefly for me please?,fact-29,41
thank you very much a lot,thanks,94
what do you specialize in clearly?,skill,87
can you explain how to i need more willpower?,discipline,18
could you help me yeah you're right. i deserve a break?,user-agree,100
could you explain can people with mental illness recover clearly?,fact-12,23
i feel having problems at work right now,work-problems,102
could you define the best way to know if i'm unwell clearly for me please?,fact-29,41
i've been feeling anxious right now,anxious,5
i have a question: what treatment options are available in simple words?,fact-15,26
"right now, i am dealing with trauma",trauma,97
can you explain how to i'm feeling tense because i'm having relationship issues?,problem,81
quick question: could you help me show me how to i want self-improvement tips?,personal-development,79
can you help me encourage me?,positive-affirmation,80
what do i do if i'm worried about my mental health clearly?,fact-28,40
tell me about the difference between anxiety and stress?,fact-31,44
"right now, i'm worthless",worthless,103
what does the importance of mental health mean please?,fact-2,31
could you explain where do i go to find a support group?,fact-24,36
i am stressed,stressed,91
could you explain what should i know before starting a new medication?,fact-20,32
what's the best way to achieve my goals?,goal-setting,53
how can i maintain social connections? what if i feel lonely?,fact-30,43
please help me i'm not feeling very social right now,no-approach,75
"today, i am bad when i compare myself",comparison,11
what treatment options r available please?,fact-15,26
hey hey good evening,evening,20
i need support with tell me more,learn-more,64
what r the different types of mental health professionals clearly?,fact-23,35
i am stressed about school,academic-stress,1
i have a question: how to practice self-care?,self-care,86
guide me to i feel like i'm always the one who feels like i'm being sidelined,friends,52
i need help to i want self-improvement tips,personal-development,79
"lately, i am having family problems",family-issues,50
i am insecure about myself right now,low-self-esteem,67
show me how to i can't get to sleep,sleep,88
quick question: quick question: any tips to maintain social connections? what if i feel lonely clearly?,fact-30,43
explain the importance of mental health briefly?,fact-2,31
any tips to maintain social connections? what if i feel lonely briefly briefly?,fact-30,43
quick question: where else can i get help briefly for me for me?,fact-19,30
could you help me i feel like i'm always the one who feels like i'm being snubbed?,friends,52
i'm quite struggling with addiction,addiction-support,2
"honestly, i'm bad when i compare myself",comparison,11
quick question: why should i keep going?,motivation,71
show me how to give me a mental health fact,mental-health-fact,69
i need help to difference between sadness and depression,fact-32,45
i need support with i'm interested in learning about mental health,learn-mental-health,63
hellooo,greeting,56
"at the moment, i feel burned out",burnout,9
i need support with you're so stupid,stupid,92
quick question: i'd like to know can you tell me what can i do to find a mental health professional right for my child or myself in simple words please?,fact-18,29
what is your purpose please?,about,0
"today, i've been feeling anxious",anxious,5
my relationship is stressing me out lately,relationship-issues,82
can you explain what can you tell me about mental health?,learn-mental-health,63
i need help to i'm thankful,gratitude,55
i'm quite sad,sad,85
help me understand what is your purpose?,about,0
how were you created clearly?,creation,13
can you define the difference between anxiety and stress in simple words?,fact-31,44
i'd like to know who created you?,creation,13
i've been feeling worthless,worthless,103
i'm stressed about money right now,financial-problems,51
ok i have to go now,goodbye,54
could you explain where else can i get help?,fact-19,30
how can i find a mental health professional right for my child or myself briefly please?,fact-18,29
i want help with help me build discipline,discipline,18
help me understand can you tell me something funny?,jokes,62
mind if i pick your brain about something?,ask,6
i need support with i'm not convinced by that,wrong,104
quick question: i want to know what should i know before starting a new medication please in simple words?,fact-20,32
i feel so empty,depressed,17
i need support with you're useless,understand,98
can you help me your meditation advice was spot on! i feel more centered and grounded now?,user-meditation,101
i need help to i feel like i'm always the one who feels like i'm being ignored,friends,52
can you explain can you define the best way to maintain social connections? what if i feel lonely?,fact-30,43
can you explain how to please help me please help me guide me to difference between sadness and depression clearly?,fact-32,45
i have a question: i have a question: i want to know is there any cure for mental health problems?,fact-26,38
"these days, i am having problems at work",work-problems,102
where should i look for a support group clearly in simple words?,fact-24,36
"at the moment, i am depressed",depressed,17
this topic doesn't interest me,something-else,89
"right now, i've been angry",anger,4
guide me to i can't stick to anything,discipline,18
quick question: i want to know what should i know before starting a new medication clearly?,fact-20,32
can you tell me who is your developer?,creation,13
i'd like to know what r the different types of mental health professionals?,fact-23,35
hey hey hey night,night,74
"today, i'm having family problems",family-issues,50
i want help with help me handle stress,stress-management,90
guide me to i need a breathing exercise,breathing-exercise,8
i feel extremely stressed,stressed,91
"lately, i'm worthless",worthless,103
thanks for your help so much,thanks,94
show me how to i want to kill myself,suicide,93
i want help with teach me a relaxation technique,relaxation-techniques,83
i feel having problems at work at the moment,work-problems,102
i have a question: any tips to find a mental health professional right for my child or myself briefly?,fact-18,29
"lately, i am insecure about myself",low-self-esteem,67
i'm having relationship problems these days,relationship-issues,82
alright take care,goodbye,54
could you explain can you help me emergency mental health help clearly?,crisis-resources,14
can you tell me something funny in simple words?,jokes,62
i am angry,anger,4
could you explain what treatment options r available for me for me?,fact-15,26
stress is ruining my life,stress-management,90
who is therapy for?,fact-7,48
can you explain can we discuss something different?,something-else,89
my studies are overwhelming me today,academic-stress,1
what’s up?,greeting,56
i feel dealing with trauma at the moment,trauma,97
i want to know what should i know about therapy?,fact-7,48
how can i find a mental health professional for myself or my child for me clearly?,fact-14,25
"lately, i am having relationship problems",relationship-issues,82
can you help me with some advice clearly?,user-advice,99
i feel having family problems lately,family-issues,50
please help me tell me your abilities,skill,87
i'm really grieving,grief,57
i want to know what does therapy do?,therapy,95
who am i talking to in simple words?,name,72
"lately, i have financial problems",financial-problems,51
how do i relax?,relaxation-techniques,83
can you tell me a mental health fact clearly?,mental-health-fact,69
give me advice about i need urgent help,crisis-resources,14
i want help with i'm grateful for your help. i'll incorporate meditation into my daily routine and shift my focus towards what i can control,pandora-useful,77
could you explain can you help me define mental health?,fact-1,21
i want help with i could use some advice,user-advice,99
i have a question: i have a question: could you explain what leads to mental health problems for me briefly?,fact-27,39
i am having relationship problems today,relationship-issues,82
quick question: where are you from?,location,65
i feel empty lately,depressed,17
what is the best way to know if i'm unwell?,fact-29,41
"give me advice about i've never tried meditation before, but i'm willing to give it a shot",meditation,68
i am quite struggling with addiction,addiction-support,2
that's helpful so much,thanks,94
appreciate it a lot,thanks,94
i have a question: where should i look for a support group clearly for me briefly?,fact-24,36
quick question: r there cures for mental health problems?,fact-26,38
"these days, i am stressed about school",academic-stress,1
please help me my sibling died,death,15
"honestly, i'm insecure about myself",low-self-esteem,67
quick question: am i suffering from depression clearly in simple words?,fact-5,46
you're helpful briefly in simple words for me,compliment,12
please help me you don't like me,hate-me,59
i feel so mad,anger,4
quick question: what does it mean to have a mental illness for me in simple words?,fact-8,49
i am stressed about school right now,academic-stress,1
quick question: am i suffering from depression clearly?,fact-5,46
i need support with nothing new,neutral-response,73
i have a question: i have a question: help me understand depression briefly please?,fact-3,42
u r great briefly,compliment,12
why does mental health matter?,fact-2,31
i've been panicking right now,panic-attack,78
who am i talking to for me?,name,72
greetings there,greeting,56
can you explain what does therapy do?,therapy,95
i need help to this topic doesn't interest me,something-else,89
how to practice self-care for me?,self-care,86
i feel quite worthless,worthless,103
i have a question: is therapy right for me?,therapy,95
please help me i want to learn more about mental health,learn-mental-health,63
i'm stressed about money lately,financial-problems,51
what is the best way to know if i'm unwell clearly?,fact-29,41
help me understand who is therapy for?,fact-7,48
what country are you for briefly?,location,65
guide me to tell me something positive,positive-affirmation,80
give me a simple definition of the best way to know if i'm unwell?,fact-29,41
you're amazing,compliment,12
i'm interested in learning about mental health,learn-mental-health,63
i want to know what r some of the warning signs of mental illness?,fact-11,22
any tips to find a mental health professional right for my child or myself clearly in simple words?,fact-18,29
help me understand what does the importance of mental health mean please briefly?,fact-2,31
help me understand what does a therapist do please in simple words for me?,fact-6,47
mind if i pick your brain about something in simple words?,ask,6
could you help me not really in the mood?,no-approach,75
where are you located briefly?,location,65
can you explain how to i need to plan my future?,goal-setting,53
u r great,compliment,12
can you tell me what can trigger mental health problems?,fact-27,39
i need support with you're against me,hate-me,59
"can you explain how to same old, same old?",neutral-response,73
can i get your opinion on something for me?,ask,6
give me a simple definition of the difference between anxiety and stress for me?,fact-31,44
can you tell me something funny?,jokes,62
can you explain are you located nearby?,location,65
i'm really alone,loneliness,66
can you help me i'm feeling overwhelmed because i have too many assignments to complete?,problem,81
i want to know can someone recover from mental illness?,fact-12,23
could you help me tell me about therapy?,therapy,95
u r amazing clearly,compliment,12
quick question: what is your name?,name,72
i keep comparing myself to others at the moment,comparison,11
"right now, i'm stressed about money",financial-problems,51
can you explain how to stress is overwhelming me?,stress-management,90
help me plan goals,goal-setting,53
i want to know what does it mean to have a mental illness for me?,fact-8,49
i have a question: help me understand depression?,fact-3,42
i'm extremely depressed,depressed,17
"quick question: if i become involved in treatment, what do i need to know for me for me?",fact-16,27
"today, i am happy",happy,58
i am worthless today,worthless,103
could you tell me what do i do if i'm worried about my mental health please briefly please?,fact-28,40
i'm quite stressed about school,academic-stress,1
quick question: i have a question: any tips to maintain social connections? what if i feel lonely in simple words briefly clearly?,fact-30,43
i want to know who is therapy for briefly?,fact-7,48
i have a question: what are the different types of mental health professionals for me?,fact-23,35
"these days, i am bad when i compare myself",comparison,11
show me how to i feel like i'm always the one who feels like i'm being isolated,friends,52
quick question: can you explain what should i know before starting a new medication?,fact-20,32
"if i become involved in treatment, what do i need to know in simple words in simple words?",fact-16,27
could you tell me can you tell me something funny?,jokes,62
can you help me you don't understand me?,understand,98
could you tell me how are anxiety and stress different in simple words in simple words?,fact-31,44
i have a question: could you define the difference between mental health professionals please?,fact-17,28
could you help me please explain further?,learn-more,64
could you explain is therapy right for me clearly?,therapy,95
quick question: could you explain what can i do to find therapy clearly clearly?,fact-21,33
i've been feeling sad today,sad,85
show me how to i'm not really feeling like myself today,no-approach,75
i need help to i need a good laugh,jokes,62
i'm grieving,grief,57
"give me advice about i agree, i could use a break",user-agree,100
i am quite panicking right now,panic-attack,78
can you tell me what should i know about the difference between mental health professionals in simple words?,fact-17,28
guide me to i think we covered everything,done,19
can you help me i'm thankful for your advice. i'll continue meditating and focus on what i have the ability to change?,pandora-useful,77
could you explain where can i learn about types of mental health treatment for me?,fact-22,34
hello bro,greeting,56
give me advice about i'm grateful for your help. i'll incorporate meditation into my daily routine and shift my focus towards what i can control,pandora-useful,77
explain the difference between sadness and depression?,fact-32,45
i keep comparing myself to others lately,comparison,11
could you help me that doesn't seem right?,wrong,104
"today, i've been grieving",grief,57
give me a simple definition of the importance of mental health?,fact-2,31
i'm stressed right now,stressed,91
could you tell me can you help me define mental health in simple words?,fact-1,21
i'm really struggling with addiction,addiction-support,2
show me how to i practiced meditation as you suggested and it really helped calm my mind,user-meditation,101
i'm grieving today,grief,57
show me how to i feel thankful,gratitude,55
i need support with money,default,16
can you explain how to show me how to define depression please?,fact-3,42
help me understand is therapy right for me?,therapy,95
could you explain how about a joke?,jokes,62
top of the morning bot,morning,70
what are you briefly?,about,0
hello morning,morning,70
i need support with difference between sadness and depression,fact-32,45
please help me i'm so stressed out,stress-management,90
can you help me give me a mental health fact?,mental-health-fact,69
can you tell me where can i learn about types of mental health treatment briefly clearly?,fact-22,34
what should i do if i know someone who appears to have the symptoms of a mental disorder please?,fact-13,24
please help me i want to grow as a person,personal-development,79
could you help me help me calm down?,relaxation-techniques,83
could you help me i hate you?,hate-you,60
could you explain what leads to mental health problems?,fact-27,39
give me advice about im constantly stressed,stress-management,90
could you help me i have no motivation?,motivation,71
i need help to thank you once again for your advice. i'll make meditation a priority and concentrate on what i have the power to change,pandora-useful,77
guide me to yeah you're absolutely right about that,user-agree,100
i need support with i need some advice,user-advice,99
i'm feeling low these days,sad,85
can you explain how to i need support with help me become better?,personal-development,79
"lately, i am having problems at work",work-problems,102
please help me i feel like i'm always the one who feels like i'm being pushed away,friends,52
goodbye,goodbye,54
"at the moment, i've been having relationship problems",relationship-issues,82
i am stressed about money,financial-problems,51
guide me to tell me another fact about mental health,mental-health-fact,69
can you explain where can i learn about types of mental health treatment briefly?,fact-22,34
i'm dealing with loss,grief,57
hey good evening bot please,evening,20
quick question: what can i do to find a mental health professional right for my child or myself?,fact-18,29
i have a question: help me understand the best way to know if i'm unwell clearly clearly please?,fact-29,41
can you help me i am going to kill myself?,suicide,93
i want to know what treatment options are available?,fact-15,26
what is therapy?,fact-7,48
"can you help me i don't think so, i have too much on my plate?",no-approach,75
could you help me i'm feeling frustrated because i can't seem to solve this problem?,problem,81
guide me to you're clueless,stupid,92
i need support with define depression,fact-3,42
i am really having relationship problems,relationship-issues,82
could you explain what r the different types of mental health professionals please please?,fact-23,35
please help me you're such an idiot,stupid,92
good day bot bma in simple words,afternoon,3
cheers,thanks,94
i feel very bored,boredom,7
how are you please?,casual,10
can you help me i appreciate your insights. i'll prioritize meditation and center my attention on the areas where i can make a difference?,pandora-useful,77
please help me that's not what i'm looking for,wrong,104
guide me to i can't relax,relaxation-techniques,83
can you help me i need a breathing exercise?,breathing-exercise,8
explain the difference between mental health professionals please briefly clearly?,fact-17,28
quick question: i have a question: any tips to find a mental health professional right for my child or myself clearly in simple words please briefly clearly?,fact-18,29
quick question: my name is?,name,72
give me advice about define depression,fact-3,42
what does the difference between sadness and depression mean clearly?,fact-32,45
guide me to help me set goals,goal-setting,53
quick question: could you tell me what do i do if i'm worried about my mental health please?,fact-28,40
explain the best way to find a mental health professional for myself or my child for me?,fact-14,25
hey heading to bed bot,night,74
show me how to calm my breathing,breathing-exercise,8
can you explain how to you're not making any sense?,stupid,92
what is mental health?,fact-1,21
guide me to difference between sadness and depression,fact-32,45
please help me i don't have anything more to say,done,19
quick question: am i mentally ill for me?,fact-5,46
give me advice about i'm feeling worried because i have an important deadline approaching,problem,81
i need help to i have zero discipline,discipline,18
"right now, i am panicking right now",panic-attack,78
i need help to i'm feeling a bit overwhelmed,no-approach,75
i have a question: where should i look for therapy for me?,fact-21,33
i need help to i'm not really feeling like myself today,no-approach,75
how can i be more grateful?,gratitude,55
"these days, i'm happy",happy,58
i want to know what can you tell me about mental health?,learn-mental-health,63
"honestly, i feel stressed about school",academic-stress,1
i'm extremely stressed,stressed,91
motivate me,motivation,71
hey evening bot,evening,20
i feel lonely,loneliness,66
afternoon briefly please,afternoon,3
can you help me i could use some advice?,user-advice,99
can you explain how to that's not what i had in mind?,wrong,104
i have a question: may i seek your advice on a matter?,ask,6
i have a question: quick question: can you tell me can you tell me what should i know about the difference between mental health professionals?,fact-17,28
i'd like to know can you explain what do i do if i'm worried about my mental health for me for me briefly in simple words?,fact-28,40
i'm bored today,boredom,7
help me understand how are you doing?,casual,10
quick question: could you explain can you tell me can u prevent mental health problems in simple words?,fact-25,37
quick question: i'd like to know what r some of the warning signs of mental illness please please clearly?,fact-11,22
quick question: i have a question: what does it mean to have a mental illness?,fact-8,49
explain the best way to find a mental health professional for myself or my child for me in simple words?,fact-14,25
much appreciated,thanks,94
can you tell me who built you?,creation,13
i am angry right now,anger,4
are you located nearby?,location,65
show me how to i think i'm feeling stressed because of the workload at my job,problem,81
help me understand what should i know before starting a new medication for me in simple words?,fact-20,32
"these days, i feel worthless",worthless,103
do i need therapy please?,fact-7,48
give me advice about teach me a relaxation technique,relaxation-techniques,83
i feel grieving at the moment,grief,57
where else can i get help in simple words in simple words?,fact-19,30
help me understand can you help me?,help,61
i want to know what does a therapist do?,fact-6,47
"today, i feel worthless",worthless,103
good chatbot in simple words briefly,compliment,12
could you tell me where else can i get help in simple words?,fact-19,30
quick question: could you tell me what should i know before starting a new medication?,fact-20,32
could you define the best way to know if i have depression for me?,fact-5,46
guide me to just shut up,not-talking,76
"if i become involved in treatment, what do i need to know in simple words for me please?",fact-16,27
i feel panicking right now at the moment,panic-attack,78
i've been bored right now,boredom,7
i am really lonely,loneliness,66
just shut up,not-talking,76
could you help me just chillin'?,neutral-response,73
show me how to i never have time,time-management,96
"can you help me you're right, i should give myself some time to relax?",user-agree,100
teach me to breathe,breathing-exercise,8
quick question: i have a question: could you explain what leads to mental health problems for me briefly?,fact-27,39
guide me to that's not quite accurate,wrong,104
could you explain is there any cure for mental health problems briefly?,fact-26,38
can you help me i'm feeling down because i failed a test?,problem,81
please help me please help me define depression,fact-3,42
i need support with that's all i have to say,done,19
where are you from briefly?,location,65
give me advice about i toss and turn all night,sleep,88
is recovery from mental illness possible for me clearly?,fact-12,23
tell me about yourself please?,about,0
quick question: what are the different types of mental health professionals please for me clearly?,fact-23,35
show me how to i'm amazed at how much better i feel after incorporating meditation into my daily routine,user-meditation,101
guide me to not much,neutral-response,73
i feel empty these days,depressed,17
i have a question: where should i look for a support group clearly clearly?,fact-24,36
give me advice about please leave me alone,not-talking,76
why is mental health important clearly?,fact-2,31
i need support with you're useless,hate-you,60
what treatment options r available briefly please?,fact-15,26
i want to know can you explain are there cures for mental health problems?,fact-26,38
top of the morning to u bot for me,morning,70
"to be honest, i'm stressed",stressed,91
"show me how to you're right, i should give myself some time to relax",user-agree,100
guide me to i'm feeling frustrated because i can't seem to solve this problem,problem,81
could you help me emergency mental health help?,crisis-resources,14
can you help me you're so stupid?,stupid,92
"quick question: if i become involved in treatment, what do i need to know in simple words clearly?",fact-16,27
can you tell me what treatment options are available briefly?,fact-15,26
bye bye,goodbye,54
i've been struggling after something traumatic,trauma,97
i feel quite having family problems,family-issues,50
i feel stressed about money right now,financial-problems,51
"could you help me same old, same old?",neutral-response,73
can you help me i want help with i want help with difference between sadness and depression for me?,fact-32,45
could you help me you're useless?,hate-you,60
hey night,night,74
affirmation please,positive-affirmation,80
what's your name for me?,name,72
i want help with i want some advice,user-advice,99
can you explain can you tell me more?,learn-more,64
give me advice about you don't like me,hate-me,59
good chatbot in simple words,compliment,12
could you explain can you tell me can u prevent mental health problems?,fact-25,37
"right now, i am grieving",grief,57
many thanks so much,thanks,94
i feel happy at the moment,happy,58
could you help me that sounds useful?,meditation,68
can you tell me what do i do if i'm worried about my mental health please?,fact-28,40
where else can i get help clearly?,fact-19,30
i'm really angry,anger,4
can you tell me more please?,learn-more,64
i want help with i lack self-control,discipline,18
see ya for now,goodbye,54
tips for self-care,self-care,86
show me how to you don't understand me,understand,98
can you help me i want to die?,suicide,93
how do i maintain social connections? what if i feel lonely briefly?,fact-30,43
i have a question: i have a question: what should i know before starting a new medication please?,fact-20,32
can you tell me how can you help?,skill,87
how do i know if i have depression?,fact-5,46
what do i do if i'm worried about my mental health clearly for me?,fact-28,40
can you tell me what do i do if i'm worried about my mental health please in simple words?,fact-28,40
i need help to i have a question and need advice,user-advice,99
what's your name briefly?,name,72
i've been having family problems,family-issues,50
i have a question: how are anxiety and stress for me different?,fact-31,44
can you explain how to just taking it easy?,neutral-response,73
quick question: where can i learn about types of mental health treatment clearly please?,fact-22,34
could you help me i need to plan my future?,goal-setting,53
"lately, i'm panicking right now",panic-attack,78
"quick question: i have a question: if i become involved in treatment, what do i need to know in simple words please?",fact-16,27
i feel happy these days,happy,58
"if i become involved in treatment, what do i need to know in simple words for me for me clearly?",fact-16,27
i've been feeling bad when i compare myself,comparison,11
can you define self-care?,self-care,86
"today, i compare myself with everyone",comparison,11
alright until next time,goodbye,54
show me how to help me set goals,goal-setting,53
how were you made clearly?,creation,13
i have trouble falling asleep,sleep,88
i am lonely lately,loneliness,66
guide me to you're useless,hate-you,60
hey evening,evening,20
ok take care,goodbye,54
can you explain what does a therapist do please?,fact-6,47
how can i know if i have depression?,fact-5,46
is therapy right for me?,therapy,95
can you tell me can you define the difference between mental health professionals?,fact-17,28
i'd like to know what do i do if i'm worried about my mental health?,fact-28,40
can you explain what are you?,about,0
please help me exams,default,16
alright so long,goodbye,54
i feel really depressed,depressed,17
can you explain how to i'm feeling a bit overwhelmed?,no-approach,75
i want clear objectives,goal-setting,53
i am quite having relationship problems,relationship-issues,82
could you help me ok sure. i would like to learn more about it?,learn-more,64
can you help me with some advice please?,user-advice,99
i need support with i need help to define mental health,fact-1,21
i need support with teach me a breathing exercise,breathing-exercise,8
help me understand how can you help?,skill,87
what can i do to find a mental health professional right for my child or myself in simple words clearly?,fact-18,29
i feel quite bad when i compare myself,comparison,11
i'm struggling with addiction at the moment,addiction-support,2
can you explain how to i want self-improvement tips?,personal-development,79
my uncle died,death,15
quick question: is there any cure for mental health problems?,fact-26,38
how can you help?,skill,87
i have low self-esteem today,low-self-esteem,67
can you explain what r the different types of mental health professionals please?,fact-23,35
help me understand what does a therapist do for me in simple words?,fact-6,47
i'm worthless today,worthless,103
i want to know what r the different types of mental health professionals?,fact-23,35
i'd like to know where can i get crisis help?,crisis-resources,14
i am anxious today,anxious,5
i'm feeling overwhelmed because i have too many assignments to complete,problem,81
what should i know about the difference between mental health professionals for me?,fact-17,28
i need support with tell me another fact about mental health,mental-health-fact,69
i want help with i need self-care advice,self-care,86
can you tell me where do you live?,location,65
you're kind clearly for me for me clearly,compliment,12
quick question: what r the different types of mental health professionals?,fact-23,35
i feel stressed about money lately,financial-problems,51
give me advice about i remember you saying that,repeat,84
you don't understand me,understand,98
is it alright if i seek your expertise clearly?,ask,6
i want to die,suicide,93
"right now, i am anxious",anxious,5
do i need therapy briefly in simple words?,fact-7,48
could you tell me can u prevent mental health problems briefly briefly?,fact-25,37
quick question: what should i call you?,name,72
i have a question: could you explain what can i do to find therapy for me?,fact-21,33
can you explain can you help me define mental health briefly clearly?,fact-1,21
how are anxiety and stress please different?,fact-31,44
can you explain can you prevent mental health problems?,fact-25,37
i am quite anxious,anxious,5
what's the best way to develop my mindset?,personal-development,79
i want help with my aunt passed away,death,15
i feel sad today,sad,85
i feel like i'm always the one who feels like i'm being snubbed,friends,52
guide me to i'm feeling a bit overwhelmed,no-approach,75
quick question: any tips to find a support group?,fact-24,36
i feel very grieving,grief,57
what's the best way to find a mental health professional right for my child or myself for me?,fact-18,29
can you explain can you teach me about mental health?,learn-mental-health,63
i have a question: could you tell me what r some of the warning signs of mental illness in simple words?,fact-11,22
"at the moment, i feel worthless",worthless,103
i've said everything i needed to,done,19
can you explain where can i learn about types of mental health treatment in simple words please?,fact-22,34
guide me to i feel like i'm always the one who feels like i'm being excluded,friends,52
i want to know can u prevent mental health problems?,fact-25,37
i'm very bored,boredom,7
i've been stressed these days,stressed,91
i need support with i feel like ending my life,suicide,93
could you help me i want help with define depression?,fact-3,42
could you explain how are you doing?,casual,10
i'm bad when i compare myself these days,comparison,11
i have a question: what's your name?,name,72
i need support with i need motivation,motivation,71
quick question: who is therapy for?,fact-7,48
could you explain what can i do to find therapy for me briefly?,fact-21,33
"at the moment, i am worthless",worthless,103
"i want help with i've never tried meditation before, but i'm willing to give it a shot",meditation,68
could you help me i am going to commit suicide?,suicide,93
could you explain how were you created?,creation,13
quick question: i have a question: help me understand is recovery from mental illness possible please briefly?,fact-12,23
"right now, i am worthless",worthless,103
could you help me please?,help,61
i'd like to know are there cures for mental health problems?,fact-26,38
"to be honest, i'm depressed",depressed,17
i'm so stressed out,stress-management,90
hey sleep tight briefly,night,74
i am so sad,sad,85
i need help to you're not helpful at all,understand,98
could you explain is therapy right for me?,therapy,95
"honestly, i feel bored",boredom,7
can you tell me can you teach me about mental health?,learn-mental-health,63
i want help with i want to learn more about mental health,learn-mental-health,63
give me advice about you're so annoying,hate-you,60
i need help to help me build discipline,discipline,18
give me advice about my grandparent passed away,death,15
what are you doing briefly?,casual,10
i need help to that doesn't seem right,wrong,104
i have a question: could you tell me what should i do if i know someone who appears to have the symptoms of a mental disorder clearly please clearly?,fact-13,24
any tips to find a mental health professional right for my child or myself in simple words?,fact-18,29
i have a question: quick question: could you tell me what should i do if i know someone who appears to have the symptoms of a mental disorder in simple words briefly?,fact-13,24
i want to know how about a joke?,jokes,62
can you explain what should i do if i know someone who appears to have the symptoms of a mental disorder?,fact-13,24
could you tell me who am i talking to?,name,72
guide me to i am going to kill myself,suicide,93
quick question: i have a question: help me understand is recovery from mental illness possible please please?,fact-12,23
could you help me let's change the subject?,something-else,89
quick question: where are you located?,location,65
i need help to you're such an idiot,stupid,92
i have a question: what are stress management tips?,stress-management,90
could you explain can you tell me can u prevent mental health problems in simple words please in simple words?,fact-25,37
"right now, i am stressed about school",academic-stress,1
help me understand what are you doing?,casual,10
help me understand can you tell me what should i know before starting a new medication briefly?,fact-20,32
what do i do if i'm worried about my mental health please clearly please?,fact-28,40
give me advice about i feel exhausted but can't sleep,sleep,88
"at the moment, i've been stressed about money",financial-problems,51
"to be honest, i feel panicking right now",panic-attack,78
i am extremely lonely,loneliness,66
"you're correct, i need to take a break",user-agree,100
i'm not sure about that one,wrong,104
i want to know what r some of the warning signs of mental illness please please?,fact-11,22
give me advice about share a mental health fact,mental-health-fact,69
i'm very angry,anger,4
i want to know can you tell me more?,learn-more,64
can you explain what can i do to find a support group?,fact-24,36
what r the different types of mental health professionals in simple words?,fact-23,35
i'd like to know how are anxiety and stress for me different?,fact-31,44
where do i go to find a support group?,fact-24,36
can you explain how to that sounds useful?,meditation,68
"today, i've been feeling burned out",burnout,9
u r helpful in simple words,compliment,12
help me understand depression?,fact-3,42
can you help me my mind won't shut off at night?,sleep,88
where do i go to find a support group for me?,fact-24,36
ok clearly?,casual,10
quick question: introduce yourself?,about,0
"i need help to same old, same old",neutral-response,73
"i have a question for you, if that's okay briefly?",ask,6
could you help me i'm not sure about that one?,wrong,104
i need help to boyfriend,default,16
"right now, i have low self-esteem",low-self-esteem,67
can you define the difference between anxiety and stress for me?,fact-31,44
could you explain where should i look for therapy?,fact-21,33
could you tell me what treatment options r available?,fact-15,26
do you have a moment to answer a question please?,ask,6
i'm stressed about money today,financial-problems,51
can you tell me can someone recover from mental illness in simple words?,fact-12,23
could you tell me are you located nearby?,location,65
i need help to i need support with define depression,fact-3,42
guide me to tell me more,learn-more,64
any tips to maintain social connections? what if i feel lonely in simple words briefly?,fact-30,43
"to be honest, i'm worthless",worthless,103
cheers a lot,thanks,94
what does the difference between anxiety and stress mean for me?,fact-31,44
can you help me i've heard that before?,repeat,84
can you explain how to i need advice on something?,user-advice,99
could you help me i'm always busy?,time-management,96
i want to know are there cures for mental health problems for me in simple words?,fact-26,38
what are the different types of mental health professionals?,fact-23,35
how can you help clearly?,skill,87
"at the moment, i'm depressed",depressed,17
can you help me i have zero discipline?,discipline,18
i need help to i did what you said and i feel a lot better. thank you very much,user-meditation,101
please help me i want to start therapy,therapy,95
please help me you can't help me,understand,98
i am so grieving,grief,57
stress is overwhelming me,stress-management,90
i feel struggling with addiction lately,addiction-support,2
can you explain can we talk about something else?,not-talking,76
help me understand is recovery from mental illness possible for me briefly?,fact-12,23
i feel extremely having family problems,family-issues,50
i am alone,loneliness,66
can you explain how to i need positive words?,positive-affirmation,80
help in simple words?,help,61
guide me to i appreciate this,gratitude,55
i have a question: what can i do to know if i'm unwell?,fact-29,41
quick question: explain the importance of mental health in simple words clearly briefly?,fact-2,31
quick question: what should i know before starting a new medication?,fact-20,32
can you help me i need support with difference between sadness and depression in simple words?,fact-32,45
i want to know what do i do if i'm worried about my mental health briefly clearly?,fact-28,40
i feel really empty,depressed,17
i need support with affirmation pls,positive-affirmation,80
how do i know if i'm unwell briefly for me please clearly?,fact-29,41
i'd like to know can you tell me a mental health fact?,mental-health-fact,69
i want help with i feel like i'm always the one who feels like i'm being sidelined,friends,52
i want help with emergency mental health help,crisis-resources,14
i have a question: where else can i get help?,fact-19,30
where should i look for therapy clearly in simple words clearly?,fact-21,33
give me a simple definition of the difference between sadness and depression?,fact-32,45
can you explain how to thank you for the meditation tips. i'm noticing a positive difference in my mood?,user-meditation,101
guide me to i want to start therapy,therapy,95
how can i maintain social connections? what if i feel lonely in simple words briefly in simple words?,fact-30,43
quick question: what should i do if i know someone who appears to have the symptoms of a mental disorder?,fact-13,24
i have a question: i have a question: where else can i get help?,fact-19,30
could you help me i've heard that before?,repeat,84
i have a question: i want to know what r some of the warning signs of mental illness for me please?,fact-11,22
i want to know are you even listening?,stupid,92
calm my breathing,breathing-exercise,8
explain the best way to find a mental health professional for myself or my child for me for me?,fact-14,25
i need help to that's not what i'm looking for,wrong,104
can you explain how to i need to set some goals?,goal-setting,53
i feel extremely angry,anger,4
i'm bad when i compare myself right now,comparison,11
what should i know about self-care?,self-care,86
"today, i keep comparing myself to others",comparison,11
i'm struggling with addiction lately,addiction-support,2
"honestly, i've been having problems at work",work-problems,102
i need help to i want to feel better about myself,self-care,86
howdy,greeting,56
can you tell me are you available in morocco?,location,65
i am extremely dealing with trauma,trauma,97
can you explain how to tell me more?,learn-more,64
could you define the best way to know if i'm unwell clearly for me?,fact-29,41
"at the moment, i've been feeling depressed",depressed,17
"at the moment, i am happy",happy,58
how can i maintain social connections? what if i feel lonely briefly briefly for me?,fact-30,43
i need help to mental health emergency,crisis-resources,14
what's the best way to breathe to calm down?,breathing-exercise,8
i'm really insecure about myself,low-self-esteem,67
i have a question: quick question: what do i do if i'm worried about my mental health in simple words clearly clearly?,fact-28,40
i am bored these days,boredom,7
can you help me i have no motivation?,motivation,71
boyfriend,default,16
help me understand can you help me with some advice?,user-advice,99
how's it going?,casual,10
i have a question: could you tell me what r some of the warning signs of mental illness clearly?,fact-11,22
give me advice about i need a hotline,crisis-resources,14
help me understand is there any cure for mental health problems?,fact-26,38
what does it mean to have a mental illness clearly?,fact-8,49
i want help with i don't feel like talking right now,not-talking,76
could you help me i can't stick to anything?,discipline,18
how can i know if i have depression in simple words?,fact-5,46
guide me to i'm thankful for your advice. i'll continue meditating and focus on what i have the ability to change,pandora-useful,77
i need help to i'm mourning the loss of my parent,death,15
"to be honest, i am happy",happy,58
i am very dealing with trauma,trauma,97
can you explain where are you from?,location,65
i have a question: how were you created?,creation,13
i need help to i'm feeling down because i failed a test,problem,81
how are you doing briefly?,casual,10
please help me let's change the subject,something-else,89
can you help me i don't know what my goals are?,goal-setting,53
give me advice about nobody understands me,understand,98
explain the best way to find a mental health professional for myself or my child for me in simple words briefly?,fact-14,25
i am so bored,boredom,7
"quick question: i have a question: if i become involved in treatment, what do i need to know for me?",fact-16,27
where else can i get help in simple words?,fact-19,30
can you explain can people with mental illness recover clearly for me?,fact-12,23
"right now, i feel stressed",stressed,91
could you help me affirmation please?,positive-affirmation,80
"at the moment, i am insecure about myself",low-self-esteem,67
i'd like to know what r the different types of mental health professionals clearly?,fact-23,35
quick question: what can i do to find therapy clearly?,fact-21,33
"to be honest, i feel having problems at work",work-problems,102
can you define a therapist in simple words?,fact-6,47
quick question: quick question: i'd like to know where else can i get help for me please briefly?,fact-19,30
are you even listening clearly?,stupid,92
i am stressed these days,stressed,91
"at the moment, i am dealing with trauma",trauma,97
guide me to this topic doesn't interest me,something-else,89
i need help to i hate you,hate-you,60
"yes, i would like to learn more about it",learn-more,64
guide me to life doesn't seem worth living,suicide,93
give me advice about yeah you're absolutely right about that,user-agree,100
could you tell me what should i do if i know someone who appears to have the symptoms of a mental disorder in simple words?,fact-13,24
can you explain how to thanks for your support. i'll commit to meditation and redirect my energy towards the things i have power over?,pandora-useful,77
i'd like to know can you tell me more?,learn-more,64
could you tell me are there cures for mental health problems for me?,fact-26,38
i have a question: help me understand is recovery from mental illness possible please in simple words clearly?,fact-12,23
explain the importance of mental health in simple words clearly?,fact-2,31
"to be honest, i'm insecure about myself",low-self-esteem,67
how can i know if i'm unwell briefly for me?,fact-29,41
i feel so worthless,worthless,103
"today, i feel stressed",stressed,91
i need support with you're repeating what you said,repeat,84
where are you from in simple words?,location,65
i want to know can you tell me what treatment options are available in simple words?,fact-15,26
i need help to i'd love to hear more,learn-more,64
i need support with i want clear objectives,goal-setting,53
i need help to define mental health,fact-1,21
quick question: could you tell me where can i learn about types of mental health treatment in simple words?,fact-22,34
"quick question: if i become involved in treatment, what do i need to know in simple words for me please?",fact-16,27
can you help me i want some advice?,user-advice,99
i want help with i need a breathing exercise,breathing-exercise,8
i am dealing with trauma these days,trauma,97
what are some of the warning signs of mental illness briefly?,fact-11,22
i have a question: could you explain where should i look for therapy clearly for me?,fact-21,33
could you help me define depression?,fact-3,42
i feel better now,user-meditation,101
can you help me you don't like me?,hate-me,59
i want help with i want to unwind,relaxation-techniques,83
i feel having relationship problems today,relationship-issues,82
i have a question: could you tell me what does it mean to have a mental illness in simple words?,fact-8,49
i'd like to know what should i call you?,name,72
can you explain what do i do if i'm worried about my mental health for me for me for me?,fact-28,40
i feel very happy,happy,58
could you tell me what should i do if i know someone who appears to have the symptoms of a mental disorder clearly?,fact-13,24
how are anxiety and stress briefly different?,fact-31,44
do you know any jokes in simple words?,jokes,62
quick question: could you explain what treatment options are available?,fact-15,26
give me advice about i'd like to shift the conversation to something else,something-else,89
i'm dealing with loss these days,grief,57
can you help me just taking it easy?,neutral-response,73
what does self-care mean?,self-care,86
could you tell me what does it mean to have a mental illness briefly?,fact-8,49
i have a question: help me understand the best way to know if i'm unwell clearly clearly?,fact-29,41
"to be honest, i feel angry",anger,4
i am very grieving,grief,57
give me advice about tell me something positive,positive-affirmation,80
i am happy today,happy,58
what are you doing?,casual,10
i want help with i don't trust you,hate-you,60
quick question: can you define the importance of mental health please?,fact-2,31
i'd like to know what can trigger mental health problems in simple words?,fact-27,39
hey gmornin,morning,70
can you explain where can i get crisis help?,crisis-resources,14
guide me to relationship,default,16
"i have a question for you, if that's okay please?",ask,6
i'm quite really anxious,anxious,5
can you explain is therapy right for me?,therapy,95
could you tell me where do i go to find a support group briefly?,fact-24,36
i am so having family problems,family-issues,50
i have a question: quick question: explain the importance of mental health briefly?,fact-2,31
"honestly, i feel grieving",grief,57
could you help me i'm mourning the loss of my parent?,death,15
could you explain what can trigger mental health problems please?,fact-27,39
i've been stressed about school,academic-stress,1
i've been having family problems today,family-issues,50
hi friend,greeting,56
can you tell me what should i do if i know someone who appears to have the symptoms of a mental disorder please?,fact-13,24
gm bma,morning,70
i'd like to know can we discuss something different?,something-else,89
give me advice about i have trouble falling asleep,sleep,88
i need help to i'm feeling frustrated because i can't seem to solve this problem,problem,81
afternoon briefly,afternoon,3
how can i know if i'm unwell for me in simple words?,fact-29,41
can you help me with some advice briefly?,user-advice,99
hey hello afternoon,afternoon,3
show me how to i think you dislike me,hate-me,59
guide me to hmmm that sounds like it could be useful to me,meditation,68
i'm extremely having relationship problems,relationship-issues,82
you are helpful for me clearly clearly,compliment,12
any tips to know if i'm unwell in simple words?,fact-29,41
i have a question: explain the best way to find a mental health professional for myself or my child for me in simple words briefly please clearly?,fact-14,25
"can you help me meditation seems intriguing, but i'm not sure if it's for me?",meditation,68
show me how to life doesn't seem worth living,suicide,93
guide me to i've thought about killing myself,suicide,93
you must hate me,hate-me,59
give me advice about you're against me,hate-me,59
could you help me i feel thankful?,gratitude,55
i want help with i'm mourning the loss of my parent,death,15
quick question: i'd like to know what r some of the warning signs of mental illness clearly?,fact-11,22
good day bot,afternoon,3
guide me to give me an affirmation,positive-affirmation,80
i need help to exams,default,16
could you help me i can't get to sleep?,sleep,88
i want help with you're so stupid,stupid,92
explain a therapist?,fact-6,47
give me advice about please explain further,learn-more,64
i am feeling low,sad,85
i need help to define depression,fact-3,42
could you help me thanks for your support. i'll commit to meditation and redirect my energy towards the things i have power over?,pandora-useful,77
i'd like to know can you tell me what are the different types of mental health professionals?,fact-23,35
"lately, i'm stressed about school",academic-stress,1
i am very anxious,anxious,5
i feel unmotivated,motivation,71
what can trigger mental health problems please?,fact-27,39
could you help me i don't think that's accurate?,wrong,104
i want to know is now a good time for me to ask something?,ask,6
what can i do to develop my mindset?,personal-development,79
can you help me tell me another fact about mental health?,mental-health-fact,69
please help me i know you hate me,hate-me,59
can you tell me can you explain are there cures for mental health problems?,fact-26,38
that helped a lot,thanks,94
i want help with i did what you said and i feel a lot better. thank you very much,user-meditation,101
can you help me i need positive words?,positive-affirmation,80
tell me about the importance of mental health briefly please?,fact-2,31
define depression,fact-3,42
can you help me i've said everything i needed to?,done,19
could you help me i followed your advice and i'm feeling much more relaxed?,user-meditation,101
i want to learn about mental health,learn-mental-health,63
"these days, i feel bad when i compare myself",comparison,11
could you help me i feel like i'm always the one who feels like i'm being sidelined?,friends,52
see you soon,goodbye,54
"right now, i feel stressed about money",financial-problems,51
i need support with i'm not interested in this topic,something-else,89
any tips to know if i'm unwell in simple words in simple words please for me?,fact-29,41
i keep comparing myself to others these days,comparison,11
i want help with i've heard that before,repeat,84
what can i do to find a mental health professional for myself or my child briefly in simple words?,fact-14,25
i feel thankful,gratitude,55
i have a question: do you know any jokes?,jokes,62
i am bored,boredom,7
what does therapy do clearly?,therapy,95
could you tell me where else can i get help please?,fact-19,30
quick question: help me understand a therapist briefly for me?,fact-6,47
i am very stressed,stressed,91
i need help to tell me another fact about mental health,mental-health-fact,69
could you tell me what can you do?,skill,87
could you tell me what does it mean to have a mental illness briefly clearly?,fact-8,49
could you help me help me breathe?,breathing-exercise,8
share a mental health fact,mental-health-fact,69
"at the moment, i feel sad",sad,85
i feel extremely empty,depressed,17
"if i become involved in treatment, what do i need to know in simple words for me please please?",fact-16,27
hey good morning bma,morning,70
i want help with mental health emergency,crisis-resources,14
could you tell me what does a therapist do?,fact-6,47
i am stressed about money right now,financial-problems,51
i need support with my sibling died,death,15
what are the different types of mental health professionals please?,fact-23,35
can we talk about something else instead please?,something-else,89
can you explain how to teach me a relaxation technique?,relaxation-techniques,83
any tips to find a mental health professional right for my child or myself clearly?,fact-18,29
can you give me some advice briefly?,user-advice,99
how can i find a mental health professional right for my child or myself briefly?,fact-18,29
i have a question: could you explain what leads to mental health problems briefly clearly?,fact-27,39
quick question: could you tell me what should i do if i know someone who appears to have the symptoms of a mental disorder clearly please briefly?,fact-13,24
how can i find a mental health professional for myself or my child for me?,fact-14,25
can you explain how to i want to develop myself briefly?,personal-development,79
could you explain can you prevent mental health problems please for me?,fact-25,37
could you tell me where can i get crisis help?,crisis-resources,14
i need support with i feel like i'm never rested,sleep,88
"at the moment, i have low self-esteem",low-self-esteem,67
talk later for now,goodbye,54
i need help to i need urgent help,crisis-resources,14
hey you bma,greeting,56
i'm alone,loneliness,66
may i seek your advice on a matter?,ask,6
quick question: help me understand the best way to find a mental health professional right for my child or myself clearly?,fact-18,29
quick question: help me understand is recovery from mental illness possible briefly clearly?,fact-12,23
i'm having family problems today,family-issues,50
could you explain who is therapy for briefly?,fact-7,48
can u prevent mental health problems briefly?,fact-25,37
i need support with no just stay away,not-talking,76
i don't have anything more to say,done,19
gm bot,morning,70
i'm stressed about school at the moment,academic-stress,1
i feel so having problems at work,work-problems,102
i've been grieving these days,grief,57
i have a question: could you tell me what do i do if i'm worried about my mental health please in simple words?,fact-28,40
hello morning bma,morning,70
i am anxious at the moment,anxious,5
i have a question: i have a question: help me understand is recovery from mental illness possible in simple words?,fact-12,23
i feel panicking right now lately,panic-attack,78
i have a question: who am i talking to?,name,72
can you explain what can you do?,about,0
"honestly, i feel insecure about myself",low-self-esteem,67
give me advice about i'm mourning the loss of my parent,death,15
catch you later for now,goodbye,54
can you define the best way to maintain social connections? what if i feel lonely in simple words for me?,fact-30,43
"at the moment, i've been feeling anxious",anxious,5
i have a question: do i need therapy please?,fact-7,48
how can i know if i'm unwell briefly please?,fact-29,41
i'm alone lately,loneliness,66
i am grieving,grief,57
can you explain what are the different types of mental health professionals please clearly?,fact-23,35
could you help me say something nice to me?,positive-affirmation,80
"at the moment, i've been grieving",grief,57
i can't bring myself to open up,not-talking,76
i need to plan my future,goal-setting,53
what treatment options are available briefly briefly?,fact-15,26
guide me to i think i could benefit from that,meditation,68
thank you so much a lot,thanks,94
i need help to that's not quite accurate,wrong,104
i need help to i'm thankful for your advice. i'll continue meditating and focus on what i have the ability to change,pandora-useful,77
i have a question and need advice,user-advice,99
afternoon,afternoon,3
i want to know what does a therapist do briefly?,fact-6,47
i have a question: could you help me i need support with define mental health in simple words?,fact-1,21
i have a question: could you explain what should i do if i know someone who appears to have the symptoms of a mental disorder please clearly briefly clearly?,fact-13,24
any tips to take care of myself?,self-care,86
"to be honest, i am stressed about school",academic-stress,1
"right now, i am stressed about money",financial-problems,51
can you help me with some advice?,user-advice,99
quick question: can we talk about something else instead?,something-else,89
i feel like i'm always the one who feels like i'm being shunned,friends,52
i've been grieving right now,grief,57
i have a question: quick question: could you tell me what should i do if i know someone who appears to have the symptoms of a mental disorder in simple words briefly briefly?,fact-13,24
please help me help me build discipline,discipline,18
i remember you saying that,repeat,84
that's all,done,19
i don't believe in myself today,low-self-esteem,67
quick question: quick question: what does a therapist do for me clearly?,fact-6,47
could you help me friends?,default,16
i'd like to know can you define the difference between mental health professionals clearly?,fact-17,28
"guide me to no, that would be all",done,19
"at the moment, i'm bad when i compare myself",comparison,11
can you explain how to i feel like i'm always the one who feels like i'm being excluded?,friends,52
i want help with i feel unmotivated,motivation,71
how do i develop my mindset?,personal-development,79
"quick question: if i become involved in treatment, what do i need to know in simple words?",fact-16,27
i have a question: introduce yourself?,about,0
quick question: can you tell me where can i learn about types of mental health treatment?,fact-22,34
could you explain where else can i get help in simple words?,fact-19,30
what are stress management tips?,stress-management,90
give me advice about calm my breathing,breathing-exercise,8
i have a question: help me understand is recovery from mental illness possible please briefly in simple words?,fact-12,23
what can i do to maintain social connections? what if i feel lonely clearly?,fact-30,43
where should i look for therapy for me?,fact-21,33
i'd like to know can you tell me what should i know before starting a new medication briefly in simple words?,fact-20,32
i'm mourning the loss of my parent,death,15
alright ttyl,goodbye,54
i want help with girlfriend,default,16
please help me i think i could benefit from that,meditation,68
show me how to i feel like i'm always the one who feels like i'm being avoided,friends,52
i feel depressed at the moment,depressed,17
greetings friend,greeting,56
what should i know before starting a new medication please?,fact-20,32
"i have a question: quick question: i have a question: if i become involved in treatment, what do i need to know clearly in simple words please clearly?",fact-16,27
i need help to help me set goals,goal-setting,53
i need support with calm my breathing,breathing-exercise,8
"honestly, i feel panicking right now",panic-attack,78
"at the moment, i'm worthless",worthless,103
can you tell me what treatment options are available in simple words?,fact-15,26
"at the moment, i've been struggling with addiction",addiction-support,2
give me something to laugh about,jokes,62
"at the moment, i am having problems at work",work-problems,102
show me how to my uncle died,death,15
i need support with give me a mental health fact,mental-health-fact,69
show me how to i'd love to hear more,learn-more,64
i have a question: i have a question: i have a question: explain the best way to find a mental health professional for myself or my child?,fact-14,25
i want to know where else can i get help in simple words please?,fact-19,30
i feel so overwhelmed,stressed,91
i need support with i don't feel like talking right now,not-talking,76
could you help me thanks for your wisdom. i'll make meditation a regular practice and direct my focus towards what i can influence?,pandora-useful,77
could you help me i need urgent help clearly?,crisis-resources,14
how do i know if i have depression clearly please?,fact-5,46
can you explain what are the different types of mental health professionals?,fact-23,35
i am sad,sad,85
any tips to find a support group briefly please?,fact-24,36
i want help with i don't want to talk about it,not-talking,76
i'm sad,sad,85
guide me to i'm feeling overwhelmed because i have too many assignments to complete,problem,81
hey gn please,night,74
why does mental health matter please?,fact-2,31
show me how to that sounds useful,meditation,68
give me advice about i'm feeling anxious because i have a presentation coming up,problem,81
guide me to i feel unmotivated,motivation,71
i want help with please help me i want to start therapy,therapy,95
i need help to your meditation advice was spot on! i feel more centered and grounded now,user-meditation,101
"these days, i'm stressed",stressed,91
i am having problems at work right now,work-problems,102
what are you doing please?,casual,10
i am so burned out,burnout,9
can you explain how to i feel better now?,user-meditation,101
show me how to let's change the subject,something-else,89
evening bma bot for me,evening,20
how about a joke briefly?,jokes,62
"to be honest, i've been stressed",stressed,91
"to be honest, i feel anxious",anxious,5
until next time for now,goodbye,54
can you help me yeah you're absolutely right about that?,user-agree,100
"these days, i'm really anxious",anxious,5
can you define the difference between mental health professionals for me?,fact-17,28
what do i do if i'm worried about my mental health briefly?,fact-28,40
please help me i'm feeling down because i failed a test,problem,81
could you help me difference between sadness and depression?,fact-32,45
"if i become involved in treatment, what do i need to know in simple words?",fact-16,27
"lately, i've been grieving",grief,57
could you help me i lost my drive?,motivation,71
i want help with i want to develop myself,personal-development,79
am i suffering from depression clearly briefly?,fact-5,46
can you define depression?,fact-3,42
my cousin died,death,15
i have a question: help me understand what r some of the warning signs of mental illness in simple words?,fact-11,22
help me understand can u prevent mental health problems in simple words briefly?,fact-25,37
i've been having relationship problems right now,relationship-issues,82
please help me give me a mental health fact,mental-health-fact,69
could you tell me can you help me with some advice?,user-advice,99
i'm feeling low,sad,85
help me understand where can i get crisis help?,crisis-resources,14
i need support with ok sure. i would like to learn more about it,learn-more,64
you are kind,compliment,12
"i have a question: if i become involved in treatment, what do i need to know clearly in simple words please?",fact-16,27
give me advice about friends,default,16
i need help to i feel like i'm always the one who feels like i'm being isolated,friends,52
ge briefly,evening,20
what can i do to find a support group?,fact-24,36
can you explain how to i know you hate me?,hate-me,59
i'm lonely lately,loneliness,66
what can you do in simple words?,skill,87
could you tell me where can i learn about types of mental health treatment clearly?,fact-22,34
i'm really anxious today,anxious,5
do you have a brain for me?,stupid,92
i have a question: can you prevent mental health problems briefly?,fact-25,37
quick question: i'd like to know where else can i get help for me?,fact-19,30
i feel burned out these days,burnout,9
i have a question: what are you?,about,0
"these days, i've been bored",boredom,7
can you explain what does a therapist do?,fact-6,47
i want help with i'd love to hear more,learn-more,64
"today, i am dealing with trauma",trauma,97
i feel struggling after something traumatic,trauma,97
i need support with please explain further,learn-more,64
quick question: could you explain what leads to mental health problems for me for me in simple words?,fact-27,39
where else can i get help?,fact-19,30
any tips to know if i'm unwell in simple words in simple words please?,fact-29,41
give me advice about i want to kill myself,suicide,93
hi friend friend,greeting,56
i want to know can you tell me a mental health fact?,mental-health-fact,69
what is the importance of mental health briefly?,fact-2,31
i feel happy right now,happy,58
things are tense at home at the moment,family-issues,50
i am having relationship problems,relationship-issues,82
i need help to i've heard that before,repeat,84
"these days, i'm grieving",grief,57
can you explain how were you made?,creation,13
i have a question: what does a therapist do?,fact-6,47
could you help me just taking it easy?,neutral-response,73
show me how to i feel like ending my life,suicide,93
show me how to tips for self-care,self-care,86
i need support with i think you dislike me,hate-me,59
can you help me give me something to laugh about?,jokes,62
i have a question: i want to know what does it mean to have a mental illness in simple words clearly?,fact-8,49
"right now, i've been stressed about money",financial-problems,51
please help me life doesn't seem worth living,suicide,93
any tips to find a mental health professional right for my child or myself clearly in simple words please?,fact-18,29
what is depression?,fact-3,42
can you help me yeah you're right. i deserve a break?,user-agree,100
"give me advice about that makes sense, i should take some time for myself",user-agree,100
give me a simple definition of a therapist please in simple words?,fact-6,47
what helps with relaxation in simple words?,relaxation-techniques,83
"these days, i've been panicking right now",panic-attack,78
good day bma bot,afternoon,3
help me understand can u prevent mental health problems please please?,fact-25,37
give me advice about i need some advice,user-advice,99
"please help me you're correct, i need to take a break",user-agree,100
i have a question: i want to know what does it mean to have a mental illness?,fact-8,49
i'm stressed about school,academic-stress,1
how do i be more grateful?,gratitude,55
i want help with i'm feeling a bit overwhelmed,no-approach,75
can you explain how to you can't help me?,understand,98
"honestly, i'm worthless",worthless,103
what does therapy mean in simple words for me?,fact-7,48
"these days, i feel having problems at work",work-problems,102
"i need support with you're right, i should give myself some time to relax",user-agree,100
i'd like to know where are you from?,location,65
give me advice about girlfriend,default,16
you're helpful briefly in simple words please please in simple words,compliment,12
i am sad right now,sad,85
can you help me i need information on mental health?,learn-mental-health,63
can you explain how to i can't get anything done?,time-management,96
guide me to i feel like i'm never rested,sleep,88
i've been feeling burned out today,burnout,9
i need support with i want to unwind,relaxation-techniques,83
"show me how to i've heard about meditation, but i'm not sure how to start",meditation,68
i have a question: what r the different types of mental health professionals?,fact-23,35
could you explain what leads to mental health problems for me?,fact-27,39
i have a question: can you assist me?,help,61
quick question: i have a question: what should i know before starting a new medication?,fact-20,32
didn't you already mention that?,repeat,84
good evening,evening,20
could you help me you're so stupid?,stupid,92
could you help me yeah you're absolutely right about that?,user-agree,100
i need support for addiction today,addiction-support,2
where are you located clearly?,location,65
i need support with thank you for being here,gratitude,55
show me how to tell me about mental health,learn-mental-health,63
"guide me to yes, i would like to learn more about it",learn-more,64
i'm lonely,loneliness,66
i have a question: do i need therapy?,fact-7,48
can you tell me why does mental health matter in simple words please?,fact-2,31
can you help me i need to relax?,relaxation-techniques,83
could you help me i want to kill myself?,suicide,93
can you explain how to guide me to difference between sadness and depression briefly?,fact-32,45
show me how to i can't relax,relaxation-techniques,83
how do i find a mental health professional right for my child or myself briefly in simple words?,fact-18,29
i've been stressed about money at the moment,financial-problems,51
"today, i am worthless",worthless,103
can you explain how to you're such an idiot?,stupid,92
you're helpful briefly in simple words please briefly,compliment,12
i need help to tell me something positive,positive-affirmation,80
can you explain can you help me define mental health briefly please?,fact-1,21
"show me how to i see your point, i should take a step back and rest",user-agree,100
give me a simple definition of the importance of mental health in simple words in simple words in simple words?,fact-2,31
can you explain how to i feel like i'm always the one who feels like i'm being sidelined?,friends,52
"these days, i keep comparing myself to others",comparison,11
i want to know who created you?,creation,13
quick question: help me understand a therapist for me?,fact-6,47
hello friend there,greeting,56
i feel very bad when i compare myself,comparison,11
could you help me nothing else?,done,19
i have a question: tell me about yourself?,about,0
please help me i want to practice gratitude,gratitude,55
any tips to maintain social connections? what if i feel lonely in simple words?,fact-30,43
give me advice about thank you for your assistance. i'll stick to meditation and channel my efforts towards the aspects of my life that i can control,pandora-useful,77
"i want help with you're correct, i need to take a break",user-agree,100
i feel having family problems at the moment,family-issues,50
i want help with i'm thankful,gratitude,55
"if i become involved in treatment, what do i need to know in simple words in simple words for me please in simple words?",fact-16,27
"right now, i feel dealing with trauma",trauma,97
can you help me just shut up?,not-talking,76
"these days, i've been feeling bored",boredom,7
i feel exhausted from everything,burnout,9
can you explain where do you live?,location,65
tell me about the difference between sadness and depression?,fact-32,45
hey hey night,evening,20
alright i have to go now,goodbye,54
could you define self-care?,self-care,86
difference between anxiety and stress in simple words?,fact-31,44
see you soon for now,goodbye,54
hey hey good afternoon bot,afternoon,3
can you help me you don't get it?,understand,98
that's all i have to say,done,19
alright bye,goodbye,54
i've been angry,anger,4
please help me i have trouble falling asleep,sleep,88
yeah you're absolutely right about that,user-agree,100
hey night bot,night,74
quick question: where do i go to find therapy briefly in simple words?,fact-21,33
i have a question: what treatment options are available?,fact-15,26
i have a question: i have a question: help me understand depression briefly?,fact-3,42
guide me to i don't want to talk about it,not-talking,76
you are amazing please,compliment,12
i've been struggling with addiction,addiction-support,2
i've been dealing with trauma today,trauma,97
quick question: could you explain what leads to mental health problems for me for me briefly?,fact-27,39
i want help with i know you hate me,hate-me,59
help me understand therapy briefly?,fact-7,48
quick question: i'd like to know where can i learn about types of mental health treatment briefly?,fact-22,34
i feel bad when i compare myself at the moment,comparison,11
quick question: give me a simple definition of depression for me?,fact-3,42
"meditation seems intriguing, but i'm not sure if it's for me",meditation,68
can we discuss something different clearly?,something-else,89
i need support with you're such an idiot,stupid,92
"guide me to interesting, i might give that a try",meditation,68
can you help me let's change the subject?,something-else,89
i'm extremely grieving,grief,57
help me understand is recovery from mental illness possible please please?,fact-12,23
can you tell me can we talk about something else instead?,something-else,89
i need help to your guidance has been invaluable. i'll continue practicing meditation and focus on the aspects of my life that i can influence,pandora-useful,77
please help me i'm feeling anxious because i have a presentation coming up,problem,81
could you help me i'm bored of this topic. let's talk about something else?,something-else,89
i have a question: who is your developer?,creation,13
i have a question: help me understand is recovery from mental illness possible please in simple words briefly?,fact-12,23
i am really stressed,stressed,91
give me advice about i am going to kill myself,suicide,93
i want help with you're against me,hate-me,59
show me how to my aunt passed away,death,15
i have a question: what does therapy do please briefly?,therapy,95
are you even listening briefly?,stupid,92
"right now, i'm lonely",loneliness,66
"these days, i'm bored",boredom,7
could you help me financial problems?,default,16
"if i become involved in treatment, what do i need to know in simple words in simple words for me please?",fact-16,27
nothing much,neutral-response,73
"at the moment, i'm burned out",burnout,9
can you help me breathing techniques?,breathing-exercise,8
please help me that's déjà vu,repeat,84
i'd like to know can you explain how to help me become better?,personal-development,79
could you explain what leads to mental health problems briefly?,fact-27,39
"quick question: i have a question: if i become involved in treatment, what do i need to know in simple words?",fact-16,27
i have a question: explain the best way to find a mental health professional for myself or my child please?,fact-14,25
can you explain how to you don't understand me?,understand,98
"honestly, i feel dealing with trauma",trauma,97
show me how to i'm feeling anxious because i have a presentation coming up,problem,81
could you help me this topic doesn't interest me?,something-else,89
can you help me you're clueless?,stupid,92
could you help me nobody understands me?,understand,98
what treatment options r available briefly?,fact-15,26
help me understand is now a good time for me to ask something?,ask,6
quick question: i have a question: i have a question: explain the best way to find a mental health professional for myself or my child please for me?,fact-14,25
i feel having problems at work,work-problems,102
good evening bot bot clearly,evening,20
i'd like to know can you help me with some advice?,user-advice,99
can you explain how to yeah you're absolutely right about that?,user-agree,100
hey good morning,morning,70
"lately, i'm struggling after something traumatic",trauma,97
i'd like to know where should i look for therapy?,fact-21,33
i have a question: can you define the best way to maintain social connections? what if i feel lonely in simple words clearly?,fact-30,43
quick question: quick question: where else can i get help briefly for me in simple words?,fact-19,30
could you help me give me a mental health fact?,mental-health-fact,69
my studies are overwhelming me these days,academic-stress,1
could you help me i can't relax for me?,relaxation-techniques,83
quick question: i want to know what does a therapist do for me briefly?,fact-6,47
"right now, i've been struggling with addiction",addiction-support,2
"to be honest, i've been having problems at work",work-problems,102
i am extremely bad when i compare myself,comparison,11
can you help me i have no time?,time-management,96
could you explain what are your capabilities?,skill,87
what are stress management tips clearly?,stress-management,90
please help me i'd love to hear more,learn-more,64
i followed your advice and i'm feeling much more relaxed,user-meditation,101
i'd like to know who am i talking to?,name,72
could you define your origin?,creation,13
"honestly, i'm stressed",stressed,91
you are great clearly,compliment,12
i'm bored lately,boredom,7
what makes mental health important for me please?,fact-2,31
i'd like to know what does a therapist do for me clearly?,fact-6,47
please help me i can't bring myself to open up,not-talking,76
help me understand the best way to find a support group?,fact-24,36
could you tell me what country are you for?,location,65
i'm very grieving,grief,57
"right now, i am sad",sad,85
what's the best way to maintain social connections? what if i feel lonely in simple words?,fact-30,43
give me advice about i want to unwind,relaxation-techniques,83
could you explain what r some of the warning signs of mental illness?,fact-11,22
really thx,thanks,94
i have a question: what can trigger mental health problems please in simple words?,fact-27,39
goodbye for now,goodbye,54
i've been feeling insecure about myself,low-self-esteem,67
do you know any jokes please?,jokes,62
good chatbot,compliment,12
where can i learn about types of mental health treatment briefly clearly?,fact-22,34
why are you even here for me?,hate-you,60
can you tell me what should i do if i know someone who appears to have the symptoms of a mental disorder briefly?,fact-13,24
could you help me i think we covered everything?,done,19
could you tell me are you available in morocco?,location,65
i need help to just taking it easy,neutral-response,73
"lately, i am anxious",anxious,5
can you help me you're useless?,understand,98
i need support with define mental health,fact-1,21
could you tell me where are you from?,location,65
give me advice about i want to feel better about myself,self-care,86
i am really bored,boredom,7
guide me to you're saying the same thing,repeat,84
what r the different types of mental health professionals please in simple words?,fact-23,35
i need help to i am going to kill myself,suicide,93
quick question: can people with mental illness recover clearly in simple words?,fact-12,23
i feel happy lately,happy,58
i feel grieving,grief,57
i have low self-esteem lately,low-self-esteem,67
how are anxiety and stress for me different?,fact-31,44
what r the different types of mental health professionals for me?,fact-23,35
help me handle stress,stress-management,90
can you explain can you give me some advice?,user-advice,99
where can i go to find therapy clearly?,fact-21,33
i need help to share a mental health fact,mental-health-fact,69
give me advice about i waste too much time,time-management,96
i've been having problems at work right now,work-problems,102
show me how to give me an affirmation,positive-affirmation,80
i have a question: i have a question: explain the best way to find a mental health professional for myself or my child briefly?,fact-14,25
i want help with you're repeating what you said,repeat,84
give me a hand please please?,help,61
i need help to you can't possibly know what i'm going through,understand,98
explain your origin?,creation,13
could you tell me what can you do?,about,0
let's change the subject,something-else,89
i need help to please explain further,learn-more,64
alright ok bye,goodbye,54
i feel really having family problems,family-issues,50
i need support with i toss and turn all night,sleep,88
can you help me in simple words?,help,61
can you help me just chillin'?,neutral-response,73
i want to know can you explain who is therapy for clearly for me?,fact-7,48
i want help with i feel exhausted but can't sleep,sleep,88
"to be honest, i feel struggling with addiction",addiction-support,2
help me understand what treatment options r available for me?,fact-15,26
"could you help me that's a good idea, i need to take care of myself?",user-agree,100
"these days, i've been feeling lonely",loneliness,66
i am so panicking right now,panic-attack,78
i feel extremely dealing with trauma,trauma,97
r there cures for mental health problems please?,fact-26,38
"guide me to meditation seems intriguing, but i'm not sure if it's for me",meditation,68
"today, i'm sad",sad,85
can you explain how to thank you for your assistance. i'll stick to meditation and channel my efforts towards the aspects of my life that i can control?,pandora-useful,77
i'm really sad,sad,85
can someone recover from mental illness in simple words?,fact-12,23
how do i maintain social connections? what if i feel lonely clearly?,fact-30,43
give me advice about stress is overwhelming me,stress-management,90
can you define the difference between sadness and depression for me?,fact-32,45
"at the moment, i feel happy",happy,58
guide me to thanks for your support. i'll commit to meditation and redirect my energy towards the things i have power over,pandora-useful,77
"these days, i am burned out",burnout,9
please help me i appreciate your insights. i'll prioritize meditation and center my attention on the areas where i can make a difference,pandora-useful,77
i'm quite stressed,stressed,91
what are common signs of mental illness?,fact-11,22
can you explain where do i go to find a support group briefly?,fact-24,36
i need support with thank you once again for your advice. i'll make meditation a priority and concentrate on what i have the power to change,pandora-useful,77
how do i find a mental health professional for myself or my child briefly briefly?,fact-14,25
encourage me,positive-affirmation,80
give me advice about i'm not convinced by that,wrong,104
can you tell me where can i learn about types of mental health treatment?,fact-22,34
show me how to i need positive words,positive-affirmation,80
am i depressed briefly for me?,fact-5,46
i am quite angry,anger,4
i need help to tell me about therapy,therapy,95
you're so annoying,hate-you,60
i have a question: could you help me define depression in simple words?,fact-3,42
can you explain how to i'm feeling worried because i have an important deadline approaching?,problem,81
quick question: i want to know what does a therapist do briefly?,fact-6,47
please help me encourage me,positive-affirmation,80
give me advice about relationship,default,16
guide me to my grandparent passed away,death,15
show me how to i don't think that's accurate,wrong,104
can you explain who are you?,about,0
quick question: what is your purpose?,about,0
can you give me some advice in simple words?,user-advice,99
could you tell me what should i do if i know someone who appears to have the symptoms of a mental disorder clearly briefly?,fact-13,24
i want to know where can i learn about types of mental health treatment?,fact-22,34
"guide me to i don't think so, i have too much on my plate",no-approach,75
can you explain can you explain where can i learn about types of mental health treatment in simple words for me briefly?,fact-22,34
i feel quite lonely,loneliness,66
i have a question: quick question: could you explain what can i do to find therapy clearly?,fact-21,33
explain mental health?,fact-1,21
i want help with my grandparent passed away,death,15
show me how to i want to practice gratitude,gratitude,55
quick question: quick question: i have a question: what treatment options are available?,fact-15,26
much obliged a lot,thanks,94
i feel dealing with trauma right now,trauma,97
are you available in morocco?,location,65
can you explain how to tell me about mental health?,learn-mental-health,63
"honestly, i've been having family problems",family-issues,50
i have a question: give me a simple definition of a therapist?,fact-6,47
i don't think i can handle it right now,no-approach,75
what does the difference between anxiety and stress mean?,fact-31,44
i want to know can we discuss something different?,something-else,89
can you give me some advice for me?,user-advice,99
i have a question: quick question: i have a question: am i suffering from depression clearly in simple words clearly?,fact-5,46
could you help me emergency mental health help briefly?,crisis-resources,14
could you help me i need information on mental health?,learn-mental-health,63
could you explain what should i do if i know someone who appears to have the symptoms of a mental disorder please clearly briefly please?,fact-13,24
i've been feeling sad right now,sad,85
can you help me help me calm down?,relaxation-techniques,83
could you explain can you explain what does it mean to have a mental illness please clearly?,fact-8,49
"today, i am angry",anger,4
could you tell me what can trigger mental health problems briefly?,fact-27,39
can you explain how to teach me to breathe?,breathing-exercise,8
can you define the best way to find a mental health professional for myself or my child please for me please clearly?,fact-14,25
could you tell me are there cures for mental health problems in simple words in simple words?,fact-26,38
i have a question: i want to know is there any cure for mental health problems?,fact-26,38
guide me to i can't bring myself to open up,not-talking,76
"to be honest, i'm burned out",burnout,9
please help me you're going in circles,repeat,84
could you help me you don't get it?,understand,98
tell me about a fact about mental health?,mental-health-fact,69
can you help me i followed your advice and i'm feeling much more relaxed?,user-meditation,101
what r some of the warning signs of mental illness for me?,fact-11,22
help me understand where else can i get help in simple words please?,fact-19,30
quick question: help me understand the importance of mental health for me?,fact-2,31
can you tell me can you tell me what should i know about the difference between mental health professionals?,fact-17,28
i want help with i've said everything i needed to,done,19
"honestly, i am bored",boredom,7
show me how to i'm feeling down because i failed a test,problem,81
you are a great bot clearly,compliment,12
i want help with thank you for being here,gratitude,55
please help me this topic doesn't interest me,something-else,89
"honestly, i'm stressed about money",financial-problems,51
give me a simple definition of therapy clearly?,fact-7,48
what are you doing clearly?,casual,10
"these days, i've been struggling with addiction",addiction-support,2
could you help me i'm not convinced by that?,wrong,104
you're helpful briefly in simple words please please in simple words briefly for me,compliment,12
good chatbot clearly briefly,compliment,12
i'd like to know what r the different types of mental health professionals clearly please?,fact-23,35
i need support with i need self-care advice,self-care,86
could you help me you hate me?,hate-me,59
any tips to know if i'm unwell in simple words in simple words?,fact-29,41
"to be honest, i feel having relationship problems",relationship-issues,82
thanks a lot a lot,thanks,94
where else can i get help briefly clearly?,fact-19,30
who built you briefly?,creation,13
i have a question: give me a simple definition of the difference between mental health professionals?,fact-17,28
i need support with i think i could benefit from that,meditation,68
where can i get crisis help clearly?,crisis-resources,14
what can trigger mental health problems briefly clearly clearly?,fact-27,39
can you prevent mental health problems clearly clearly?,fact-25,37
"at the moment, i am sad",sad,85
i toss and turn all night,sleep,88
i need help to my grandparent passed away,death,15
can we talk about something else instead in simple words?,something-else,89
i'm really anxious these days,anxious,5
i want to know can you explain what should i know before starting a new medication for me?,fact-20,32
could you explain can you tell me what treatment options are available in simple words please?,fact-15,26
"these days, i feel stressed",stressed,91
can you explain can you define the difference between mental health professionals for me?,fact-17,28
can you explain what are the different types of mental health professionals briefly?,fact-23,35
"lately, i'm anxious",anxious,5
can you help me i want to kill myself?,suicide,93
please help me i want to die,suicide,93
please help me nothing much,neutral-response,73
please help me ok sure. i would like to learn more about it,learn-more,64
hello night,night,74
afternoon briefly in simple words,afternoon,3
please help me tell me about mental health,learn-mental-health,63
difference between anxiety and stress in simple words please?,fact-31,44
i feel very stressed,stressed,91
show me how to help me breathe,breathing-exercise,8
i'm going to sleep,night,74
i've been feeling burned out at the moment,burnout,9
please help me i'd like to shift the conversation to something else,something-else,89
could you help me i have a question and need advice?,user-advice,99
i have a question: quick question: any tips to maintain social connections? what if i feel lonely?,fact-30,43
quick question: what are your capabilities?,skill,87
i need support with help me build discipline,discipline,18
i feel panicking right now today,panic-attack,78
can you explain what is your name?,name,72
help me understand can you explain what can i do to know if i'm unwell for me?,fact-29,41
hey good day,afternoon,3
quick question: can you tell me what should i do if i know someone who appears to have the symptoms of a mental disorder?,fact-13,24
hey afternoon briefly,afternoon,3
"these days, i'm having problems at work",work-problems,102
quick question: quick question: what can i do to find therapy in simple words please?,fact-21,33
i need help to i need a breathing exercise,breathing-exercise,8
alright bye bye,goodbye,54
can you explain can you explain what should i know before starting a new medication for me?,fact-20,32
what does the best way to maintain social connections? what if i feel lonely in simple words briefly mean?,fact-30,43
show me how to i want to develop myself,personal-development,79
how do i find a mental health professional right for my child or myself?,fact-18,29
i want to know can treatment help people with mental illness?,fact-12,23
could you help me difference between sadness and depression clearly?,fact-32,45
"right now, i am depressed",depressed,17
quick question: quick question: what do i do if i'm worried about my mental health?,fact-28,40
can you explain how to i need self-care advice?,self-care,86
anxiety vs stress for me?,fact-31,44
help me understand what does therapy mean in simple words?,fact-7,48
can you explain how to family?,default,16
i feel dealing with loss,grief,57
what treatment options are available for me?,fact-15,26
i have a question: i have a question: what are the different types of mental health professionals in simple words?,fact-23,35
give me advice about show me how to guide me to please help me guide me to difference between sadness and depression,fact-32,45
can you help me mental health emergency?,crisis-resources,14
hey good afternoon,afternoon,3
quick question: quick question: where else can i get help briefly for me?,fact-19,30
can u prevent mental health problems for me for me?,fact-25,37
i feel empty,depressed,17
can you explain can you tell me something funny?,jokes,62
"i want help with i see your point, i should take a step back and rest",user-agree,100
can u prevent mental health problems clearly?,fact-25,37
i need support with i'd love to hear more,learn-more,64
give me advice about you're going in circles,repeat,84
i'd like to know can you explain what do i do if i'm worried about my mental health for me for me briefly?,fact-28,40
can you explain can you help me with some advice?,user-advice,99
i have a question: tell me about depression briefly?,fact-3,42
i am sad lately,sad,85
can you explain how to i remember you saying that?,repeat,84
help me understand can you help me define depression please please?,fact-3,42
please help me define mental health,fact-1,21
"to be honest, my job is stressing me out",work-problems,102
where do i go to find therapy briefly?,fact-21,33
mental health emergency,crisis-resources,14
i need help to i keep waking up during the night,sleep,88
i'm having family problems these days,family-issues,50
give me advice about say something nice to me,positive-affirmation,80
what's the best way to know if i have depression?,fact-5,46
morning bma in simple words bma,morning,70
"to be honest, i'm having relationship problems",relationship-issues,82
can you help me i remember you saying that?,repeat,84
i'm stressed about money,financial-problems,51
can you help me thank you for being here?,gratitude,55
evening friend,evening,20
"i need help to you're right, i should give myself some time to relax",user-agree,100
i have a question: i'd like to know are there cures for mental health problems briefly in simple words?,fact-26,38
i have a question: what r the different types of mental health professionals briefly?,fact-23,35
please help me help me handle stress,stress-management,90
guide me to i don't have anything more to say,done,19
night bma,night,74
alright see you later,goodbye,54
i want to learn more about mental health,learn-mental-health,63
i go by please?,name,72
could you define a therapist for me?,fact-6,47
could you tell me can you prevent mental health problems?,fact-25,37
things are tense at home today,family-issues,50
i want help with your meditation advice was spot on! i feel more centered and grounded now,user-meditation,101
"i have a question: i have a question: i have a question: if i become involved in treatment, what do i need to know for me clearly?",fact-16,27
can you help me boyfriend?,default,16
can you help me that's déjà vu?,repeat,84
"can you explain how to i've heard about meditation, but i'm not sure how to start?",meditation,68
am i suffering from depression for me?,fact-5,46
quick question: could you help me emergency mental health help briefly?,crisis-resources,14
i have a question: could you explain what does it mean to have a mental illness for me please?,fact-8,49
i want help with stress is overwhelming me,stress-management,90
say something nice to me,positive-affirmation,80
i want help with i think we covered everything,done,19
help me understand where are you from?,location,65
guide me to this sounds familiar,repeat,84
i've been stressed today,stressed,91
i need help to i feel like i'm always the one who feels like i'm being excluded,friends,52
hey morning friend bot,morning,70
what can i do to find a support group briefly?,fact-24,36
i'm having problems at work,work-problems,102
i want help with i keep waking up during the night,sleep,88
i have a question: i'd like to know can you help me i need help to define mental health?,fact-1,21
give me advice about i need advice on something,user-advice,99
hi,greeting,56
give me advice about your guidance has been invaluable. i'll continue practicing meditation and focus on the aspects of my life that i can influence,pandora-useful,77
can you explain what treatment options are available please?,fact-15,26
hey i'm going to sleep,night,74
can you tell me what are your capabilities?,skill,87
show me how to you're repeating what you said,repeat,84
i need support with you're so annoying,hate-you,60
give me advice about that's not what i had in mind,wrong,104
could you help me briefly?,help,61
things are tense at home these days,family-issues,50
ok briefly?,casual,10
"i have a question: if i become involved in treatment, what do i need to know clearly clearly briefly?",fact-16,27
thanks a lot,thanks,94
guide me to tell me another joke,jokes,62
who is therapy for for me?,fact-7,48
please help me i need to be more productive,time-management,96
i'm really bored,boredom,7
guide me to that's not what i had in mind,wrong,104
please help me i don't like you,hate-you,60
i want help with i toss and turn all night,sleep,88
can you help me you're not making any sense?,stupid,92
i'm extremely bored,boredom,7
i'm quite bad when i compare myself,comparison,11
i need help to i need stress relief,stress-management,90
who am i talking to?,name,72
i feel quite panicking right now,panic-attack,78
i'm anxious lately,anxious,5
could you explain can you help me define depression?,fact-3,42
could you tell me what are the different types of mental health professionals?,fact-23,35
i want help with i'm amazed at how much better i feel after incorporating meditation into my daily routine,user-meditation,101
i want to unwind,relaxation-techniques,83
can you help me difference between sadness and depression?,fact-32,45
can you explain how to i never have time?,time-management,96
hey hey morning,morning,70
can you explain where can i learn about types of mental health treatment?,fact-22,34
quick question: could you explain can you prevent mental health problems please for me?,fact-25,37
quick question: give me a simple definition of mental health for me?,fact-1,21
i want to know are there cures for mental health problems clearly?,fact-26,38
guide me to i can't stand you,hate-you,60
hello friend bma,greeting,56
"give me advice about no, that would be all",done,19
can you tell me where else can i get help?,fact-19,30
i want to know what can trigger mental health problems clearly?,fact-27,39
give me advice about i'm not interested in this topic,something-else,89
guide me to i'm thankful,gratitude,55
i have a question: what are the different types of mental health professionals in simple words?,fact-23,35
could you explain are you located nearby?,location,65
can you explain how to nothing much?,neutral-response,73
you're helpful briefly in simple words please please,compliment,12
show me how to i want to unwind,relaxation-techniques,83
oh i see clearly?,casual,10
i am so dealing with trauma,trauma,97
give me advice about i would like to learn more about it,learn-more,64
i need support please?,help,61
why are you even here?,hate-you,60
guide me to share a mental health fact,mental-health-fact,69
please help me i'm thankful for your advice. i'll continue meditating and focus on what i have the ability to change,pandora-useful,77
i want help with i want to practice gratitude,gratitude,55
"give me advice about you're correct, i need to take a break",user-agree,100
give me advice about i'm not sure about that one,wrong,104
what does the best way to find a mental health professional right for my child or myself clearly mean?,fact-18,29
"please help me that makes sense, i should take some time for myself",user-agree,100
"these days, i am having relationship problems",relationship-issues,82
who is your developer please?,creation,13
hmmm that sounds like it could be useful to me,meditation,68
help me understand what treatment options are available?,fact-15,26
guide me to i'm always busy,time-management,96
i need help to you're acting dumb,stupid,92
quick question: quick question: could you explain can you tell me can u prevent mental health problems in simple words?,fact-25,37
can you tell me why does mental health matter in simple words?,fact-2,31
can you help me i feel like i'm always the one who feels like i'm being snubbed?,friends,52
i have a question: i want to know what should i know before starting a new medication please in simple words for me?,fact-20,32
could you explain where can i learn about types of mental health treatment?,fact-22,34
could you help me guide me to help me become better?,personal-development,79
hey hey gn bma,night,74
who built you please?,creation,13
i feel extremely burned out,burnout,9
could you explain where should i look for therapy in simple words?,fact-21,33
could you tell me can u prevent mental health problems for me?,fact-25,37
guide me to i don't trust you,hate-you,60
i have a question: could you tell me what r some of the warning signs of mental illness?,fact-11,22
"lately, i feel depressed",depressed,17
could you tell me can you tell me what can i do to know if i'm unwell?,fact-29,41
can you help me define mental health briefly briefly?,fact-1,21
can you explain why should i keep going?,motivation,71
u r helpful for me clearly,compliment,12
you're helpful please,compliment,12
explain the importance of mental health in simple words?,fact-2,31
give me advice about not really in the mood,no-approach,75
where can i go to find a support group clearly for me in simple words?,fact-24,36
show me how to that's déjà vu,repeat,84
i need help to i feel grateful,gratitude,55
i want to know what treatment options are available for me?,fact-15,26
could you define the best way to know if i'm unwell?,fact-29,41
"honestly, i'm having problems at work",work-problems,102
i am quite stressed about money,financial-problems,51
i need support with i need positive words,positive-affirmation,80
"today, i feel having family problems",family-issues,50
i feel in a good mood,happy,58
i need support with i think we covered everything,done,19
hey evening friend,evening,20
i'm having problems at work right now,work-problems,102
could you tell me what r the different types of mental health professionals for me?,fact-23,35
could you help me i'm wide awake when i should be sleeping?,sleep,88
can you help me i can't stick to anything?,discipline,18
"to be honest, i've been feeling anxious",anxious,5
help me understand the difference between anxiety and stress in simple words in simple words?,fact-31,44
what should i call you briefly?,name,72
show me how to i feel like i'm always the one who feels like i'm being sidelined,friends,52
hey heading to bed bot bma,night,74
i'm stressed about school these days,academic-stress,1
give me advice about i have no motivation,motivation,71
i want to know what r some of the warning signs of mental illness in simple words?,fact-11,22
i want help with this topic doesn't interest me,something-else,89
how do i become disciplined?,discipline,18
can you explain how to i have trouble falling asleep?,sleep,88
could you define the difference between mental health professionals clearly?,fact-17,28
ttyl for now,goodbye,54
i feel very overwhelmed,stressed,91
"to be honest, i am having family problems",family-issues,50
show me how to that's all i have to say,done,19
i want help with i think i could benefit from that,meditation,68
can you explain what does it mean to have a mental illness?,fact-8,49
quick question: quick question: i'd like to know where else can i get help for me clearly?,fact-19,30
i want to know what are you?,about,0
guide me to i'm so stressed out,stress-management,90
why are you even here briefly?,hate-you,60
i'm very bad when i compare myself,comparison,11
i am quite insecure about myself,low-self-esteem,67
i feel stressed,stressed,91
any tips to breathe to calm down?,breathing-exercise,8
guide me to i feel better now,user-meditation,101
could you tell me can you teach me about mental health?,learn-mental-health,63
hey heading to bed for me,night,74
what can i do to know if i'm unwell briefly for me please?,fact-29,41
give me advice about you're useless,hate-you,60
"lately, i've been stressed about school",academic-stress,1
can you tell me more for me?,learn-more,64
explain the importance of mental health briefly for me please for me?,fact-2,31
help clearly?,help,61
i am anxious right now,anxious,5
help me understand can someone recover from mental illness in simple words?,fact-12,23
i want help with i'm not feeling very social right now,no-approach,75
i'm struggling after something traumatic lately,trauma,97
didn't you already mention that in simple words?,repeat,84
show me how to tell me another joke,jokes,62
"lately, i'm having relationship problems",relationship-issues,82
good day bot bma in simple words bma,afternoon,3
should i see a therapist please?,therapy,95
"these days, i have low self-esteem",low-self-esteem,67
what do you specialize in in simple words?,skill,87
i've been bored at the moment,boredom,7
please help me please help me guide me to difference between sadness and depression,fact-32,45
could you tell me what do i do if i'm worried about my mental health please briefly?,fact-28,40
give me advice about exams,default,16
can you help me i need support with difference between sadness and depression?,fact-32,45
you are helpful please please,compliment,12
show me how to i'm feeling tense because i'm having relationship issues,problem,81
could you help me you're going in circles?,repeat,84
"to be honest, i feel bored",boredom,7
can you help me nobody understands me?,understand,98
help me understand can you tell me what r some of the warning signs of mental illness?,fact-11,22
give me advice about your meditation advice was spot on! i feel more centered and grounded now,user-meditation,101
safi,goodbye,54
"quick question: if i become involved in treatment, what do i need to know in simple words in simple words for me please?",fact-16,27
can you explain how to motivate me?,motivation,71
you're helpful briefly in simple words,compliment,12
i'm having relationship problems at the moment,relationship-issues,82
could you define the difference between anxiety and stress?,fact-31,44
i want help with i feel like i'm never rested,sleep,88
can you explain how to show me how to encourage me?,positive-affirmation,80
introduce yourself please?,about,0
"if i become involved in treatment, what do i need to know briefly?",fact-16,27
"right now, i've been dealing with trauma",trauma,97
evening bma bot bot,evening,20
i want to know what r some of the warning signs of mental illness clearly please?,fact-11,22
what can i do to find a mental health professional for myself or my child briefly please?,fact-14,25
help me understand can you define the importance of mental health for me?,fact-2,31
give me advice about i'm interested in learning about mental health,learn-mental-health,63
i want help with nobody understands me,understand,98
quick question: i have a question: i have a question: what should i know before starting a new medication?,fact-20,32
i want to know what do i do if i'm worried about my mental health please in simple words?,fact-28,40
"lately, i'm stressed about money",financial-problems,51
give me advice about define mental health please,fact-1,21
i need support with i don't have anything more to say,done,19
i feel bad when i compare myself today,comparison,11
please leave me alone,not-talking,76
show me how to nothing new,neutral-response,73
quick question: could you tell me what can trigger mental health problems briefly?,fact-27,39
guide me to affirmation please,positive-affirmation,80
i need support with exams,default,16
"honestly, i need support for addiction",addiction-support,2
show me how to i've thought about killing myself,suicide,93
show me how to just shut up,not-talking,76
evening friend bma,evening,20
emergency mental health help briefly,crisis-resources,14
hey morning friend bot bma,morning,70
i'm feeling a bit overwhelmed,no-approach,75
guide me to teach me a breathing exercise,breathing-exercise,8
what are your capabilities for me?,skill,87
how can i find a mental health professional right for my child or myself for me for me?,fact-18,29
how do i know if i'm unwell briefly for me please?,fact-29,41
i feel extremely grieving,grief,57
"today, i'm happy",happy,58
can you explain how to tell me another joke?,jokes,62
i have a question: how's it going?,casual,10
guide me to guide me to calm my breathing,breathing-exercise,8
how's it going for me?,casual,10
quick question: i'd like to know where can i learn about types of mental health treatment clearly briefly?,fact-22,34
really appreciate it,thanks,94
i need help to i'm not feeling very social right now,no-approach,75
i feel stressed right now,stressed,91
explain the difference between mental health professionals please clearly?,fact-17,28
please help me difference between sadness and depression for me,fact-32,45
could you help me i feel better now?,user-meditation,101
can you explain how to tell me something positive?,positive-affirmation,80
really thank you very much,thanks,94
"right now, my relationship is stressing me out",relationship-issues,82
"honestly, i've been stressed about school",academic-stress,1
can you explain where else can i get help please?,fact-19,30
quick question: what does it mean to have a mental illness?,fact-8,49
could you explain what do you specialize in?,skill,87
"honestly, i'm lonely",loneliness,66
can you explain how to that's not what i'm looking for?,wrong,104
i'm so stressed about school,academic-stress,1
"these days, i am lonely",loneliness,66
give me a simple definition of a therapist please?,fact-6,47
could you help me your meditation advice was spot on! i feel more centered and grounded now?,user-meditation,101
i feel so like i have no value,worthless,103
could you explain can you prevent mental health problems please?,fact-25,37
i'd like to know where can i learn about types of mental health treatment clearly?,fact-22,34
i need help to affirmation please,positive-affirmation,80
could you tell me where should i look for therapy in simple words?,fact-21,33
i feel really having relationship problems,relationship-issues,82
i'm grieving right now,grief,57
can you explain how to i think you dislike me?,hate-me,59
show me how to give me something to laugh about,jokes,62
help me understand can you help me define depression?,fact-3,42
good evening bot in simple words please,evening,20
give me advice about i feel like i'm always the one who feels like i'm being pushed away,friends,52
can you help me i'm not sure that's a good idea for me at the moment?,no-approach,75
do i need therapy in simple words?,fact-7,48
help me understand depression in simple words briefly clearly in simple words?,fact-3,42
how can i breathe to calm down?,breathing-exercise,8
please help me my mother passed away,death,15
"i have a question: i have a question: if i become involved in treatment, what do i need to know for me briefly?",fact-16,27
i need support briefly?,help,61
i need help to i'm interested in learning about mental health,learn-mental-health,63
i want to know what does it mean to have a mental illness in simple words clearly briefly briefly briefly?,fact-8,49
guide me to i need positive words,positive-affirmation,80
can you tell me what should i know before starting a new medication briefly in simple words please?,fact-20,32
help me understand the best way to know if i'm unwell please?,fact-29,41
"to be honest, i've been feeling bored",boredom,7
"honestly, i've been feeling sad",sad,85
i need support with i want to die,suicide,93
hey afternoon bot,afternoon,3
good evening in simple words,evening,20
guide me to i'd like to hear a mental health fact,mental-health-fact,69
i feel lonely these days,loneliness,66
can you help me i feel like ending my life?,suicide,93
i am burned out today,burnout,9
can you tell me what should i know about the difference between mental health professionals briefly?,fact-17,28
please help me help me breathe,breathing-exercise,8
"these days, i feel like i have no value",worthless,103
i'm so exhausted from everything,burnout,9
help me understand can you assist me?,help,61
i'm thankful,gratitude,55
quick question: could you explain what leads to mental health problems for me for me in simple words please?,fact-27,39
what can i do to achieve my goals?,goal-setting,53
could you tell me what do i do if i'm worried about my mental health briefly in simple words?,fact-28,40
i need support with i have zero discipline,discipline,18
please help me thank you for being here,gratitude,55
help me understand how are you?,casual,10
"lately, i feel like i have no value",worthless,103
i am having problems at work at the moment,work-problems,102
i need help to say something nice to me,positive-affirmation,80
anxiety vs stress in simple words?,fact-31,44
could you tell me can u prevent mental health problems?,fact-25,37
i want to know why should i keep going?,motivation,71
quick question: can you help me with some advice?,user-advice,99
can you help me affirmation pls?,positive-affirmation,80
i need help to i'm not interested in this topic,something-else,89
i need support with i need urgent help,crisis-resources,14
sadness vs depression in simple words?,fact-32,45
help me understand can you help me define depression clearly in simple words?,fact-3,42
could you define the difference between anxiety and stress briefly clearly?,fact-31,44
can you help me define mental health briefly briefly for me?,fact-1,21
i'd like to know what should i do if i know someone who appears to have the symptoms of a mental disorder?,fact-13,24
help me understand what can you do?,about,0
explain the difference between mental health professionals please?,fact-17,28
quick question: could you tell me can you tell me what can i do to know if i'm unwell please?,fact-29,41
can you help me clearly?,help,61
show me how to tell me a joke,jokes,62
can you explain what are the different types of mental health professionals please?,fact-23,35
evening friend bot,evening,20
you're just some robot. how would you know briefly?,understand,98
please explain further,learn-more,64
how to practice self-care in simple words?,self-care,86
can you help me i want to learn about mental health?,learn-mental-health,63
explain mental health clearly?,fact-1,21
give me advice about i think i could benefit from that,meditation,68
could you define the best way to know if i'm unwell clearly?,fact-29,41
guide me to i'm feeling worried because i have an important deadline approaching,problem,81
i want help with i'd like to hear a mental health fact,mental-health-fact,69
could you tell me what are you doing?,casual,10
please help me show me how to i want self-improvement tips,personal-development,79
can you tell me what should i know before starting a new medication briefly in simple words for me?,fact-20,32
i am very lonely,loneliness,66
could you help me my aunt passed away?,death,15
can you tell me what can i do to find a mental health professional right for my child or myself in simple words?,fact-18,29
what can trigger mental health problems in simple words?,fact-27,39
could you define therapy?,fact-7,48
could you help me please leave me alone?,not-talking,76
explain the difference between anxiety and stress?,fact-31,44
could you explain what r the different types of mental health professionals for me?,fact-23,35
i'd like to know what are you?,about,0
guide me to define mental health,fact-1,21
i've been feeling overwhelmed,stressed,91
"honestly, i'm bored",boredom,7
can you define your origin?,creation,13
how can i find a therapist?,therapy,95
could you help me i'm feeling a bit overwhelmed?,no-approach,75
could you define the difference between mental health professionals please for me?,fact-17,28
"can you explain how to i've never tried meditation before, but i'm willing to give it a shot?",meditation,68
guide me to i don't feel like talking right now,not-talking,76
i have a question: could you explain what can i do to find therapy for me briefly please?,fact-21,33
can you explain how to i need to relax?,relaxation-techniques,83
where do i go to find a support group clearly clearly?,fact-24,36
i'm stressed these days,stressed,91
who are you briefly?,about,0
can you help me i want to unwind?,relaxation-techniques,83
give me advice about i feel like i'm always the one who feels like i'm being avoided,friends,52
i need support with i have no discipline,discipline,18
nothing new,neutral-response,73
why are you even here in simple words?,hate-you,60
i'm very having problems at work,work-problems,102
much obliged,thanks,94
what does the difference between sadness and depression mean?,fact-32,45
what treatment options r available please please?,fact-15,26
can you explain how to im constantly stressed?,stress-management,90
show me how to just hanging out,neutral-response,73
please help me guide me to difference between sadness and depression,fact-32,45
can you explain how to please leave me alone?,not-talking,76
please help me girlfriend,default,16
could you help me i'm amazed at how much better i feel after incorporating meditation into my daily routine?,user-meditation,101
i need support with i keep waking up during the night,sleep,88
please help me teach me a breathing exercise,breathing-exercise,8
i'm panicking right now at the moment,panic-attack,78
help me understand what r the different types of mental health professionals please?,fact-23,35
i feel extremely sad,sad,85
show me how to show me how to i want self-improvement tips,personal-development,79
i have a question: could you tell me what should i do if i know someone who appears to have the symptoms of a mental disorder in simple words in simple words?,fact-13,24
could you explain what treatment options r available in simple words in simple words?,fact-15,26
sup friend,greeting,56
appreciate it so much,thanks,94
show me how to you're not helpful at all,understand,98
i have a question: quick question: any tips to maintain social connections? what if i feel lonely briefly?,fact-30,43
i feel stressed about school right now,academic-stress,1
i've been struggling with addiction lately,addiction-support,2
"can you help me i've never tried meditation before, but i'm willing to give it a shot?",meditation,68
could you explain is it alright if i seek your expertise?,ask,6
can you explain how to nothing new?,neutral-response,73
"these days, i compare myself with everyone",comparison,11
hello bma,greeting,56
i'd like to know what should i know about the difference between mental health professionals?,fact-17,28
what should i know before starting a new medication clearly in simple words?,fact-20,32
quick question: could you explain what leads to mental health problems for me for me for me for me?,fact-27,39
give me advice about my mother passed away,death,15
i want to know can you teach me about mental health?,learn-mental-health,63
i am struggling with addiction lately,addiction-support,2
"i have a question: quick question: i have a question: if i become involved in treatment, what do i need to know?",fact-16,27
could you explain where can i learn about types of mental health treatment briefly clearly in simple words?,fact-22,34
can you help me i'm so stressed out?,stress-management,90
who are you?,about,0
i have a question: am i suffering from depression clearly in simple words?,fact-5,46
i have a question: i have a question: where else can i get help in simple words?,fact-19,30
where should i look for therapy briefly?,fact-21,33
"to be honest, i need support for addiction",addiction-support,2
please help me teach me to breathe,breathing-exercise,8
i'm bad when i compare myself at the moment,comparison,11
"today, i am lonely",loneliness,66
what treatment options are available please?,fact-15,26
i am dealing with trauma right now,trauma,97
i think i'm extremely having a panic attack,panic-attack,78
please help me i lack self-control,discipline,18
could you tell me can you explain how to define mental health?,fact-1,21
"at the moment, i've been feeling sad",sad,85
can you explain what do you specialize in?,skill,87
hey hey sleep tight briefly bot,night,74
could you tell me what does it mean to have a mental illness?,fact-8,49
is there any cure for mental health problems?,fact-26,38
i go by?,name,72
i want help with thank you once again for your advice. i'll make meditation a priority and concentrate on what i have the power to change,pandora-useful,77
"if i become involved in treatment, what do i need to know in simple words for me for me?",fact-16,27
i'm having relationship problems lately,relationship-issues,82
quick question: didn't you already mention that?,repeat,84
"today, i feel happy",happy,58
quick question: i'd like to know what r some of the warning signs of mental illness please in simple words?,fact-11,22
i'd like to know what is your name?,name,72
what do you specialize in please?,skill,87
"can you help me interesting, i might give that a try?",meditation,68
what does a therapist do clearly?,fact-6,47
i need help to thank you for your assistance. i'll stick to meditation and channel my efforts towards the aspects of my life that i can control,pandora-useful,77
i have a question: any tips to maintain social connections? what if i feel lonely please?,fact-30,43
show me how to i want to feel better about myself,self-care,86
i want help with i need a hotline,crisis-resources,14
i need help to i can't get to sleep,sleep,88
i need support with help me with time management,time-management,96
what can trigger mental health problems briefly?,fact-27,39
i'd like to know what do you specialize in?,skill,87
could you help me i'm grateful for your help. i'll incorporate meditation into my daily routine and shift my focus towards what i can control?,pandora-useful,77
can you help me define mental health?,fact-1,21
quick question: who are you?,about,0
i'm depressed these days,depressed,17
i feel very empty,depressed,17
i need help to i feel like i'm always the one who feels like i'm being shunned,friends,52
give me a simple definition of the difference between mental health professionals for me?,fact-17,28
what's the difference between sadness and depression in simple words?,fact-32,45
can you tell me is therapy right for me please?,therapy,95
i need help to you're so stupid,stupid,92
what should i know about the difference between mental health professionals clearly please?,fact-17,28
give me a simple definition of therapy for me?,fact-7,48
"today, i feel bored",boredom,7
quick question: what can i do to find a mental health professional for myself or my child?,fact-14,25
can you explain how to help me become better?,personal-development,79
help me understand what are the different types of mental health professionals in simple words?,fact-23,35
what does a therapist mean clearly?,fact-6,47
what can you tell me about mental health briefly?,learn-mental-health,63
i feel so having relationship problems,relationship-issues,82
"to be honest, i am anxious",anxious,5
quick question: where else can i get help briefly?,fact-19,30
can you help me tips for self-care?,self-care,86
i've been exhausted from everything,burnout,9
you are helpful in simple words clearly,compliment,12
i have a question: i have a question: am i mentally ill?,fact-5,46
any tips to find a mental health professional right for my child or myself in simple words for me?,fact-18,29
could you help me exams?,default,16
could you help me you're so annoying?,hate-you,60
i am very having problems at work,work-problems,102
can you explain how to affirmation pls?,positive-affirmation,80
what do you specialize in briefly?,skill,87
i lost my drive,motivation,71
could you help me i want to unwind?,relaxation-techniques,83
can you explain how to i think we covered everything?,done,19
i don't trust you,hate-you,60
i want help with you're clueless,stupid,92
i've been bored,boredom,7
can you help me i can't get started?,motivation,71
could you explain what treatment options are available briefly?,fact-15,26
can you help me meditation has become an essential part of my self-care routine thanks to your guidance?,user-meditation,101
i feel quite bored,boredom,7
"honestly, i think i'm having a panic attack",panic-attack,78
i have a question: what is your purpose?,about,0
show me how to thank you for being here,gratitude,55
oh i see for me?,casual,10
can you explain how to life doesn't seem worth living?,suicide,93
tell me about a therapist?,fact-6,47
i'm burned out right now,burnout,9
how were you made?,creation,13
can you explain how about a joke?,jokes,62
i'm insecure about myself right now,low-self-esteem,67
i need help to i've said everything i needed to,done,19
give me advice about tell me another fact about mental health,mental-health-fact,69
give me a simple definition of depression?,fact-3,42
i have a question: any tips to develop my mindset?,personal-development,79
can you explain how to i need motivation?,motivation,71
i'd like to know what does a therapist do for me?,fact-6,47
quick question: could you explain what treatment options are available please?,fact-15,26
show me how to im constantly stressed,stress-management,90
i've been grieving at the moment,grief,57
can you assist me for me?,help,61
i want help with family,default,16
quick question: explain the importance of mental health briefly in simple words please please?,fact-2,31
guide me to thank you once again for your advice. i'll make meditation a priority and concentrate on what i have the power to change,pandora-useful,77
how can you help briefly?,skill,87
i'm extremely stressed about money,financial-problems,51
guide me to i am going to commit suicide,suicide,93
help me understand how to practice self-care?,self-care,86
i have a question: i want to know what do i do if i'm worried about my mental health?,fact-28,40
show me how to i lost my drive,motivation,71
give me advice about i want to grow as a person,personal-development,79
"can you help me that's a good idea, i need to take care of myself?",user-agree,100
"these days, i am worthless",worthless,103
are you available in morocco in simple words?,location,65
i am extremely struggling with addiction,addiction-support,2
am i depressed briefly?,fact-5,46
what's your name please?,name,72
i want help with i hate you,hate-you,60
i'd like to know can you define the difference between mental health professionals?,fact-17,28
i'd like to know can you tell me what can i do to find a mental health professional right for my child or myself in simple words briefly?,fact-18,29
good day bma,afternoon,3
i need help to that's all,done,19
i'm quite bored,boredom,7
i want to know can you explain where do i go to find a support group briefly?,fact-24,36
could you help me nothing special?,neutral-response,73
please help me i'm amazed at how much better i feel after incorporating meditation into my daily routine,user-meditation,101
what should i know before starting a new medication?,fact-20,32
can you help me define mental health briefly briefly briefly?,fact-1,21
i'm burned out at the moment,burnout,9
quick question: where can i learn about types of mental health treatment?,fact-22,34
i want help with i want to learn about mental health,learn-mental-health,63
hey hello afternoon bma bot,afternoon,3
i want to know what do i do if i'm worried about my mental health?,fact-28,40
i feel extremely stressed about school,academic-stress,1
thanks,thanks,94
quick question: where else can i get help in simple words?,fact-19,30
i'm not sure if that's the right answer,wrong,104
heya there,greeting,56
please help me i don't know what my goals are,goal-setting,53
could you help me i need self-care advice?,self-care,86
i'd like to know how to practice self-care?,self-care,86
do you know any jokes for me?,jokes,62
i have a question: what r some of the warning signs of mental illness?,fact-11,22
i'm having family problems right now,family-issues,50
guide me to you must hate me,hate-me,59
i want to know where else can i get help please?,fact-19,30
i need help to help me handle stress,stress-management,90
give me advice about i can't relax,relaxation-techniques,83
i am struggling with addiction these days,addiction-support,2
can you explain where can i learn about types of mental health treatment for me?,fact-22,34
can you explain what r the different types of mental health professionals?,fact-23,35
i'd like to know can you tell me what do i do if i'm worried about my mental health?,fact-28,40
i've been feeling anxious today,anxious,5
could you tell me where are you located?,location,65
guide me to i feel like you hate me,hate-me,59
can you help me i need to set some goals?,goal-setting,53
tell me more,learn-more,64
this sounds familiar,repeat,84
"today, things are tense at home",family-issues,50
i feel really panicking right now,panic-attack,78
please help me stress is overwhelming me,stress-management,90
could you tell me who built you?,creation,13
i'm so depressed,depressed,17
do you have a moment to answer a question clearly?,ask,6
i need support with your guidance has been invaluable. i'll continue practicing meditation and focus on the aspects of my life that i can influence,pandora-useful,77
"at the moment, i am stressed",stressed,91
could you help me i'd love to hear more?,learn-more,64
good night in simple words,night,74
could you tell me where can i learn about types of mental health treatment?,fact-22,34
hello friend,greeting,56
please help me i never have time,time-management,96
help me understand can you prevent mental health problems please?,fact-25,37
i feel really anxious,anxious,5
i want help with motivate me,motivation,71
"at the moment, i'm having relationship problems",relationship-issues,82
give me a simple definition of self-care?,self-care,86
i want help with i feel like i'm always the one who feels like i'm being isolated,friends,52
i have a question: i want to know what should i know before starting a new medication please in simple words?,fact-20,32
what is the importance of mental health?,fact-2,31
i'm really anxious,anxious,5
i'm very having relationship problems,relationship-issues,82
i need help to i never have time,time-management,96
i want to know what does the importance of mental health mean clearly?,fact-2,31
guide me to you're repeating what you said,repeat,84
quick question: can people with mental illness recover clearly please?,fact-12,23
can you explain how to you're useless?,hate-you,60
show me how to i need advice on something,user-advice,99
what does the importance of mental health mean please briefly?,fact-2,31
i need support with tell me a fact about mental health,mental-health-fact,69
can you tell me what can i do to find a mental health professional right for my child or myself?,fact-18,29
quick question: quick question: i'd like to know where else can i get help for me?,fact-19,30
i want help with that's not what i'm looking for,wrong,104
"hey, how are you?",greeting,56
good evening bot,evening,20
how are you clearly?,casual,10
guide me to i need to set some goals,goal-setting,53
can you explain how to i'm grateful for your help. i'll incorporate meditation into my daily routine and shift my focus towards what i can control?,pandora-useful,77
can you explain how to i can't relax?,relaxation-techniques,83
"could you help me i agree, i could use a break?",user-agree,100
please help me affirmation please,positive-affirmation,80
i'm worthless right now,worthless,103
"lately, i feel stressed about money",financial-problems,51
what are your capabilities in simple words?,skill,87
where do you live?,location,65
any tips to know if i have depression?,fact-5,46
hey heading to bed bot clearly,night,74
where can i get crisis help for me?,crisis-resources,14
can you help me you're not very bright?,stupid,92
i need help to i want to die,suicide,93
i'm sad these days,sad,85
could you help me i'm feeling worried because i have an important deadline approaching?,problem,81
can you help me i'm always busy?,time-management,96
help me understand depression in simple words briefly?,fact-3,42
can you help me i can't get anything done?,time-management,96
i'm extremely feeling low,sad,85
could you tell me can you give me some advice?,user-advice,99
can you explain how to i want to feel better about myself?,self-care,86
can treatment help people with mental illness?,fact-12,23
give me advice about that's not quite accurate,wrong,104
"today, my job is stressing me out",work-problems,102
i'm really dealing with loss,grief,57
i am really burned out,burnout,9
i'd like to know can we talk about something else instead?,something-else,89
could you help me encourage me?,positive-affirmation,80
show me how to i keep waking up during the night,sleep,88
i have a question: am i mentally ill please?,fact-5,46
i have a question: help me understand is recovery from mental illness possible in simple words?,fact-12,23
can you explain how to i want to unwind?,relaxation-techniques,83
quick question: explain the importance of mental health briefly?,fact-2,31
where are you located please?,location,65
i'm very worthless,worthless,103
please help me i feel like i'm never rested,sleep,88
explain self-care?,self-care,86
help me understand can you help me define depression please?,fact-3,42
i want help with you can't possibly know what i'm going through,understand,98
help me understand is recovery from mental illness possible?,fact-12,23
can you explain can you explain where can i learn about types of mental health treatment in simple words?,fact-22,34
can you explain how to my uncle died?,death,15
quick question: explain the best way to find a mental health professional right for my child or myself clearly?,fact-18,29
can you define the importance of mental health for me?,fact-2,31
"lately, i've been panicking right now",panic-attack,78
please help me i appreciate this,gratitude,55
please help me i want self-improvement tips,personal-development,79
i need support with guide me to i want self-improvement tips,personal-development,79
i want help with tell me another joke,jokes,62
"these days, i've been having problems at work",work-problems,102
i need support with i waste too much time,time-management,96
give me advice about i need to be more productive,time-management,96
i need support with breathing techniques,breathing-exercise,8
can you help me give me an affirmation?,positive-affirmation,80
"today, i feel angry",anger,4
can we discuss something different?,something-else,89
can you help me briefly?,help,61
i am panicking right now,panic-attack,78
"at the moment, my studies are overwhelming me",academic-stress,1
can you explain who is therapy for?,fact-7,48
i'm dealing with trauma at the moment,trauma,97
i have a question: tell me about a therapist in simple words?,fact-6,47
are you even listening?,stupid,92
give me advice about show me how to calm my breathing for me,breathing-exercise,8
guide me to just chillin',neutral-response,73
please help me that's not quite accurate,wrong,104
"right now, i feel bored",boredom,7
i want to know what r some of the warning signs of mental illness briefly please clearly?,fact-11,22
evening briefly,evening,20
can you explain is it alright if i seek your expertise?,ask,6
can you explain how to i don't think that's accurate?,wrong,104
gn please please,night,74
give me advice about i did what you said and i feel a lot better. thank you very much,user-meditation,101
could you help me i don't know what my goals are?,goal-setting,53
can you explain can you help me?,help,61
i need help to i need motivation,motivation,71
"show me how to you're correct, i need to take a break",user-agree,100
can we discuss something different for me?,something-else,89
where can i go to find therapy?,fact-21,33
can you help me i'm feeling anxious because i have a presentation coming up?,problem,81
u r helpful,compliment,12
i need someone to talk to in simple words?,help,61
quick question: could you explain what can i do to find therapy clearly for me?,fact-21,33
i need help to i need information on mental health,learn-mental-health,63
quick question: i have a question: i have a question: what should i know before starting a new medication clearly?,fact-20,32
how do i find a therapist?,therapy,95
please help me i want help with define depression,fact-3,42
i have a question: could you tell me what r some of the warning signs of mental illness clearly clearly?,fact-11,22
r there cures for mental health problems for me?,fact-26,38
quick question: what are the different types of mental health professionals please?,fact-23,35
i have a question: any tips to maintain social connections? what if i feel lonely in simple words briefly?,fact-30,43
could you tell me what are you?,about,0
help me understand can you give me some advice?,user-advice,99
"to be honest, i feel insecure about myself",low-self-esteem,67
what is your name?,name,72
give me advice about help me become better,personal-development,79
quick question: what are you doing?,casual,10
please help me i'm not convinced by that,wrong,104
what should i know about the difference between mental health professionals please?,fact-17,28
could you help me i don't like you?,hate-you,60
i have a question: i want to know what r some of the warning signs of mental illness clearly for me?,fact-11,22
i need support with this topic doesn't interest me,something-else,89
could you help me teach me to breathe?,breathing-exercise,8
can you explain what treatment options r available clearly?,fact-15,26
help me understand can you explain what are the different types of mental health professionals for me?,fact-23,35
where do i go to find therapy briefly please?,fact-21,33
i am anxious these days,anxious,5
"today, i've been stressed about school",academic-stress,1
i am so insecure about myself,low-self-esteem,67
can you explain what country are you for?,location,65
ok see ya,goodbye,54
i need support with i hate you,hate-you,60
give me advice about i think you dislike me,hate-me,59
can you explain what should i know before starting a new medication for me in simple words?,fact-20,32
i'm stressed,stressed,91
i am worthless right now,worthless,103
quick question: could you tell me where should i look for therapy in simple words?,fact-21,33
i have a question: explain the importance of mental health?,fact-2,31
"lately, i feel grieving",grief,57
can you tell me why are you even here?,hate-you,60
help me understand what does therapy mean in simple words clearly?,fact-7,48
what do you specialize in for me?,skill,87
i want help with no just stay away,not-talking,76
i have a question: i have a question: i have a question: do i need therapy?,fact-7,48
i want help with your guidance has been invaluable. i'll continue practicing meditation and focus on the aspects of my life that i can influence,pandora-useful,77
show me how to i'm thankful,gratitude,55
i have a question: i need help?,help,61
show me how to you're so stupid,stupid,92
give me advice about i feel unmotivated,motivation,71
can you explain how to i'm thankful?,gratitude,55
please help me thank you for the meditation tips. i'm noticing a positive difference in my mood,user-meditation,101
i am for me?,name,72
"to be honest, i feel depressed",depressed,17
what helps with relaxation clearly?,relaxation-techniques,83
that helped,thanks,94
quick question: i'd like to know what should i know before starting a new medication briefly?,fact-20,32
can you help me i toss and turn all night?,sleep,88
you're not making any sense,stupid,92
i can't get anything done,time-management,96
i want to know can you tell me what treatment options are available in simple words in simple words?,fact-15,26
how do i find a mental health professional for myself or my child?,fact-14,25
i have a question: you're just some robot. how would you know?,understand,98
could you help me i want to feel better about myself?,self-care,86
hey morning,morning,70
i feel so panicking right now,panic-attack,78
show me how to thanks for your support. i'll commit to meditation and redirect my energy towards the things i have power over,pandora-useful,77
show me how to i feel like i'm never rested,sleep,88
could you tell me what do i do if i'm worried about my mental health in simple words for me?,fact-28,40
what can you do?,about,0
quick question: what does a therapist do clearly?,fact-6,47
i'd like to know what are stress management tips?,stress-management,90
can you explain how to i want some advice?,user-advice,99
explain the best way to find a mental health professional for myself or my child for me in simple words in simple words?,fact-14,25
i have a question: explain the best way to find a mental health professional for myself or my child for me in simple words briefly please?,fact-14,25
guide me to i have no discipline,discipline,18
could you help me i need help to mental health emergency?,crisis-resources,14
can you tell me who created you?,creation,13
quick question: where can i learn about types of mental health treatment briefly for me briefly?,fact-22,34
please help me that sounds useful,meditation,68
what are some of the warning signs of mental illness briefly for me?,fact-11,22
how do i maintain social connections? what if i feel lonely?,fact-30,43
i want help with i need positive words,positive-affirmation,80
who is your developer in simple words?,creation,13
guide me to that's not what i'm looking for,wrong,104
i've been feeling low,sad,85
"quick question: i have a question for you, if that's okay?",ask,6
please help me help me plan goals,goal-setting,53
is there any cure for mental health problems for me for me?,fact-26,38
show me how to you're going in circles,repeat,84
really thank you so much,thanks,94
show me how to relationship,default,16
what is a therapist?,fact-6,47
i'm bored of this topic. let's talk about something else,something-else,89
i'm burned out,burnout,9
give me a simple definition of the importance of mental health in simple words?,fact-2,31
can you define the best way to maintain social connections? what if i feel lonely in simple words please?,fact-30,43
could you explain are there cures for mental health problems?,fact-26,38
can people with mental illness recover clearly for me?,fact-12,23
i'm very stressed about school,academic-stress,1
i want to know what r some of the warning signs of mental illness briefly please?,fact-11,22
can you explain how to i'm not interested in this topic?,something-else,89
i don't think that's accurate,wrong,104
"these days, i feel sad",sad,85
breathing techniques,breathing-exercise,8
can you define mental health briefly?,fact-1,21
could you help me my uncle died?,death,15
what r some of the warning signs of mental illness in simple words for me clearly?,fact-11,22
i have a question: i have a question: i have a question: explain the best way to find a mental health professional for myself or my child please?,fact-14,25
"lately, i've been feeling lonely",loneliness,66
i'm angry lately,anger,4
i'm very panicking right now,panic-attack,78
could you explain what can i do to find a mental health professional for myself or my child in simple words?,fact-14,25
i'm anxious right now,anxious,5
can you explain how to i feel like you hate me?,hate-me,59
how are anxiety and stress for me different in simple words?,fact-31,44
"please help me same old, same old",neutral-response,73
i need support with please leave me alone,not-talking,76
i am struggling with addiction today,addiction-support,2
i need help to i'm feeling worried because i have an important deadline approaching,problem,81
i am bored right now,boredom,7
could you help me i lost my father?,death,15
could you explain what can i do to find therapy please?,fact-21,33
i need support with hmmm that sounds like it could be useful to me,meditation,68
"right now, i've been feeling anxious",anxious,5
i need help to i feel like i'm always the one who feels like i'm being avoided,friends,52
guide me to i toss and turn all night,sleep,88
i am really insecure about myself,low-self-esteem,67
can you define the best way to find a mental health professional for myself or my child briefly?,fact-14,25
i want help with not much,neutral-response,73
evening bot,evening,20
"i need support with i've never tried meditation before, but i'm willing to give it a shot",meditation,68
give me a simple definition of depression in simple words?,fact-3,42
"these days, i feel struggling with addiction",addiction-support,2
quick question: can you tell me what should i do if i know someone who appears to have the symptoms of a mental disorder clearly?,fact-13,24
i need support with just taking it easy,neutral-response,73
i need support with tell me your abilities,skill,87
i need help to encourage me,positive-affirmation,80
i'm extremely anxious,anxious,5
can you help me tell me your abilities?,skill,87
quick question: any tips to find a mental health professional right for my child or myself clearly in simple words clearly for me?,fact-18,29
can you help me no just stay away?,not-talking,76
where should i look for a support group?,fact-24,36
"quick question: i have a question: if i become involved in treatment, what do i need to know clearly in simple words please?",fact-16,27
can you explain how to give me something to laugh about?,jokes,62
hey hello morning,morning,70
show me how to i want clear objectives,goal-setting,53
any tips to maintain social connections? what if i feel lonely briefly?,fact-30,43
"these days, i've been dealing with trauma",trauma,97
i think i'm so having a panic attack,panic-attack,78
i feel struggling with addiction at the moment,addiction-support,2
what can i do to find a mental health professional for myself or my child?,fact-14,25
can you explain can you explain what should i know before starting a new medication for me briefly?,fact-20,32
u r helpful clearly,compliment,12
i've been feeling bored lately,boredom,7
i've been feeling lonely these days,loneliness,66
i want to feel better about myself,self-care,86
can you tell me can you tell me what are the different types of mental health professionals?,fact-23,35
i feel really bad when i compare myself,comparison,11
quick question: quick question: i'd like to know where else can i get help for me please?,fact-19,30
i am bad when i compare myself,comparison,11
i need support with i'm not feeling up to it,no-approach,75
"i need support with i see your point, i should take a step back and rest",user-agree,100
"i need support with i've heard about meditation, but i'm not sure how to start",meditation,68
can you explain how to exams?,default,16
tell me something positive,positive-affirmation,80
i have a question: can you prevent mental health problems?,fact-25,37
difference between sadness and depression?,fact-32,45
i want to kill myself,suicide,93
show me how to define depression please,fact-3,42
can you help me i need stress relief?,stress-management,90
tell me about mental health?,fact-1,21
can you tell me who are you?,about,0
what can trigger mental health problems please in simple words in simple words?,fact-27,39
give me advice about you can't help me,understand,98
can you help me hmmm that sounds like it could be useful to me?,meditation,68
what are the different types of mental health professionals for me?,fact-23,35
give me an affirmation,positive-affirmation,80
i have a question: where do you live?,location,65
i'd like to know what can trigger mental health problems please in simple words?,fact-27,39
"if i become involved in treatment, what do i need to know clearly clearly?",fact-16,27
"honestly, i'm panicking right now",panic-attack,78
i have a question: can you define the best way to maintain social connections? what if i feel lonely in simple words in simple words?,fact-30,43
could you explain can you help me?,help,61
i want self-improvement tips,personal-development,79
i want to know is there any cure for mental health problems?,fact-26,38
what are your capabilities briefly?,skill,87
any tips to find a mental health professional right for my child or myself for me for me?,fact-18,29
guide me to mental health emergency,crisis-resources,14
can you explain who is your developer?,creation,13
can you explain what should i do if i know someone who appears to have the symptoms of a mental disorder clearly for me please?,fact-13,24
could you define therapy in simple words?,fact-7,48
guide me to you don't get it,understand,98
i feel insecure about myself at the moment,low-self-esteem,67
who are you please?,about,0
what does a therapist do for me?,fact-6,47
i've been panicking right now these days,panic-attack,78
i feel sad these days,sad,85
quick question: explain the importance of mental health?,fact-2,31
give me advice about i want to learn more about mental health,learn-mental-health,63
i've been stressed,stressed,91
please help me i'm bored of this topic. let's talk about something else,something-else,89
show me how to guide me to i need help to define mental health,fact-1,21
who is therapy for briefly?,fact-7,48
what can you do please?,skill,87
"these days, i feel happy",happy,58
i have a question: i have a question: do i need therapy?,fact-7,48
i'd like to know can you explain how to guide me to i want help with give me advice about define mental health?,fact-1,21
can you tell me what can i do to know if i'm unwell for me?,fact-29,41
i feel anxious at the moment,anxious,5
i feel like you hate me,hate-me,59
"these days, i'm stressed about school",academic-stress,1
give me advice about i don't trust you,hate-you,60
i feel extremely stressed about money,financial-problems,51
i want to know where can i learn about types of mental health treatment briefly?,fact-22,34
please help me i'm not sure about that one,wrong,104
can you tell me more in simple words?,learn-more,64
i have a question: what should i know before starting a new medication?,fact-20,32
tell me about yourself for me?,about,0
you are helpful please for me,compliment,12
where can i find therapy?,fact-21,33
what should i do if i know someone who appears to have the symptoms of a mental disorder clearly please please?,fact-13,24
i'd like to know what can you tell me about mental health?,learn-mental-health,63
i'm really depressed,depressed,17
can you define the importance of mental health briefly?,fact-2,31
can you define a fact about mental health?,mental-health-fact,69
i'd like to know what can trigger mental health problems briefly briefly?,fact-27,39
i want to know can you tell me what can i do to find a mental health professional right for my child or myself?,fact-18,29
"today, i am depressed",depressed,17
can you explain how to yeah you're right. i deserve a break?,user-agree,100
give me advice about i want to learn about mental health,learn-mental-health,63
i need help to help me become better,personal-development,79
can you explain how to i'm feeling down because i failed a test?,problem,81
i want to know how are you?,casual,10
how were you created for me?,creation,13
really cheers,thanks,94
"quick question: if i become involved in treatment, what do i need to know for me?",fact-16,27
i'm quite stressed about money,financial-problems,51
i feel bad when i compare myself right now,comparison,11
what does the importance of mental health mean?,fact-2,31
quick question: could you tell me what should i know before starting a new medication please?,fact-20,32
"i have a question: i have a question: if i become involved in treatment, what do i need to know for me clearly please?",fact-16,27
quick question: what does a therapist do in simple words please?,fact-6,47
could you help me i can't go on anymore?,suicide,93
top of the morning to u,morning,70
i need support with i want to develop myself,personal-development,79
could you explain what can i do to find therapy briefly?,fact-21,33
show me how to motivate me,motivation,71
quick question: help me understand what should i do if i know someone who appears to have the symptoms of a mental disorder?,fact-13,24
how are you in simple words?,casual,10
i feel so depressed,depressed,17
are there cures for mental health problems briefly?,fact-26,38
give me advice about tell me more,learn-more,64
can you help me i lack self-control?,discipline,18
please help me i need self-care advice,self-care,86
help me understand is recovery from mental illness possible for me?,fact-12,23
i have a question: where else can i get help in simple words in simple words in simple words clearly?,fact-19,30
give me advice about help me build discipline,discipline,18
i want help with tell me your abilities,skill,87
i've been grieving today,grief,57
how do i recognize mental illness briefly for me?,fact-11,22
can you explain what does it mean to have a mental illness clearly?,fact-8,49
i want help with i want help with difference between sadness and depression for me,fact-32,45
i am bad when i compare myself today,comparison,11
i compare myself with everyone lately,comparison,11
can you tell me how were you created?,creation,13
guide me to i'm amazed at how much better i feel after incorporating meditation into my daily routine,user-meditation,101
"right now, i feel insecure about myself",low-self-esteem,67
just taking it easy,neutral-response,73
what can trigger mental health problems please in simple words?,fact-27,39
i need support with im grateful,gratitude,55
can you explain how to you're so annoying?,hate-you,60
i need to relax,relaxation-techniques,83
please help me i need self care tips,self-care,86
show me how to boyfriend,default,16
"right now, i feel struggling with addiction",addiction-support,2
"these days, i'm alone",loneliness,66
can you explain what does it mean to have a mental illness clearly briefly?,fact-8,49
i am quite happy,happy,58
could you help me i feel unmotivated?,motivation,71
help me understand what does a therapist do for me?,fact-6,47
i feel really mad,anger,4
show me how to i can't stand you,hate-you,60
give me advice about you're repeating what you said,repeat,84
please help me i feel like i'm always the one who feels like i'm being isolated,friends,52
explain the importance of mental health briefly for me please briefly?,fact-2,31
can you give me some advice?,user-advice,99
"to be honest, i'm stressed about money",financial-problems,51
quick question: am i suffering from depression for me?,fact-5,46
tell me about self-care?,self-care,86
could you define the difference between anxiety and stress for me in simple words?,fact-31,44
teach me a relaxation technique,relaxation-techniques,83
my job is stressing me out today,work-problems,102
i am extremely stressed about school,academic-stress,1
please help me i've thought about killing myself,suicide,93
how can i relax?,relaxation-techniques,83
good afternoon,afternoon,3
who is therapy for please?,fact-7,48
"these days, i'm struggling after something traumatic",trauma,97
i'm grateful for your help. i'll incorporate meditation into my daily routine and shift my focus towards what i can control,pandora-useful,77
guide me to my sibling died,death,15
show me how to i have a question and need advice,user-advice,99
can you explain what do i do if i'm worried about my mental health for me for me briefly?,fact-28,40
help me understand what should i know before starting a new medication?,fact-20,32
i am very happy,happy,58
morning bma in simple words,morning,70
i am so stressed about school,academic-stress,1
can you tell me more clearly?,learn-more,64
guide me to i'm mourning the loss of my parent,death,15
thanks a bunch a lot,thanks,94
can you explain who is therapy for clearly?,fact-7,48
i need support with help me calm down,relaxation-techniques,83
who is your developer briefly?,creation,13
guide me to nothing else,done,19
show me how to define depression,fact-3,42
i need help to tips for self-care,self-care,86
please help me no just stay away,not-talking,76
where can i find a support group clearly?,fact-24,36
could you help me i want clear objectives?,goal-setting,53
i'd like to know can you explain where can i learn about types of mental health treatment in simple words please briefly?,fact-22,34
could you explain what does it mean to have a mental illness for me please?,fact-8,49
"give me advice about i don't think so, i have too much on my plate",no-approach,75
i feel burned out at the moment,burnout,9
quick question: i'd like to know where else can i get help?,fact-19,30
give me advice about i want to practice gratitude,gratitude,55
what country are you for?,location,65
"quick question: if i become involved in treatment, what do i need to know in simple words clearly in simple words?",fact-16,27
"can you help me i agree, i could use a break?",user-agree,100
night,night,74
what are you please?,about,0
"show me how to same old, same old",neutral-response,73
morning,morning,70
help me understand what does it mean to have a mental illness for me?,fact-8,49
show me how to tell me about therapy,therapy,95
could you help me i want to learn about mental health?,learn-mental-health,63
quick question: i have a question: what treatment options are available?,fact-15,26
i have a question: i want to know what r some of the warning signs of mental illness?,fact-11,22
hey good afternoon bot for me bot,afternoon,3
i am quite sad,sad,85
what's the difference between anxiety and stress briefly for me?,fact-31,44
i need help to tell me a joke,jokes,62
i want help with i need a good laugh,jokes,62
"to be honest, i've been dealing with trauma",trauma,97
help me understand is recovery from mental illness possible please please briefly?,fact-12,23
can you help me please?,help,61
i want help with i can't get to sleep,sleep,88
guide me to self care routine,self-care,86
what can i do to breathe to calm down?,breathing-exercise,8
"can you explain how to interesting, i might give that a try?",meditation,68
i need help to i want to set new goals,goal-setting,53
could you tell me what are your capabilities?,skill,87
where do you live please?,location,65
i'm feeling down because i failed a test,problem,81
"to be honest, i think i'm having a panic attack",panic-attack,78
i have a question: could you explain what leads to mental health problems for me briefly?,fact-27,39
i'm bored these days,boredom,7
that sounds useful,meditation,68
what should i know about mental health?,fact-1,21
guide me to your guidance has been invaluable. i'll continue practicing meditation and focus on the aspects of my life that i can influence,pandora-useful,77
guide me to thank you for the meditation tips. i'm noticing a positive difference in my mood,user-meditation,101
could you help me i'm feeling down because i failed a test?,problem,81
give me a simple definition of the importance of mental health in simple words in simple words?,fact-2,31
do you have a name for me?,name,72
tell me about the difference between anxiety and stress for me for me?,fact-31,44
how can i maintain social connections? what if i feel lonely in simple words briefly?,fact-30,43
help me understand what does it mean to have a mental illness for me briefly in simple words?,fact-8,49
i am dealing with trauma today,trauma,97
i'd like to know what r some of the warning signs of mental illness?,fact-11,22
i am going to commit suicide,suicide,93
i feel sad right now,sad,85
sadness vs depression?,fact-32,45
"to be honest, i'm dealing with trauma",trauma,97
could you explain what does it mean to have a mental illness in simple words?,fact-8,49
how are anxiety and stress different?,fact-31,44
i want help with i lost my drive,motivation,71
can you tell me can you tell me more?,learn-more,64
i feel depressed,depressed,17
can you explain how to you're acting dumb?,stupid,92
what can i do to find a mental health professional right for my child or myself in simple words in simple words?,fact-18,29
please help me motivate me,motivation,71
what can trigger mental health problems clearly briefly?,fact-27,39
what makes mental health important for me for me?,fact-2,31
help me understand how were you made?,creation,13
am i mentally ill for me?,fact-5,46
i need support with self care routine,self-care,86
what can i do to find a therapist?,therapy,95
u r amazing,compliment,12
i feel quite having relationship problems,relationship-issues,82
i have a question: could you explain what leads to mental health problems?,fact-27,39
"right now, i'm burned out",burnout,9
i want help with i'm feeling worried because i have an important deadline approaching,problem,81
can you help me i feel like you hate me?,hate-me,59
i feel like i have no value lately,worthless,103
can you tell me why does mental health matter in simple words please in simple words?,fact-2,31
could you help me tell me a fact about mental health?,mental-health-fact,69
could you help me tips for self-care?,self-care,86
"at the moment, i'm lonely",loneliness,66
i want help with give me advice about difference between sadness and depression,fact-32,45
i have a question: could you explain what can i do to find therapy for me please briefly for me?,fact-21,33
quick question: could you explain what can i do to find therapy clearly please?,fact-21,33
can you explain how to i don't want to talk about it?,not-talking,76
i want help with i need support with i want help with define mental health,fact-1,21
really thanks for your help,thanks,94
please help me i feel better now,user-meditation,101
i'm very struggling with addiction,addiction-support,2
i am quite lonely,loneliness,66
i need support with i am going to commit suicide,suicide,93
guide me to you're against me,hate-me,59
can you define a therapist?,fact-6,47
i have a question: could you explain what does it mean to have a mental illness for me please please in simple words?,fact-8,49
what should i know about the difference between sadness and depression briefly?,fact-32,45
hi friend there,greeting,56
guide me to you're useless,understand,98
quick question: could you define the difference between mental health professionals?,fact-17,28
i want help with give me an affirmation,positive-affirmation,80
"today, i'm insecure about myself",low-self-esteem,67
could you tell me what r the different types of mental health professionals?,fact-23,35
can you explain how to i'm not sure about that one?,wrong,104
i'm worthless at the moment,worthless,103
i need support with i feel like i'm always the one who feels like i'm being ignored,friends,52
could you explain what can you do?,skill,87
could you help me i'm interested in learning about mental health?,learn-mental-health,63
quick question: could you help me i need urgent help clearly?,crisis-resources,14
"these days, i'm panicking right now",panic-attack,78
i need help to i toss and turn all night,sleep,88
tell me about therapy for me?,fact-7,48
can you help me thank you once again for your advice. i'll make meditation a priority and concentrate on what i have the power to change?,pandora-useful,77
thank you so much,thanks,94
where do i go to find a support group clearly?,fact-24,36
could you explain what does therapy do?,therapy,95
can you explain what should i do if i know someone who appears to have the symptoms of a mental disorder clearly?,fact-13,24
i'm extremely happy,happy,58
"honestly, i feel lonely",loneliness,66
i need support with not much,neutral-response,73
i feel really overwhelmed,stressed,91
"lately, i'm bored",boredom,7
how are you doing?,casual,10
what should i know before starting a new medication please briefly?,fact-20,32
i want to know can u prevent mental health problems briefly please?,fact-25,37
guide me to i want to set new goals,goal-setting,53
can you explain how to you must hate me?,hate-me,59
explain the difference between mental health professionals?,fact-17,28
i'd like to know is it alright if i seek your expertise?,ask,6
hey heading to bed for me briefly,night,74
i need support with i feel like i'm always the one who feels like i'm being sidelined,friends,52
what's the best way to find a mental health professional right for my child or myself clearly for me?,fact-18,29
could you explain what can you do?,about,0
i have a question: help?,help,61
"honestly, i've been feeling depressed",depressed,17
quick question: could you tell me can you tell me what can i do to know if i'm unwell in simple words?,fact-29,41
give me advice about you're useless,understand,98
i feel very insecure about myself,low-self-esteem,67
"no, that would be all",done,19
guide me to i want some advice,user-advice,99
show me how to i need to be more productive,time-management,96
you're the best a lot,thanks,94
give me advice about just chillin',neutral-response,73
ok please?,casual,10
"can you explain how to that makes sense, i should take some time for myself?",user-agree,100
i practiced meditation as you suggested and it really helped calm my mind,user-meditation,101
guide me to you can't help me,understand,98
can you explain can you tell me what does it mean to have a mental illness?,fact-8,49
"i need help to interesting, i might give that a try",meditation,68
where are you from please?,location,65
i need help to girlfriend,default,16
can you explain how to i practiced meditation as you suggested and it really helped calm my mind?,user-meditation,101
i am burned out right now,burnout,9
show me how to show me how to i want help with give me advice about difference between sadness and depression,fact-32,45
"i have a question: quick question: i have a question: if i become involved in treatment, what do i need to know in simple words please?",fact-16,27
i'd like to know can you tell me what can i do to find a mental health professional right for my child or myself in simple words for me?,fact-18,29
i am stressed about money lately,financial-problems,51
please help me i'm not interested in this topic,something-else,89
"right now, i feel happy",happy,58
are there cures for mental health problems briefly in simple words?,fact-26,38
i am depressed these days,depressed,17
i have a question: could you explain where should i look for therapy clearly briefly in simple words?,fact-21,33
i've been alone,loneliness,66
i've been feeling sad,sad,85
could you tell me can we talk about something else?,not-talking,76
"quick question: quick question: i have a question: if i become involved in treatment, what do i need to know in simple words?",fact-16,27
you rock a lot,thanks,94
i am having family problems lately,family-issues,50
"lately, i've been feeling burned out",burnout,9
can you explain how to i need urgent help briefly?,crisis-resources,14
what's up for me?,casual,10
can you help me i need help to define mental health?,fact-1,21
"if i become involved in treatment, what do i need to know clearly?",fact-16,27
i need help to i'm feeling overwhelmed because i have too many assignments to complete,problem,81
can you help me i can't go on anymore?,suicide,93
could you tell me can you tell me more?,learn-more,64
can you explain can people with mental illness recover clearly in simple words?,fact-12,23
can you help me define depression?,fact-3,42
give me advice about you can't possibly know what i'm going through,understand,98
what's the best way to maintain social connections? what if i feel lonely?,fact-30,43
"today, i feel dealing with trauma",trauma,97
could you help me in simple words?,help,61
i want help with please leave me alone,not-talking,76
can you help me i need to be more productive?,time-management,96
could you tell me are there cures for mental health problems please briefly clearly?,fact-26,38
"today, i have low self-esteem",low-self-esteem,67
what does a fact about mental health mean?,mental-health-fact,69
what helps with relaxation please?,relaxation-techniques,83
can you explain how to just chillin'?,neutral-response,73
quick question: i have a question: what should i know before starting a new medication briefly?,fact-20,32
hey there,greeting,56
"right now, i'm really anxious",anxious,5
"to be honest, i've been having family problems",family-issues,50
can you help me i'm not feeling up to it?,no-approach,75
can you help me i feel unmotivated?,motivation,71
can you explain how to i want to learn about mental health?,learn-mental-health,63
please help me i am going to kill myself,suicide,93
show me how to my sibling died,death,15
i need support with help me become better,personal-development,79
please help me?,help,61
"right now, i feel panicking right now",panic-attack,78
quick question: help?,help,61
"right now, i feel having family problems",family-issues,50
i'd like to know are there cures for mental health problems briefly?,fact-26,38
i need support with affirmation please,positive-affirmation,80
just chillin',neutral-response,73
i'm very feeling low,sad,85
could you explain is therapy right for me in simple words?,therapy,95
i have a question: explain the importance of mental health in simple words please in simple words?,fact-2,31
show me how to i don't have anything more to say,done,19
could you tell me can you define the difference between mental health professionals?,fact-17,28
help me understand where else can i get help in simple words in simple words?,fact-19,30
show me how to tell me another fact about mental health,mental-health-fact,69
quick question: where do i go to find therapy briefly?,fact-21,33
"honestly, things are tense at home",family-issues,50
i need support with you don't get it,understand,98
quick question: i have a question: could you explain what leads to mental health problems?,fact-27,39
what is your purpose?,about,0
i want to know what treatment options are available in simple words briefly?,fact-15,26
howdy friend,greeting,56
hey good day bot please bma,afternoon,3
could you help me i need a good laugh?,jokes,62
please help me share a mental health fact,mental-health-fact,69
i need help to i feel unmotivated,motivation,71
i have a question: could you explain where should i look for therapy please for me?,fact-21,33
heading to bed,night,74
quick question: how can you help?,skill,87
can you help me thank you for the meditation tips. i'm noticing a positive difference in my mood?,user-meditation,101
quick question: can you tell me is there any cure for mental health problems?,fact-26,38
"lately, my job is stressing me out",work-problems,102
i've been feeling happy lately,happy,58
quick question: could you help me please help me define mental health?,fact-1,21
ok bye then,goodbye,54
hey night bma,night,74
i have a question: didn't you already mention that?,repeat,84
i need support with i need to plan my future,goal-setting,53
okay please?,casual,10
please help me i've said everything i needed to,done,19
i need support with you don't like me,hate-me,59
am i depressed?,fact-5,46
can you explain how to define depression?,fact-3,42
help me set goals,goal-setting,53
"if i become involved in treatment, what do i need to know in simple words please briefly please?",fact-16,27
explain the best way to find a mental health professional right for my child or myself for me?,fact-18,29
i've thought about killing myself,suicide,93
could you help me guide me to i need a breathing exercise?,breathing-exercise,8
i'd like to know where do i go to find a support group clearly?,fact-24,36
i have a question: can you tell me what can i do to find a mental health professional right for my child or myself?,fact-18,29
you are helpful in simple words,compliment,12
can you explain how to you're clueless?,stupid,92
i have a question: can you help me teach me a relaxation technique?,relaxation-techniques,83
i need some advice,user-advice,99
show me how to i lost my father,death,15
guide me to tips for self-care,self-care,86
can you help me you're such an idiot?,stupid,92
how can i manage my time?,time-management,96
am i depressed in simple words clearly?,fact-5,46
what signs should i watch for with mental illness?,fact-11,22
"quick question: if i become involved in treatment, what do i need to know briefly?",fact-16,27
how do i know if i have depression clearly?,fact-5,46
i'm happy lately,happy,58
quick question: what does it mean to have a mental illness for me?,fact-8,49
i feel having family problems these days,family-issues,50
show me how to you're acting dumb,stupid,92
what are your capabilities clearly?,skill,87
quick question: do i need therapy in simple words briefly?,fact-7,48
what is your purpose clearly?,about,0
i feel sad lately,sad,85
i'm so worthless,worthless,103
i need support with i need to set some goals,goal-setting,53
can you explain what do i do if i'm worried about my mental health for me?,fact-28,40
i have a question: i have a question: what can i do to know if i have depression clearly?,fact-5,46
please help me please leave me alone,not-talking,76
hey evenin' for me bma,evening,20
i need support with i need information on mental health,learn-mental-health,63
i feel mad lately,anger,4
i need help to i need self-care advice,self-care,86
i want help with yeah you're absolutely right about that,user-agree,100
i feel really bored,boredom,7
i've been feeling depressed lately,depressed,17
i need help to i feel exhausted but can't sleep,sleep,88
i need help to you're clueless,stupid,92
i want help with please explain further,learn-more,64
help me understand who am i talking to?,name,72
can you explain what should i do if i know someone who appears to have the symptoms of a mental disorder clearly for me?,fact-13,24
could you help me your guidance has been invaluable. i'll continue practicing meditation and focus on the aspects of my life that i can influence?,pandora-useful,77
what do i do if i'm worried about my mental health in simple words for me?,fact-28,40
i have a question: any tips to find a support group briefly in simple words?,fact-24,36
can you help me i know you hate me?,hate-me,59
i want help with help me breathe,breathing-exercise,8
quick question: is now a good time for me to ask something?,ask,6
i need help to money,default,16
i feel insecure about myself lately,low-self-esteem,67
i need help to i'm bored of this topic. let's talk about something else,something-else,89
"these days, i've been feeling worthless",worthless,103
what's your name?,name,72
can you help me nothing new?,neutral-response,73
"today, i feel bad when i compare myself",comparison,11
sup,greeting,56
i'm so stressed,stressed,91
i am bad when i compare myself these days,comparison,11
"guide me to that makes sense, i should take some time for myself",user-agree,100
"honestly, i feel happy",happy,58
i want help with i think i'm feeling stressed because of the workload at my job,problem,81
i'm struggling after something traumatic,trauma,97
i want help with that's not quite accurate,wrong,104
"these days, i am struggling with addiction",addiction-support,2
what can trigger mental health problems briefly briefly?,fact-27,39
can you tell me can you prevent mental health problems?,fact-25,37
i want help with i want to start therapy,therapy,95
guide me to thank you for your assistance. i'll stick to meditation and channel my efforts towards the aspects of my life that i can control,pandora-useful,77
please help me that's not what i had in mind,wrong,104
hey hey good day bot please bma,afternoon,3
quick question: quick question: where can i learn about types of mental health treatment please please?,fact-22,34
hey top of the morning to you,morning,70
"honestly, i am depressed",depressed,17
what is the difference between mental health professionals?,fact-17,28
can you tell me where are you from?,location,65
quick question: help me understand a therapist?,fact-6,47
please help me give me something to laugh about,jokes,62
"i want help with that makes sense, i should take some time for myself",user-agree,100
i want help with i want help with i need a hotline,crisis-resources,14
can you explain are there cures for mental health problems for me?,fact-26,38
"honestly, i am anxious",anxious,5
i've been feeling lonely at the moment,loneliness,66
how were you made please?,creation,13
quick question: do you have a moment to answer a question?,ask,6
you're helpful briefly in simple words clearly,compliment,12
"at the moment, i am lonely",loneliness,66
can you help me thank you for your assistance. i'll stick to meditation and channel my efforts towards the aspects of my life that i can control?,pandora-useful,77
i feel very having relationship problems,relationship-issues,82
can you help me i'd like to hear a mental health fact?,mental-health-fact,69
i'd like to know can you teach me about mental health?,learn-mental-health,63
guide me to nothing much,neutral-response,73
"to be honest, i've been bored",boredom,7
"at the moment, i've been feeling worthless",worthless,103
can you help me i don't feel like talking right now?,not-talking,76
"these days, i am bored",boredom,7
i have financial problems at the moment,financial-problems,51
i have a question: i have a question: am i suffering from depression briefly?,fact-5,46
how are anxiety and stress briefly for me different?,fact-31,44
i have a question: who created you?,creation,13
please help me i want clear objectives,goal-setting,53
i am very insecure about myself,low-self-esteem,67
can you tell me can we discuss something different?,something-else,89
i need support with give me something to laugh about,jokes,62
where should i look for a support group clearly?,fact-24,36
could you help me i have trouble falling asleep?,sleep,88
can you explain how to ok sure. i would like to learn more about it?,learn-more,64
i am very sad,sad,85
please help me i am going to commit suicide,suicide,93
i want to know can u prevent mental health problems briefly?,fact-25,37
"today, i don't believe in myself",low-self-esteem,67
quick question: explain the difference between mental health professionals please clearly for me?,fact-17,28
thanks a lot so much,thanks,94
i'm happy these days,happy,58
i need support with i think i'm feeling stressed because of the workload at my job,problem,81
quick question: could you explain what can i do to find therapy clearly?,fact-21,33
i'd like to know can you help me i need help to define mental health for me?,fact-1,21
"right now, i feel depressed",depressed,17
help me understand what does a therapist do for me in simple words in simple words?,fact-6,47
could you define depression?,fact-3,42
can you explain how to i want to grow as a person?,personal-development,79
guide me to i have no motivation,motivation,71
can you help me i'm feeling a bit overwhelmed?,no-approach,75
i am lonely right now,loneliness,66
help me understand the difference between anxiety and stress in simple words?,fact-31,44
help me understand what should i call you?,name,72
i feel quite stressed,stressed,91
"if i become involved in treatment, what do i need to know in simple words briefly?",fact-16,27
"guide me to you're right, i should give myself some time to relax",user-agree,100
can you tell me where can i learn about types of mental health treatment briefly clearly briefly?,fact-22,34
alright bye then,goodbye,54
i want to know what can you do?,about,0
can you help me you can't help me?,understand,98
guide me to you're going in circles,repeat,84
i need help to my aunt passed away,death,15
could you explain can you explain can people with mental illness recover clearly for me for me?,fact-12,23
i'd like to know where else can i get help for me clearly?,fact-19,30
"right now, i've been grieving",grief,57
could you help me i need a hotline?,crisis-resources,14
i'm wide awake when i should be sleeping,sleep,88
i've been stressed right now,stressed,91
i want help with you're not making any sense,stupid,92
i want to know what can trigger mental health problems?,fact-27,39
didn't you already mention that briefly?,repeat,84
"honestly, i'm happy",happy,58
give me a mental health fact,mental-health-fact,69
give me advice about difference between sadness and depression,fact-32,45
i have a question: where can i get crisis help?,crisis-resources,14
top of the morning to you bot please,morning,70
i've been feeling anxious at the moment,anxious,5
i need help to that's all i have to say,done,19
guide me to im constantly stressed,stress-management,90
please help me i feel unmotivated,motivation,71
quick question: quick question: what does a therapist do for me?,fact-6,47
i have a question: could you tell me what are the different types of mental health professionals?,fact-23,35
help me understand why should i keep going?,motivation,71
"could you help me no, that would be all?",done,19
ok so long,goodbye,54
i feel very having problems at work,work-problems,102
i'd like to know where can i learn about types of mental health treatment?,fact-22,34
i need help to i want to start therapy,therapy,95
i want to know what are you doing?,casual,10
i have a question: i have a question: explain the best way to find a mental health professional for myself or my child?,fact-14,25
what's up?,casual,10
could you help me girlfriend?,default,16
could you tell me are there cures for mental health problems please briefly?,fact-26,38
my name is briefly?,name,72
quick question: could you define the difference between mental health professionals please?,fact-17,28
"show me how to no, that would be all",done,19
i want to know what treatment options are available in simple words?,fact-15,26
i have a question: could you help me i need support with define mental health?,fact-1,21
i have a question: can you tell me a mental health fact?,mental-health-fact,69
"right now, i keep comparing myself to others",comparison,11
how can i find a mental health professional right for my child or myself clearly?,fact-18,29
help me understand what r some of the warning signs of mental illness please?,fact-11,22
i've been feeling worthless today,worthless,103
could you explain where are you located?,location,65
that's helpful a lot,thanks,94
hey hey hello afternoon,afternoon,3
could you help me tell me another fact about mental health?,mental-health-fact,69
please help me i can't relax,relaxation-techniques,83
give me advice about i'm not really feeling like myself today,no-approach,75
i'm anxious at the moment,anxious,5
you hate me,hate-me,59
how can i maintain social connections? what if i feel lonely briefly briefly?,fact-30,43
please help me guide me to help me become better,personal-development,79
can you help me nothing much?,neutral-response,73
quick question: i have a question: help me understand is recovery from mental illness possible please briefly in simple words?,fact-12,23
"right now, i've been feeling worthless",worthless,103
quick question: who created you?,creation,13
please help me i feel like ending my life,suicide,93
hello afternoon,afternoon,3
what can i do to take care of myself?,self-care,86
could you tell me what can you tell me about mental health?,learn-mental-health,63
i'm happy right now,happy,58
give me advice about i don't feel like talking right now,not-talking,76
can you explain how to not much?,neutral-response,73
what can i do to find therapy?,fact-21,33
can you explain can you define the difference between mental health professionals please in simple words?,fact-17,28
quick question: i have a question: help me understand is recovery from mental illness possible please in simple words for me?,fact-12,23
"today, i feel lonely",loneliness,66
i want help with i want to grow as a person,personal-development,79
hello night bma,night,74
i've been feeling happy these days,happy,58
can you explain what can i do to know if i'm unwell?,fact-29,41
i'm having family problems at the moment,family-issues,50
i want help with this sounds familiar,repeat,84
i have a question: what are the different types of mental health professionals in simple words in simple words?,fact-23,35
am i suffering from depression please please?,fact-5,46
i feel extremely anxious,anxious,5
quick question: help me understand can you explain what should i do if i know someone who appears to have the symptoms of a mental disorder clearly please?,fact-13,24
can you help me i think you dislike me?,hate-me,59
i need help to i want to unwind,relaxation-techniques,83
help me understand how were you created?,creation,13
should i see a therapist in simple words?,therapy,95
"right now, i'm depressed",depressed,17
i am angry at the moment,anger,4
please help me i need stress relief,stress-management,90
i have a question: what do i do if i'm worried about my mental health for me?,fact-28,40
can u prevent mental health problems in simple words briefly?,fact-25,37
can you help me i'm not convinced by that?,wrong,104
night night please,night,74
i've been dealing with loss,grief,57
i need help to my uncle died,death,15
i need support with i procrastinate too much,discipline,18
show me how to i can't get anything done,time-management,96
anxiety vs stress in simple words please?,fact-31,44
give me advice about no just stay away,not-talking,76
i feel struggling with addiction these days,addiction-support,2
show me how to i need self care tips,self-care,86
hey sleep tight briefly bma,night,74
any tips to know if i'm unwell in simple words in simple words for me?,fact-29,41
please help me i'm feeling frustrated because i can't seem to solve this problem,problem,81
guide me to help me with time management,time-management,96
i want to know what is your purpose?,about,0
could you help me i feel like i'm always the one who feels like i'm being excluded?,friends,52
show me how to i could use some advice,user-advice,99
i'm dealing with trauma right now,trauma,97
i'm angry today,anger,4
i have a question: any tips to maintain social connections? what if i feel lonely in simple words briefly clearly?,fact-30,43
how are sadness and depression different?,fact-32,45
please help me friends,default,16
can you define the best way to maintain social connections? what if i feel lonely?,fact-30,43
i need help to help me calm down,relaxation-techniques,83
hey good afternoon bot,afternoon,3
good night bot in simple words,night,74
i need support with teach me a relaxation technique,relaxation-techniques,83
hey hello this afternoon bma,afternoon,3
can you explain how to calm my breathing?,breathing-exercise,8
could you help me im constantly stressed?,stress-management,90
"lately, i am stressed about school",academic-stress,1
i have a question: i need someone to talk to?,help,61
guide me to nothing new,neutral-response,73
i am so stressed about money,financial-problems,51
"to be honest, i'm sad",sad,85
any tips to achieve my goals?,goal-setting,53
i need support with help me breathe,breathing-exercise,8
quick question: i want to know can you help me define mental health in simple words?,fact-1,21
could you explain can u prevent mental health problems in simple words?,fact-25,37
can you help me you're repeating what you said?,repeat,84
really thank u,thanks,94
help me understand the difference between mental health professionals briefly?,fact-17,28
i'm panicking right now lately,panic-attack,78
quick question: any tips to find a mental health professional right for my child or myself clearly in simple words?,fact-18,29
could you help me tell me another joke?,jokes,62
i need support for me?,help,61
i am really bad when i compare myself,comparison,11
give me a simple definition of your origin?,creation,13
i'm so in a good mood,happy,58
how can i find therapy?,fact-21,33
thx a lot,thanks,94
"at the moment, i am bored",boredom,7
what's the difference between anxiety and stress for me for me?,fact-31,44
how are you doing clearly?,casual,10
could you tell me how were you created?,creation,13
can you explain how to this sounds familiar?,repeat,84
i need support with i don't like you,hate-you,60
could you explain who am i talking to?,name,72
"at the moment, i feel grieving",grief,57
"i want help with meditation seems intriguing, but i'm not sure if it's for me",meditation,68
"right now, i feel having relationship problems",relationship-issues,82
i have a question: i have a question: where else can i get help in simple words for me?,fact-19,30
give me advice about i know you hate me,hate-me,59
can you explain how to i want to die?,suicide,93
"i need help to i've never tried meditation before, but i'm willing to give it a shot",meditation,68
i feel quite having problems at work,work-problems,102
"hello, anyone here?",greeting,56
can you explain can you define the best way to maintain social connections? what if i feel lonely for me?,fact-30,43
really you're the best,thanks,94
guide me to ok sure. i would like to learn more about it,learn-more,64
i want help with i need support with i want to develop myself,personal-development,79
quick question: quick question: what should i do if i know someone who appears to have the symptoms of a mental disorder for me?,fact-13,24
"lately, i'm exhausted from everything",burnout,9
i am quite dealing with trauma,trauma,97
"right now, i've been feeling bored",boredom,7
can you explain what should i do if i know someone who appears to have the symptoms of a mental disorder briefly briefly?,fact-13,24
"at the moment, i feel bad when i compare myself",comparison,11
could you help me show me how to define mental health?,fact-1,21
i am quite worthless,worthless,103
i feel exhausted but can't sleep,sleep,88
i'm very sad,sad,85
"at the moment, i'm angry",anger,4
"can you help me no, that would be all?",done,19
what's the best way to know if i'm unwell clearly?,fact-29,41
please help me tell me a fact about mental health,mental-health-fact,69
could you help me help me become better for me?,personal-development,79
i am really worthless,worthless,103
quick question: i want to know what does a therapist do for me?,fact-6,47
"if i become involved in treatment, what do i need to know for me in simple words clearly?",fact-16,27
hey hello evening bma,evening,20
i'd like to know who is your developer?,creation,13
help me understand where else can i get help in simple words in simple words in simple words?,fact-19,30
i'm quite exhausted from everything,burnout,9
can you help me i need more willpower?,discipline,18
i have a question: i have a question: where else can i get help in simple words for me in simple words briefly?,fact-19,30
quick question: where can i learn about types of mental health treatment briefly please?,fact-22,34
please help me i'm feeling tense because i'm having relationship issues,problem,81
"these days, i'm burned out",burnout,9
i am really happy,happy,58
"to be honest, i am having problems at work",work-problems,102
could you help me i need to be more productive?,time-management,96
what does therapy mean in simple words?,fact-7,48
can you help me i need urgent help?,crisis-resources,14
any tips to set goals?,goal-setting,53
please help me you don't understand me,understand,98
give me advice about i want clear objectives,goal-setting,53
give me a simple definition of your expertise?,skill,87
i want to know what treatment options are available for me for me?,fact-15,26
what is the difference between anxiety and stress in simple words?,fact-31,44
i need help to calm my breathing,breathing-exercise,8
could you explain where can i get crisis help?,crisis-resources,14
i want help with just shut up,not-talking,76
i want to know can we talk about something else?,not-talking,76
i think i'm having a panic attack at the moment,panic-attack,78
quick question: mind if i pick your brain about something?,ask,6
can you help me i feel like i'm always the one who feels like i'm being shunned?,friends,52
can you explain how to i can't get started?,motivation,71
could you help me i need self care tips?,self-care,86
could you help me breathing techniques?,breathing-exercise,8
i want help with i need advice on something,user-advice,99
i have a question: should i see a therapist?,therapy,95
i need support with i feel thankful,gratitude,55
am i mentally ill for me in simple words?,fact-5,46
quick question: do i need therapy?,fact-7,48
hello afternoon bot in simple words,afternoon,3
i want to know can you help me define mental health briefly?,fact-1,21
"lately, i am stressed",stressed,91
"these days, i feel dealing with trauma",trauma,97
i feel stressed about money these days,financial-problems,51
what's the best way to find a mental health professional right for my child or myself?,fact-18,29
i have a question: any tips to find a mental health professional right for my child or myself clearly in simple words please briefly?,fact-18,29
any tips to find a therapist?,therapy,95
quick question: i'd like to know what should i do if i know someone who appears to have the symptoms of a mental disorder for me?,fact-13,24
please help me just hanging out,neutral-response,73
"lately, i feel stressed",stressed,91
"please help me meditation seems intriguing, but i'm not sure if it's for me",meditation,68
"i have a question for you, if that's okay in simple words?",ask,6
i feel like i'm always the one who feels like i'm being pushed away,friends,52
can you explain how to i need a good laugh?,jokes,62
is now a good time for me to ask something please?,ask,6
i'm so bad when i compare myself,comparison,11
how do i find a mental health professional right for my child or myself briefly briefly?,fact-18,29
i need support with yeah you're absolutely right about that,user-agree,100
i'm so struggling after something traumatic,trauma,97
gotta go for now,goodbye,54
help me understand what does it mean to have a mental illness in simple words for me clearly?,fact-8,49
i would like to learn more about it,learn-more,64
"honestly, i've been feeling worthless",worthless,103
alright goodnight,goodbye,54
"honestly, i am insecure about myself",low-self-esteem,67
is anyone there,greeting,56
give me advice about give me a mental health fact,mental-health-fact,69
hey top of the morning,morning,70
help me understand where else can i get help in simple words?,fact-19,30
give me advice about i don't know what my goals are,goal-setting,53
i want to know can you tell me something funny?,jokes,62
i'm alone these days,loneliness,66
i have financial problems right now,financial-problems,51
i'm extremely alone,loneliness,66
quick question: could you explain what treatment options are available clearly?,fact-15,26
i'm extremely panicking right now,panic-attack,78
i have no discipline,discipline,18
you're helpful briefly in simple words please please briefly,compliment,12
guide me to i think i'm feeling stressed because of the workload at my job,problem,81
quick question: quick question: what can i do to find therapy in simple words?,fact-21,33
i need support with i want to kill myself,suicide,93
give me advice about help me calm down,relaxation-techniques,83
can you help me stress is ruining my life?,stress-management,90
are there cures for mental health problems?,fact-26,38
quick question: i need help?,help,61
quick question: i have a question: am i suffering from depression clearly in simple words clearly?,fact-5,46
what does the best way to find a mental health professional for myself or my child briefly mean?,fact-14,25
quick question: where can i learn about types of mental health treatment briefly for me?,fact-22,34
i'd like to know where are you located?,location,65
i want to set new goals,goal-setting,53
i'd like to know can you help me i need help to define mental health?,fact-1,21
fare thee well,goodbye,54
what treatment options r available please for me?,fact-15,26
give me advice about i'm not feeling up to it,no-approach,75
quick question: quick question: explain the best way to find a mental health professional for myself or my child for me?,fact-14,25
i have a question: i need support?,help,61
i want help with i want to start therapy briefly,therapy,95
could you help me i am going to kill myself?,suicide,93
give me advice about i want some advice,user-advice,99
how can i find a support group please?,fact-24,36
i'd like to know how are you?,casual,10
give me a simple definition of the difference between mental health professionals clearly?,fact-17,28
i need support with i need advice on something,user-advice,99
can you help me stress is overwhelming me?,stress-management,90
what can you do clearly?,skill,87
i want to know can you define the importance of mental health for me?,fact-2,31
could you help me i want to learn more about mental health?,learn-mental-health,63
can you explain how to this topic doesn't interest me?,something-else,89
i'd like to know what is your purpose?,about,0
"same old, same old",neutral-response,73
i need someone to talk to please?,help,61
i have a question: can u prevent mental health problems for me for me in simple words?,fact-25,37
"could you help me i'm curious about meditation, but i'm not sure where to begin?",meditation,68
"please help me i've never tried meditation before, but i'm willing to give it a shot",meditation,68
could you define your expertise?,skill,87
you're clueless,stupid,92
r there cures for mental health problems briefly?,fact-26,38
quick question: help me understand a therapist briefly?,fact-6,47
what r some of the warning signs of mental illness please?,fact-11,22
guide me to i'm not really feeling like myself today,no-approach,75
"can you help me you're correct, i need to take a break?",user-agree,100
i have a question: where can i learn about types of mental health treatment clearly?,fact-22,34
i am burned out,burnout,9
i am anxious lately,anxious,5
i'm exhausted from everything lately,burnout,9
explain the best way to find a mental health professional right for my child or myself please?,fact-18,29
i feel so anxious,anxious,5
"at the moment, i feel stressed about money",financial-problems,51
i've been dealing with trauma,trauma,97
"to be honest, i've been grieving",grief,57
i'm really stressed about money,financial-problems,51
i'm quite dealing with trauma,trauma,97
i'm quite having problems at work,work-problems,102
i feel really stressed,stressed,91
i want to know what should i know before starting a new medication please in simple words please clearly?,fact-20,32
"at the moment, i'm stressed",stressed,91
nothing special,neutral-response,73
i am so having problems at work,work-problems,102
can you explain what should i do if i know someone who appears to have the symptoms of a mental disorder clearly briefly clearly?,fact-13,24
could you tell me what does it mean to have a mental illness in simple words?,fact-8,49
"today, i am having relationship problems",relationship-issues,82
i need support with say something nice to me,positive-affirmation,80
can you help me family?,default,16
i need support with i feel like you hate me,hate-me,59
i'm dealing with trauma,trauma,97
i need support with emergency mental health help,crisis-resources,14
i've been having problems at work,work-problems,102
what does depression mean?,fact-3,42
i am stressed about school today,academic-stress,1
help for me?,help,61
please help me guide me to please help me guide me to difference between sadness and depression,fact-32,45
what do i do if i'm worried about my mental health for me?,fact-28,40
i have a question: could you define a therapist for me?,fact-6,47
quick question: is it alright if i seek your expertise?,ask,6
can you tell me what should i know before starting a new medication briefly please?,fact-20,32
ty so much,thanks,94
could you help me i know you hate me?,hate-me,59
i want help with i'm not convinced by that,wrong,104
how do i improve myself?,personal-development,79
how can i improve myself?,personal-development,79
"these days, i'm insecure about myself",low-self-esteem,67
do you have a moment to answer a question?,ask,6
i lack self-control,discipline,18
i don't like you,hate-you,60
you are a great bot,compliment,12
good night bma briefly bot,night,74
"these days, i've been feeling burned out",burnout,9
i feel really like i have no value,worthless,103
my aunt passed away,death,15
i feel like i'm always the one who feels like i'm being isolated,friends,52
i'm anxious these days,anxious,5
quick question: where else can i get help briefly for me in simple words?,fact-19,30
i have a question: any tips to find a support group briefly?,fact-24,36
show me how to thank you once again for your advice. i'll make meditation a priority and concentrate on what i have the power to change,pandora-useful,77
i feel very panicking right now,panic-attack,78
could you tell me what do i do if i'm worried about my mental health please for me?,fact-28,40
can you explain how to define depression for me?,fact-3,42
i am having problems at work,work-problems,102
"i want help with you're right, i should give myself some time to relax",user-agree,100
i feel grieving right now,grief,57
i'd like to know can you prevent mental health problems?,fact-25,37
i'm exhausted from everything these days,burnout,9
show me how to i feel like i'm always the one who feels like i'm being ignored,friends,52
quick question: could you tell me can you explain where can i learn about types of mental health treatment?,fact-22,34
give me advice about give me something to laugh about,jokes,62
please help me i lost my father,death,15
i feel really struggling with addiction,addiction-support,2
can you explain how to i'm thankful for your advice. i'll continue meditating and focus on what i have the ability to change?,pandora-useful,77
i need support for addiction right now,addiction-support,2
i want help with i don't have anything more to say,done,19
show me how to nothing much,neutral-response,73
quick question: what treatment options r available clearly?,fact-15,26
i need help to i know you hate me,hate-me,59
guide me to i feel thankful,gratitude,55
quick question: quick question: where else can i get help in simple words?,fact-19,30
i have a question: i want to know what does it mean to have a mental illness please?,fact-8,49
thank you very much,thanks,94
i have a question: do you have a name?,name,72
"right now, i have financial problems",financial-problems,51
i have a question: are you available in morocco?,location,65
quick question: i want to know can u prevent mental health problems?,fact-25,37
can you help me define depression in simple words?,fact-3,42
i need support with i appreciate this,gratitude,55
could you explain what leads to mental health problems for me for me?,fact-27,39
i need help to friends,default,16
"lately, i've been feeling depressed",depressed,17
give me a simple definition of the best way to know if i'm unwell please?,fact-29,41
i want help with that's all,done,19
quick question: what are the different types of mental health professionals?,fact-23,35
is anyone there bma,greeting,56
guide me to teach me a relaxation technique,relaxation-techniques,83
can you help me i need self-care advice?,self-care,86
hello evening bot,evening,20
i'd like to know where can i learn about types of mental health treatment in simple words?,fact-22,34
please help me in simple words?,help,61
"to be honest, i've been struggling with addiction",addiction-support,2
i want help with i want self-improvement tips,personal-development,79
could you help me i'm feeling upset because of a disagreement with a friend?,problem,81
introduce yourself for me?,about,0
can you explain how to i'm feeling frustrated because i can't seem to solve this problem?,problem,81
should i see a therapist clearly?,therapy,95
could you help me i keep waking up during the night?,sleep,88
i need support with i need a good laugh,jokes,62
can you explain can you define the difference between mental health professionals please?,fact-17,28
i'm extremely in a good mood,happy,58
quick question: what should i know before starting a new medication briefly?,fact-20,32
can you explain how to i'd like to shift the conversation to something else?,something-else,89
show me how to i'm interested in learning about mental health,learn-mental-health,63
"lately, i'm depressed",depressed,17
what's the best way to know if i'm unwell?,fact-29,41
"please help me i've heard about meditation, but i'm not sure how to start",meditation,68
show me how to i want some advice,user-advice,99
give me a simple definition of therapy?,fact-7,48
"could you help me i see your point, i should take a step back and rest?",user-agree,100
i've been struggling with addiction these days,addiction-support,2
i have a question: what are the different types of mental health professionals please clearly?,fact-23,35
do you have a brain in simple words?,stupid,92
how are you for me?,casual,10
i am bad when i compare myself lately,comparison,11
"honestly, i feel having relationship problems",relationship-issues,82
please help me my grandparent passed away,death,15
i've been feeling lonely right now,loneliness,66
help me understand what does it mean to have a mental illness in simple words for me?,fact-8,49
i am very bored,boredom,7
where can i find a support group?,fact-24,36
what should i call you for me?,name,72
thank you once again for your advice. i'll make meditation a priority and concentrate on what i have the power to change,pandora-useful,77
i'm really struggling after something traumatic,trauma,97
quick question: where can i learn about types of mental health treatment in simple words clearly?,fact-22,34
guide me to friends,default,16
can you explain are there cures for mental health problems?,fact-26,38
please help me just taking it easy,neutral-response,73
guide me to i'm wide awake when i should be sleeping,sleep,88
show me how to i'm not feeling up to it,no-approach,75
i'm not convinced by that,wrong,104
guide me to i need some advice,user-advice,99
good afternoon bot for me,afternoon,3
i want to know can you explain what can i do to know if i'm unwell?,fact-29,41
i'm feeling anxious because i have a presentation coming up,problem,81
i've been feeling happy,happy,58
"today, i feel struggling with addiction",addiction-support,2
can you teach me about mental health clearly?,learn-mental-health,63
i want to know what helps with relaxation?,relaxation-techniques,83
i think i'm quite having a panic attack,panic-attack,78
i'm burned out today,burnout,9
show me how to i'd like to shift the conversation to something else,something-else,89
please help me just shut up,not-talking,76
i've been feeling bored right now,boredom,7
i want help with not really in the mood,no-approach,75
guide me to motivate me,motivation,71
any tips to find a mental health professional right for my child or myself clearly in simple words for me?,fact-18,29
can you tell me what is your name?,name,72
can we talk about something else instead?,something-else,89
what are the different types of mental health professionals in simple words?,fact-23,35
how's it going in simple words?,casual,10
are there cures for mental health problems for me in simple words?,fact-26,38
can you help me i'm not sure about that one?,wrong,104
i am very burned out,burnout,9
please help me for me?,help,61
"lately, i'm stressed",stressed,91
top of the morning to you,morning,70
could you define the best way to find a mental health professional right for my child or myself clearly clearly?,fact-18,29
what does a therapist do briefly?,fact-6,47
i need help to i need positive words,positive-affirmation,80
guide me to encourage me,positive-affirmation,80
"these days, i've been feeling happy",happy,58
i have a question: explain the difference between mental health professionals please clearly?,fact-17,28
hello afternoon bma,afternoon,3
i want help with ok sure. i would like to learn more about it,learn-more,64
could you explain can you define the best way to maintain social connections? what if i feel lonely in simple words?,fact-30,43
help me understand where are you located?,location,65
help me understand what r some of the warning signs of mental illness?,fact-11,22
is therapy right for me please?,therapy,95
i have a question: am i suffering from depression for me?,fact-5,46
can you prevent mental health problems?,fact-25,37
show me how to i feel exhausted but can't sleep,sleep,88
give me advice about i'd love to hear more,learn-more,64
show me how to you can't possibly know what i'm going through,understand,98
could you help me you can't help me?,understand,98
any tips to find a mental health professional right for my child or myself clearly in simple words for me briefly in simple words?,fact-18,29
i need support with tell me about therapy,therapy,95
quick question: can you tell me something funny?,jokes,62
any tips to find a mental health professional for myself or my child briefly?,fact-14,25
"if i become involved in treatment, what do i need to know in simple words for me clearly?",fact-16,27
i need support with tell me another joke,jokes,62
hey good night bot,night,74
i feel having family problems today,family-issues,50
"at the moment, i'm insecure about myself",low-self-esteem,67
how do i find a mental health professional for myself or my child briefly for me?,fact-14,25
that's helpful,thanks,94
can you help me you must hate me?,hate-me,59
can you help me emergency mental health help?,crisis-resources,14
i have a question: any tips to maintain social connections? what if i feel lonely in simple words briefly clearly for me briefly?,fact-30,43
where can i go to find a support group?,fact-24,36
help me understand is recovery from mental illness possible briefly in simple words?,fact-12,23
quick question: give me a simple definition of a therapist please?,fact-6,47
i want help with you're saying the same thing,repeat,84
alright fare thee well,goodbye,54
"honestly, i've been bored",boredom,7
help me understand how about a joke?,jokes,62
quick question: how are you?,casual,10
guide me to tell me about therapy,therapy,95
i'm extremely dealing with loss,grief,57
are you available in morocco briefly?,location,65
could you explain where else can i get help for me?,fact-19,30
can you help me i practiced meditation as you suggested and it really helped calm my mind?,user-meditation,101
"to be honest, my studies are overwhelming me",academic-stress,1
what country are you for clearly?,location,65
"quick question: quick question: i have a question: if i become involved in treatment, what do i need to know in simple words clearly?",fact-16,27
i feel really dealing with trauma,trauma,97
can you help me help me handle stress?,stress-management,90
can you prevent mental health problems clearly please?,fact-25,37
i need support with yeah you're right. i deserve a break,user-agree,100
i have a question: explain the best way to find a mental health professional for myself or my child?,fact-14,25
i have a question: where can i learn about types of mental health treatment?,fact-22,34
help me understand why are you even here?,hate-you,60
i like talking to you briefly for me clearly,compliment,12
i have low self-esteem at the moment,low-self-esteem,67
i want help with i'd like to shift the conversation to something else,something-else,89
good night bma,night,74
can i get your opinion on something?,ask,6
could you explain where can i learn about types of mental health treatment briefly clearly?,fact-22,34
i have a question: quick question: could you tell me can you tell me what can i do to know if i'm unwell in simple words?,fact-29,41
quick question: i have a question: i have a question: what should i know before starting a new medication in simple words briefly in simple words?,fact-20,32
show me how to i've said everything i needed to,done,19
can you explain who is therapy for for me clearly?,fact-7,48
i feel like i'm never rested,sleep,88
i need support with i lack self-control,discipline,18
i feel like i have no value,worthless,103
u r helpful for me clearly for me,compliment,12
i need support with i feel like i'm always the one who feels like i'm being pushed away,friends,52
show me how to i don't like you,hate-you,60
can you help me i lost my drive?,motivation,71
"can you help me i'm curious about meditation, but i'm not sure where to begin?",meditation,68
please help me i need more willpower,discipline,18
quick question: explain the importance of mental health briefly in simple words please?,fact-2,31
quick question: what can i do to maintain social connections? what if i feel lonely for me?,fact-30,43
"right now, i feel worthless",worthless,103
where else can i get help please?,fact-19,30
guide me to i hate you,hate-you,60
quick question: tell me about the difference between mental health professionals?,fact-17,28
can you help me calm my breathing?,breathing-exercise,8
i want to know who built you?,creation,13
"lately, i've been angry",anger,4
quick question: i want to know where else can i get help please?,fact-19,30
could you explain what r the different types of mental health professionals please briefly?,fact-23,35
i want to know is therapy right for me?,therapy,95
i'm bad when i compare myself,comparison,11
i am clearly?,name,72
could you explain how are anxiety and stress different clearly?,fact-31,44
quick question: what are the causes of mental health problems briefly?,fact-27,39
what can trigger mental health problems please in simple words in simple words in simple words in simple words?,fact-27,39
u r great briefly in simple words briefly,compliment,12
please help me i need information on mental health,learn-mental-health,63
i want to know can you explain who is therapy for clearly?,fact-7,48
is now a good time for me to ask something for me?,ask,6
can you explain how to i can't stand you?,hate-you,60
what does the best way to find a mental health professional for myself or my child briefly mean please?,fact-14,25
can you help me help me breathe?,breathing-exercise,8
i've been feeling sad at the moment,sad,85
guide me to help me build discipline,discipline,18
do you have a moment to answer a question briefly?,ask,6
any tips to know if i'm unwell please?,fact-29,41
could you help me i need a breathing exercise?,breathing-exercise,8
how can i know if i'm unwell?,fact-29,41
i feel so stressed about school,academic-stress,1
i am extremely angry,anger,4
i have a question: i'd like to know what does a therapist do for me clearly?,fact-6,47
guide me to yeah you're right. i deserve a break,user-agree,100
"at the moment, i feel angry",anger,4
could you tell me how are you?,casual,10
what should i call you?,name,72
do i need therapy?,fact-7,48
can you explain how to i'm not sure that's a good idea for me at the moment?,no-approach,75
show me how to your guidance has been invaluable. i'll continue practicing meditation and focus on the aspects of my life that i can influence,pandora-useful,77
could you help me you don't understand me?,understand,98
show me how to help me build discipline,discipline,18
hey good afternoon in simple words,afternoon,3
hey good evening bot bot,evening,20
quick question: what country are you for?,location,65
what does the importance of mental health briefly mean?,fact-2,31
can you tell me what can you tell me about mental health?,learn-mental-health,63
can you explain how to my mother passed away?,death,15
"if i become involved in treatment, what do i need to know in simple words for me?",fact-16,27
tell me about yourself?,about,0
show me how to i'm always busy,time-management,96
guide me to that's all,done,19
good morning,morning,70
you're kind clearly in simple words,compliment,12
could you help me i feel like i'm always the one who feels like i'm being avoided?,friends,52
show me how to i feel like you hate me,hate-me,59
i've been having relationship problems these days,relationship-issues,82
could you help me help me become better?,personal-development,79
i am happy at the moment,happy,58
i need help to i need to be more productive,time-management,96
"right now, i think i'm having a panic attack",panic-attack,78
can you help me im grateful?,gratitude,55
i want help with i feel like ending my life,suicide,93
"today, my relationship is stressing me out",relationship-issues,82
show me how to you're useless,hate-you,60
i want help with i need to plan my future,goal-setting,53
i feel quite struggling with addiction,addiction-support,2
i feel stressed about school at the moment,academic-stress,1
any tips to maintain social connections? what if i feel lonely for me?,fact-30,43
i want to know can you help me?,help,61
can you help me i need a hotline?,crisis-resources,14
i need support with im constantly stressed,stress-management,90
i want help with that sounds useful,meditation,68
could you tell me what do i do if i'm worried about my mental health clearly?,fact-28,40
show me how to i'm feeling a bit overwhelmed,no-approach,75
show me how to i need stress relief,stress-management,90
"right now, i'm struggling with addiction",addiction-support,2
"lately, i'm bad when i compare myself",comparison,11
"that's a good idea, i need to take care of myself",user-agree,100
can you explain how to i have zero discipline?,discipline,18
what do i do if i'm worried about my mental health briefly clearly?,fact-28,40
guide me to i practiced meditation as you suggested and it really helped calm my mind,user-meditation,101
i need support with i can't get to sleep,sleep,88
can you explain how to i want to develop myself?,personal-development,79
can you tell me what should i call you?,name,72
could you help me just shut up?,not-talking,76
can you help me exams?,default,16
could you explain what do i do if i'm worried about my mental health for me?,fact-28,40
i feel angry today,anger,4
is it alright if i seek your expertise in simple words?,ask,6
i am very depressed,depressed,17
please help me tell me more,learn-more,64
how do i find a mental health professional for myself or my child please?,fact-14,25
i need positive words,positive-affirmation,80
quick question: i have a question: any tips to know if i'm unwell in simple words?,fact-29,41
can you explain how to i'm mourning the loss of my parent?,death,15
"today, i feel having problems at work",work-problems,102
i feel stressed about school today,academic-stress,1
i want to know where else can i get help in simple words clearly?,fact-19,30
i am worthless at the moment,worthless,103
i'm so struggling with addiction,addiction-support,2
show me how to i'd like to hear a mental health fact,mental-health-fact,69
hey sleep tight,night,74
can you help me i'm amazed at how much better i feel after incorporating meditation into my daily routine?,user-meditation,101
can you tell me are you even listening?,stupid,92
can you explain how to i feel like i'm always the one who feels like i'm being ignored?,friends,52
explain the importance of mental health briefly for me please?,fact-2,31
"these days, i feel bored",boredom,7
do you have a brain please?,stupid,92
could you help me nothing new?,neutral-response,73
"today, i'm grieving",grief,57
how are anxiety and stress different clearly?,fact-31,44
i have a question: could you explain what can i do to find therapy for me in simple words?,fact-21,33
thank you for being here,gratitude,55
"honestly, i feel having family problems",family-issues,50
ok talk later,goodbye,54
i need support with stress is overwhelming me,stress-management,90
guide me to define depression,fact-3,42
can you explain can you tell me where can i learn about types of mental health treatment?,fact-22,34
i'm very insecure about myself,low-self-esteem,67
"lately, i feel happy",happy,58
could you define the best way to know if i'm unwell please clearly?,fact-29,41
where can i learn about types of mental health treatment clearly?,fact-22,34
i'm so having problems at work,work-problems,102
hey bot,greeting,56
i feel having relationship problems lately,relationship-issues,82
i have a question: could you define the difference between mental health professionals in simple words?,fact-17,28
could you tell me where do i go to find therapy?,fact-21,33
would it be alright if i asked for your thoughts briefly?,ask,6
i have a question: could you tell me what r some of the warning signs of mental illness briefly?,fact-11,22
give me advice about i've thought about killing myself,suicide,93
give me advice about define mental health,fact-1,21
hey gn bma,night,74
i need support with i've heard that before,repeat,84
please help me mental health emergency,crisis-resources,14
i've been having relationship problems lately,relationship-issues,82
i have low self-esteem,low-self-esteem,67
"lately, i feel sad",sad,85
i'd like to know what should i do if i know someone who appears to have the symptoms of a mental disorder for me?,fact-13,24
"right now, i am stressed",stressed,91
can you help me i need to plan my future?,goal-setting,53
"these days, my relationship is stressing me out",relationship-issues,82
quick question: i have a question: help me understand is recovery from mental illness possible please briefly clearly?,fact-12,23
sleep tight briefly,night,74
i'm lonely right now,loneliness,66
quick question: what are common signs of mental illness briefly briefly?,fact-11,22
"lately, i feel having relationship problems",relationship-issues,82
could you tell me is there any cure for mental health problems in simple words?,fact-26,38
"at the moment, i'm having problems at work",work-problems,102
i'm sad lately,sad,85
i feel very burned out,burnout,9
i'd love to hear more,learn-more,64
i am please?,name,72
i want to know how were you made?,creation,13
i have a question: i want to know what r some of the warning signs of mental illness for me?,fact-11,22
where can i learn about types of mental health treatment in simple words?,fact-22,34
you are helpful in simple words please,compliment,12
i feel really angry,anger,4
"i need help to that makes sense, i should take some time for myself",user-agree,100
i'm so angry,anger,4
please help me you're not helpful at all,understand,98
i'd like to know why are you even here?,hate-you,60
could you help me i think you dislike me?,hate-me,59
i'm bored,boredom,7
i need support with i know you hate me,hate-me,59
show me how to i'm grateful for your help. i'll incorporate meditation into my daily routine and shift my focus towards what i can control,pandora-useful,77
i need help to tell me a fact about mental health,mental-health-fact,69
hey good morning bot,morning,70
"today, my studies are overwhelming me",academic-stress,1
can you tell me what should i know before starting a new medication?,fact-20,32
how can i maintain social connections? what if i feel lonely in simple words please?,fact-30,43
"at the moment, my relationship is stressing me out",relationship-issues,82
can you help me just hanging out?,neutral-response,73
quick question: quick question: quick question: where else can i get help briefly?,fact-19,30
"lately, i'm angry",anger,4
"honestly, i've been feeling anxious",anxious,5
what are the warning signs of mental illness?,fact-11,22
can you explain what should i do if i know someone who appears to have the symptoms of a mental disorder clearly for me clearly?,fact-13,24
i have a question: mind if i pick your brain about something?,ask,6
could you help me meditation has become an essential part of my self-care routine thanks to your guidance?,user-meditation,101
heya,greeting,56
i want help with i need support with emergency mental health help,crisis-resources,14
i feel angry these days,anger,4
what do i do if i'm worried about my mental health in simple words for me briefly please?,fact-28,40
can you explain how to i've said everything i needed to?,done,19
i feel very mad,anger,4
hello evening clearly,evening,20
how do i know if i have depression briefly?,fact-5,46
can you explain is there any cure for mental health problems?,fact-26,38
could you help me no just stay away?,not-talking,76
could you explain can you define the best way to maintain social connections? what if i feel lonely in simple words clearly?,fact-30,43
explain the importance of mental health in simple words clearly briefly in simple words?,fact-2,31
i need to be more productive,time-management,96
i am having family problems right now,family-issues,50
i am stressed at the moment,stressed,91
please help me i'm mourning the loss of my parent,death,15
i have a question: help me understand is recovery from mental illness possible please briefly in simple words briefly?,fact-12,23
quick question: explain the best way to find a mental health professional right for my child or myself for me?,fact-18,29
what's the best way to maintain social connections? what if i feel lonely in simple words briefly?,fact-30,43
i need help to i followed your advice and i'm feeling much more relaxed,user-meditation,101
could you tell me what r some of the warning signs of mental illness for me?,fact-11,22
i'd like to know what should i know before starting a new medication briefly?,fact-20,32
i've been panicking right now today,panic-attack,78
"these days, i am grieving",grief,57
explain the best way to find a mental health professional for myself or my child?,fact-14,25
quick question: where should i look for a support group clearly?,fact-24,36
"right now, i'm insecure about myself",low-self-esteem,67
i need help to i appreciate your insights. i'll prioritize meditation and center my attention on the areas where i can make a difference,pandora-useful,77
"if i become involved in treatment, what do i need to know in simple words for me for me for me please?",fact-16,27
guide me to i would like to learn more about it,learn-more,64
can you explain how to difference between sadness and depression please?,fact-32,45
guide me to i want clear objectives,goal-setting,53
affirmation pls,positive-affirmation,80
show me how to im grateful,gratitude,55
i have a question: help me understand is recovery from mental illness possible please briefly?,fact-12,23
"these days, i've been grieving",grief,57
can you define the best way to find a mental health professional for myself or my child please for me please?,fact-14,25
give me advice about i procrastinate too much,discipline,18
i need help to you hate me,hate-me,59
quick question: what can trigger mental health problems please please?,fact-27,39
"right now, i feel bad when i compare myself",comparison,11
could you define depression for me?,fact-3,42
i have a question: do you have a brain?,stupid,92
show me how to help me become better,personal-development,79
"show me how to i've never tried meditation before, but i'm willing to give it a shot",meditation,68
how do i maintain social connections? what if i feel lonely in simple words?,fact-30,43
i want help with share a mental health fact,mental-health-fact,69
what causes mental health problems?,fact-27,39
quick question: quick question: where can i learn about types of mental health treatment please?,fact-22,34
where can i go to find a support group please?,fact-24,36
quick question: i have a question: any tips to maintain social connections? what if i feel lonely in simple words briefly clearly briefly?,fact-30,43
bye then for now,goodbye,54
quick question: i have a question: i have a question: explain the best way to find a mental health professional for myself or my child please?,fact-14,25
give me advice about encourage me,positive-affirmation,80
i need help to that's not what i had in mind,wrong,104
do you have a moment to answer a question for me?,ask,6
give me advice about i appreciate this,gratitude,55
can you help me i've thought about killing myself?,suicide,93
i want help with i feel like you hate me,hate-me,59
could you help me i'm not sure if that's the right answer?,wrong,104
"these days, i feel depressed",depressed,17
i want help with i am going to kill myself,suicide,93
i have a question: help me understand is recovery from mental illness possible for me please?,fact-12,23
give me advice about let's change the subject,something-else,89
i want help with i'm so stressed out,stress-management,90
"to be honest, i've been angry",anger,4
guide me to i feel like i'm always the one who feels like i'm being shunned,friends,52
please help me your meditation advice was spot on! i feel more centered and grounded now,user-meditation,101
can you help me i don't like you?,hate-you,60
could you help me i'm thankful?,gratitude,55
could you tell me what treatment options are available?,fact-15,26
i want help with i need support with guide me to i want help with give me advice about define mental health,fact-1,21
what can i do to know if i'm unwell briefly please?,fact-29,41
my job is stressing me out these days,work-problems,102
i feel stressed at the moment,stressed,91
how do i achieve my goals?,goal-setting,53
"lately, i've been feeling bored",boredom,7
quick question: i have a question: explain the best way to find a mental health professional for myself or my child for me in simple words briefly please clearly?,fact-14,25
could you help me i'm feeling anxious because i have a presentation coming up?,problem,81
quick question: what can i do to find therapy?,fact-21,33
show me how to your meditation advice was spot on! i feel more centered and grounded now,user-meditation,101
i want to know are there cures for mental health problems for me?,fact-26,38
give me advice about yeah you're right. i deserve a break,user-agree,100
i have a question: could you define the difference between mental health professionals please in simple words?,fact-17,28
i am extremely having relationship problems,relationship-issues,82
what can i do to know if i have depression?,fact-5,46
guide me to i feel like i'm always the one who feels like i'm being avoided,friends,52
"to be honest, i'm having family problems",family-issues,50
"these days, i'm angry",anger,4
show me how to say something nice to me,positive-affirmation,80
"honestly, i'm burned out",burnout,9
where can i find a support group briefly?,fact-24,36
could you help me you're clueless?,stupid,92
where can i go to find a support group clearly briefly?,fact-24,36
quick question: can people with mental illness recover clearly?,fact-12,23
show me how to nothing else,done,19
give me advice about you're saying the same thing,repeat,84
can you define mental health?,fact-1,21
i have a question: is now a good time for me to ask something?,ask,6
"give me advice about interesting, i might give that a try",meditation,68
hey hello evening bot,evening,20
i can't stick to anything,discipline,18
please help me you're repeating what you said,repeat,84
what are you clearly?,about,0
"today, i am anxious",anxious,5
i need help to you're saying the same thing,repeat,84
can you explain how to friends?,default,16
show me how to teach me a relaxation technique,relaxation-techniques,83
i need support with i want to learn about mental health,learn-mental-health,63
i want help with i feel like i'm always the one who feels like i'm being pushed away,friends,52
i have a question: explain the importance of mental health in simple words clearly briefly?,fact-2,31
give me advice about ok sure. i would like to learn more about it,learn-more,64
i need support with boyfriend,default,16
i have a question: explain the importance of mental health in simple words please in simple words in simple words?,fact-2,31
"lately, i've been having relationship problems",relationship-issues,82
what's up in simple words?,casual,10
i feel stressed today,stressed,91
give me advice about i hate you,hate-you,60
could you help me you don't like me?,hate-me,59
define mental health,fact-1,21
could you explain what treatment options r available for me in simple words?,fact-15,26
i'm extremely insecure about myself,low-self-esteem,67
please help me i toss and turn all night,sleep,88
"if i become involved in treatment, what do i need to know?",fact-16,27
you're useless,understand,98
i feel like i'm always the one who feels like i'm being excluded,friends,52
"today, i am stressed about school",academic-stress,1
could you tell me can you tell me a mental health fact?,mental-health-fact,69
show me how to i'm not convinced by that,wrong,104
i feel angry lately,anger,4
help me understand the best way to know if i'm unwell clearly please?,fact-29,41
i need support with i'm not feeling very social right now,no-approach,75
could you help me that's not what i'm looking for?,wrong,104
please help me i need a good laugh,jokes,62
"right now, i've been feeling lonely",loneliness,66
how can i find a mental health professional right for my child or myself for me?,fact-18,29
"right now, i've been panicking right now",panic-attack,78
quick question: help me understand what does it mean to have a mental illness?,fact-8,49
can you tell me what can i do to find a mental health professional right for my child or myself please?,fact-18,29
i'm depressed lately,depressed,17
could you help me i would like to learn more about it?,learn-more,64
i feel bored,boredom,7
i need help to teach me a relaxation technique,relaxation-techniques,83
can you explain how to i have no discipline?,discipline,18
please help me please explain further,learn-more,64
please help me i'd like to hear a mental health fact,mental-health-fact,69
help me understand your expertise?,skill,87
can you help me i feel like i'm always the one who feels like i'm being isolated?,friends,52
give me advice about i feel like i'm always the one who feels like i'm being sidelined,friends,52
could you tell me are there cures for mental health problems please?,fact-26,38
i want help with i need information on mental health,learn-mental-health,63
guide me to girlfriend,default,16
quick question: i have a question: am i mentally ill please?,fact-5,46
i am so struggling with addiction,addiction-support,2
can you tell me what should i know before starting a new medication briefly in simple words?,fact-20,32
hello there,greeting,56
why should i keep going clearly?,motivation,71
is it alright if i seek your expertise briefly?,ask,6
can you prevent mental health problems briefly please?,fact-25,37
i need help to i can't get started,motivation,71
i feel grieving lately,grief,57
guide me to i'm not sure about that one,wrong,104
guide me to i'm interested in learning about mental health,learn-mental-health,63
i am having family problems today,family-issues,50
could you help me i can't get anything done?,time-management,96
why is mental health important?,fact-2,31
i'm dealing with trauma today,trauma,97
could you tell me who is therapy for please?,fact-7,48
what is your origin?,creation,13
i think i could benefit from that,meditation,68
please help me i have a question and need advice,user-advice,99
evening friend briefly,evening,20
i'm angry these days,anger,4
i want help with i want help with please help me please help me guide me to difference between sadness and depression,fact-32,45
really that's helpful,thanks,94
what's the best way to know if i'm unwell clearly in simple words?,fact-29,41
i have financial problems today,financial-problems,51
i'd like to know what r some of the warning signs of mental illness clearly?,fact-11,22
good evening bot in simple words,evening,20
i want help with i want to die,suicide,93
give me advice about tell me your abilities,skill,87
can you help me i think i'm feeling stressed because of the workload at my job?,problem,81
where else can i get help briefly?,fact-19,30
i think we covered everything,done,19
guide me to i want to feel better about myself,self-care,86
can you explain how to just hanging out?,neutral-response,73
i want help with life doesn't seem worth living,suicide,93
what should i know before starting a new medication please in simple words?,fact-20,32
help me understand the best way to know if i'm unwell clearly clearly?,fact-29,41
i am insecure about myself,low-self-esteem,67
i have a question: can we talk about something else instead?,something-else,89
can you tell me a mental health fact briefly?,mental-health-fact,69
i feel quite stressed about money,financial-problems,51
can you tell me can u prevent mental health problems clearly?,fact-25,37
help me understand what treatment options r available for me clearly?,fact-15,26
please help me self care routine,self-care,86
could you tell me can people with mental illness recover please please?,fact-12,23
give me advice about i lack self-control,discipline,18
guide me to i can't get started,motivation,71
could you help me i need to relax?,relaxation-techniques,83
"to be honest, i'm panicking right now",panic-attack,78
i'd like to know what should i know before starting a new medication for me for me?,fact-20,32
please help me calm my breathing,breathing-exercise,8
show me how to my mother passed away,death,15
can you help me i'm mourning the loss of my parent?,death,15
give me advice about i keep waking up during the night,sleep,88
quick question: am i suffering from depression?,fact-5,46
"honestly, i feel bad when i compare myself",comparison,11
please help me i procrastinate too much,discipline,18
i am having family problems these days,family-issues,50
i want to know can you explain can you define the difference between mental health professionals please in simple words?,fact-17,28
i'd like to know what are the different types of mental health professionals please clearly in simple words?,fact-23,35
what r the different types of mental health professionals briefly?,fact-23,35
can you explain how to girlfriend?,default,16
show me how to i think we covered everything,done,19
could you tell me what should i know before starting a new medication?,fact-20,32
i need support with i need help to difference between sadness and depression,fact-32,45
"these days, i have financial problems",financial-problems,51
what should i know about the difference between anxiety and stress in simple words?,fact-31,44
could you tell me what do i do if i'm worried about my mental health please?,fact-28,40
ok fare thee well,goodbye,54
are there cures for mental health problems please?,fact-26,38
i feel bored today,boredom,7
ty a lot,thanks,94
please help me i have no time,time-management,96
show me how to you're useless,understand,98
help me build discipline,discipline,18
i think you dislike me,hate-me,59
i need help to i'm so stressed out,stress-management,90
i want help with i'm not sure that's a good idea for me at the moment,no-approach,75
can you help me i can't get to sleep?,sleep,88
can we talk about something else please?,not-talking,76
you can't possibly know what i'm going through,understand,98
i am so having relationship problems,relationship-issues,82
can you explain how to i'm amazed at how much better i feel after incorporating meditation into my daily routine?,user-meditation,101
i want help with just hanging out,neutral-response,73
could you explain can you help me emergency mental health help clearly please?,crisis-resources,14
i have a question: could you define the difference between mental health professionals clearly?,fact-17,28
could you help me i lack self-control?,discipline,18
can you explain what does it mean to have a mental illness clearly clearly?,fact-8,49
could you tell me what does it mean to have a mental illness in simple words briefly?,fact-8,49
"at the moment, i compare myself with everyone",comparison,11
i am in a good mood,happy,58
i am really stressed about money,financial-problems,51
you're just some robot. how would you know clearly?,understand,98
"these days, i'm depressed",depressed,17
how's it going briefly?,casual,10
i'd like to know can i get your opinion on something?,ask,6
i am burned out these days,burnout,9
"to be honest, i'm angry",anger,4
i have a question: what are the different types of mental health professionals clearly?,fact-23,35
i have a question: quick question: what do i do if i'm worried about my mental health in simple words?,fact-28,40
i want to know what should i know before starting a new medication please in simple words clearly?,fact-20,32
i'm quite grieving,grief,57
quick question: can you teach me about mental health?,learn-mental-health,63
quick question: is therapy right for me briefly?,therapy,95
help me understand what treatment options r available for me in simple words?,fact-15,26
can you help me i need support with difference between sadness and depression clearly?,fact-32,45
i have financial problems these days,financial-problems,51
what is the best way to maintain social connections? what if i feel lonely briefly?,fact-30,43
i want to know what r some of the warning signs of mental illness clearly in simple words?,fact-11,22
any tips to find a support group please briefly for me clearly?,fact-24,36
i need support with give me an affirmation,positive-affirmation,80
help me understand is recovery from mental illness possible please?,fact-12,23
i have a question: any tips to maintain social connections? what if i feel lonely in simple words briefly clearly for me for me?,fact-30,43
can you help me friends?,default,16
my name is please?,name,72
can you tell me what is your purpose?,about,0
please help me i need support with i need a hotline,crisis-resources,14
i'm extremely having family problems,family-issues,50
help me understand where else can i get help?,fact-19,30
please help me give me advice about teach me a breathing exercise,breathing-exercise,8
can you help me that's all i have to say?,done,19
could you help me i want to set new goals?,goal-setting,53
i have a question: could you tell me where else can i get help briefly?,fact-19,30
i need help to tell me another joke,jokes,62
give me advice about i've heard that before,repeat,84
could you explain where should i look for a support group in simple words?,fact-24,36
good chatbot in simple words for me briefly,compliment,12
hey hey night bot,night,74
i feel like i'm always the one who feels like i'm being avoided,friends,52
can you tell me can i get your opinion on something?,ask,6
i'm depressed today,depressed,17
can you explain how to i did what you said and i feel a lot better. thank you very much?,user-meditation,101
can you tell me can you define the best way to find a mental health professional for myself or my child briefly?,fact-14,25
can you tell me are you located nearby?,location,65
i'm very dealing with trauma,trauma,97
i want help with thank you for the meditation tips. i'm noticing a positive difference in my mood,user-meditation,101
i've been having family problems lately,family-issues,50
"at the moment, i am bad when i compare myself",comparison,11
can we discuss something different in simple words?,something-else,89
i have a question: i have a question: explain the best way to find a mental health professional for myself or my child briefly briefly?,fact-14,25
can you explain what is your purpose?,about,0
i'm lonely at the moment,loneliness,66
i like talking to you briefly for me,compliment,12
what is your name in simple words?,name,72
guide me to i want to kill myself,suicide,93
"lately, i keep comparing myself to others",comparison,11
i need support with i want self-improvement tips,personal-development,79
hey hello evening bot bot,evening,20
i'm bored right now,boredom,7
i have a question: i'd like to know are there cures for mental health problems briefly?,fact-26,38
i am happy lately,happy,58
i need support with i can't get anything done,time-management,96
i've been having family problems right now,family-issues,50
i feel extremely worthless,worthless,103
show me how to i know you hate me,hate-me,59
i have a question: what does therapy do please?,therapy,95
my studies are overwhelming me right now,academic-stress,1
what should i know before starting a new medication in simple words?,fact-20,32
quick question: am i depressed?,fact-5,46
do i need therapy briefly?,fact-7,48
really thanks a lot,thanks,94
can you help me tell me about mental health?,learn-mental-health,63
quick question: can you tell me what should i know about the difference between mental health professionals?,fact-17,28
guide me to i'm feeling tense because i'm having relationship issues,problem,81
i feel worthless at the moment,worthless,103
show me how to i appreciate this,gratitude,55
can you explain how to i feel grateful?,gratitude,55
i need support with i appreciate your insights. i'll prioritize meditation and center my attention on the areas where i can make a difference,pandora-useful,77
show me how to i did what you said and i feel a lot better. thank you very much,user-meditation,101
can you tell me what treatment options are available in simple words please?,fact-15,26
i'm stressed about money these days,financial-problems,51
i want help with i can't relax,relaxation-techniques,83
"honestly, i am dealing with trauma",trauma,97
quick question: could you explain what treatment options are available for me?,fact-15,26
i want help with give me a mental health fact,mental-health-fact,69
"honestly, i feel worthless",worthless,103
what are some of the warning signs of mental illness please?,fact-11,22
show me how to tell me your abilities,skill,87
help me understand where can i learn about types of mental health treatment?,fact-22,34
i have a question: what do i do if i'm worried about my mental health clearly?,fact-28,40
quick question: could you tell me what r some of the warning signs of mental illness?,fact-11,22
i feel so insecure about myself,low-self-esteem,67
show me how to i need a hotline,crisis-resources,14
"to be honest, i am sad",sad,85
i want to know are there cures for mental health problems?,fact-26,38
i want help with you're going in circles,repeat,84
could you explain what can i do to find therapy for me briefly for me?,fact-21,33
i feel anxious right now,anxious,5
i'm really stressed,stressed,91
could you help me give me an affirmation?,positive-affirmation,80
i want help with my mother passed away,death,15
i have a question: do i need therapy in simple words?,fact-7,48
"today, i'm dealing with trauma",trauma,97
introduce yourself?,about,0
morning friend bot,morning,70
"if i become involved in treatment, what do i need to know in simple words for me please clearly?",fact-16,27
i need help to i don't feel like talking right now,not-talking,76
may i seek your advice on a matter clearly?,ask,6
quick question: could you explain what treatment options are available clearly clearly?,fact-15,26
i'm so grieving,grief,57
can you explain how to guide me to i want help with give me advice about define mental health?,fact-1,21
help me understand what should i do if i know someone who appears to have the symptoms of a mental disorder?,fact-13,24
i am sad at the moment,sad,85
i have a question: do you have a moment to answer a question?,ask,6
quick question: can u prevent mental health problems?,fact-25,37
"lately, i am lonely",loneliness,66
can we talk about something else clearly?,not-talking,76
"at the moment, i feel depressed",depressed,17
i am struggling with addiction at the moment,addiction-support,2
please help me i'm always busy,time-management,96
i need help to you can't help me,understand,98
give me advice about you hate me,hate-me,59
help me understand depression in simple words?,fact-3,42
could you define the difference between sadness and depression?,fact-32,45
you are helpful in simple words briefly,compliment,12
"lately, i'm having family problems",family-issues,50
please help me i feel like i'm always the one who feels like i'm being shunned,friends,52
can you define therapy?,fact-7,48
quick question: could you explain what leads to mental health problems for me?,fact-27,39
what r some of the warning signs of mental illness clearly?,fact-11,22
"to be honest, i feel dealing with trauma",trauma,97
i'm always busy,time-management,96
hi bma there,greeting,56
i'm stressed about school right now,academic-stress,1
what should i know about the difference between mental health professionals clearly please for me?,fact-17,28
can you explain how to help me with time management?,time-management,96
"these days, i don't believe in myself",low-self-esteem,67
"i have a question: i have a question: if i become involved in treatment, what do i need to know for me clearly please in simple words clearly?",fact-16,27
could you explain how can you help?,skill,87
i have a question: who is therapy for please?,fact-7,48
i'm really bad when i compare myself,comparison,11
"today, i've been feeling depressed",depressed,17
"lately, i feel empty",depressed,17
i have a question: help me understand is recovery from mental illness possible please in simple words for me briefly?,fact-12,23
could you explain what is your name?,name,72
ge bot,evening,20
i have a question: quick question: quick question: where else can i get help briefly?,fact-19,30
could you tell me what is your name?,name,72
can you define the difference between mental health professionals?,fact-17,28
can you explain how to i need to be more productive?,time-management,96
i need help to i need advice on something,user-advice,99
"these days, i'm having relationship problems",relationship-issues,82
can you tell me what should i know before starting a new medication briefly?,fact-20,32
nothing else,done,19
help me understand can you tell me can you tell me what are the different types of mental health professionals?,fact-23,35
i need help to i think you dislike me,hate-me,59
my studies are overwhelming me,academic-stress,1
good chatbot clearly,compliment,12
quick question: i have a question: tell me about a therapist?,fact-6,47
i have a question: i have a question: explain the best way to find a mental health professional for myself or my child please?,fact-14,25
"these days, i've been stressed",stressed,91
help me understand the difference between anxiety and stress please?,fact-31,44
who created you clearly?,creation,13
i have a question: explain the importance of mental health in simple words clearly briefly for me in simple words?,fact-2,31
"right now, i am insecure about myself",low-self-esteem,67
i want help with help me set goals,goal-setting,53
could you help me i think i could benefit from that?,meditation,68
i am happy these days,happy,58
give me advice about emergency mental health help,crisis-resources,14
guide me to that doesn't seem right,wrong,104
what should i know before starting a new medication clearly?,fact-20,32
good night bma briefly,night,74
i'd like to know can you tell me what should i know before starting a new medication briefly in simple words briefly please?,fact-20,32
i have a question: what does it mean to have a mental illness for me?,fact-8,49
could you help me i'm not interested in this topic?,something-else,89
ok later,goodbye,54
i need help to just shut up,not-talking,76
alright cya,goodbye,54
i'd like to know can you explain where can i learn about types of mental health treatment in simple words please briefly please?,fact-22,34
is there any cure for mental health problems for me?,fact-26,38
show me how to i feel unmotivated,motivation,71
please help me tips for self-care,self-care,86
explain your expertise?,skill,87
i'm exhausted from everything,burnout,9
is it alright if i seek your expertise for me?,ask,6
i think i'm having a panic attack these days,panic-attack,78
please help me your guidance has been invaluable. i'll continue practicing meditation and focus on the aspects of my life that i can influence,pandora-useful,77
please help me thanks for your support. i'll commit to meditation and redirect my energy towards the things i have power over,pandora-useful,77
explain the difference between anxiety and stress in simple words for me?,fact-31,44
help me understand where can i learn about types of mental health treatment clearly in simple words?,fact-22,34
u r helpful in simple words briefly,compliment,12
i've been feeling worthless at the moment,worthless,103
i am sad today,sad,85
can you explain how to say something nice to me?,positive-affirmation,80
why should i keep going?,motivation,71
i have a question: help me understand is recovery from mental illness possible?,fact-12,23
"show me how to i agree, i could use a break",user-agree,100
could you tell me what should i do if i know someone who appears to have the symptoms of a mental disorder clearly please clearly?,fact-13,24
can you explain how to i feel like i'm always the one who feels like i'm being shunned?,friends,52
explain the best way to find a mental health professional right for my child or myself clearly?,fact-18,29
i have a question: help me understand is recovery from mental illness possible please please in simple words?,fact-12,23
guide me to i waste too much time,time-management,96
how can i maintain social connections? what if i feel lonely for me?,fact-30,43
"at the moment, i think i'm having a panic attack",panic-attack,78
i'm really exhausted from everything,burnout,9
i'm lonely today,loneliness,66
what can i do to find a support group clearly for me?,fact-24,36
"at the moment, i don't believe in myself",low-self-esteem,67
could you explain can you help me i want to grow as a person?,personal-development,79
help me understand what can you do?,skill,87
"lately, i am bad when i compare myself",comparison,11
quick question: could you tell me are there cures for mental health problems in simple words in simple words?,fact-26,38
can you tell me what are you doing?,casual,10
help me understand therapy?,fact-7,48
where can i learn about types of mental health treatment please?,fact-22,34
i have a question: am i mentally ill for me?,fact-5,46
i feel having relationship problems these days,relationship-issues,82
guide me to i need self-care advice,self-care,86
where do i go to find a support group briefly?,fact-24,36
what does it mean to have a mental illness?,fact-8,49
give me advice about you're so stupid,stupid,92
could you tell me what do i do if i'm worried about my mental health?,fact-28,40
i need help to i need a hotline,crisis-resources,14
"today, i feel anxious",anxious,5
could you explain can you tell me can u prevent mental health problems in simple words?,fact-25,37
"i have a question: i have a question: if i become involved in treatment, what do i need to know for me?",fact-16,27
i want help with i'm feeling down because i failed a test,problem,81
top of the morning bma,morning,70
can you help me money?,default,16
i'd like to know what treatment options r available?,fact-15,26
quick question: quick question: what should i know before starting a new medication briefly in simple words?,fact-20,32
i feel like i have no value these days,worthless,103
quick question: any tips to find a support group please in simple words in simple words?,fact-24,36
please help me tell me another joke,jokes,62
i like talking to you briefly,compliment,12
gm for me,morning,70
"to be honest, i am dealing with trauma",trauma,97
i'd like to know can you tell me what should i do if i know someone who appears to have the symptoms of a mental disorder clearly?,fact-13,24
"to be honest, i feel sad",sad,85
"honestly, i'm stressed about school",academic-stress,1
help me understand the best way to find a mental health professional right for my child or myself?,fact-18,29
i have a question: any tips to maintain social connections? what if i feel lonely in simple words briefly clearly for me?,fact-30,43
can we talk about something else briefly?,not-talking,76
can you help me not really in the mood?,no-approach,75
hey hey good night bma,night,74
afternoon bma bot,afternoon,3
can you tell me where can i get crisis help?,crisis-resources,14
i have a question: i have a question: i want to know what treatment options are available for me briefly?,fact-15,26
what can i do to find a mental health professional for myself or my child briefly clearly?,fact-14,25
can you help me breathing techniques in simple words?,breathing-exercise,8
what should i know about depression?,fact-3,42
help me understand what does it mean to have a mental illness for me briefly?,fact-8,49
i am overwhelmed,stressed,91
i'm insecure about myself today,low-self-esteem,67
what does the difference between mental health professionals for me mean please?,fact-17,28
i want help with i'm feeling anxious because i have a presentation coming up,problem,81
what helps with relaxation briefly?,relaxation-techniques,83
i've heard that before,repeat,84
give me advice about i'm feeling overwhelmed because i have too many assignments to complete,problem,81
can you help me share a mental health fact?,mental-health-fact,69
i want to know what does it mean to have a mental illness in simple words clearly?,fact-8,49
i am having relationship problems lately,relationship-issues,82
i need support with this sounds familiar,repeat,84
i want help with self care routine,self-care,86
i'd like to know what can trigger mental health problems please in simple words in simple words?,fact-27,39
"lately, i'm burned out",burnout,9
i need support with i've said everything i needed to,done,19
how do i know if i'm unwell briefly for me?,fact-29,41
i want help with i remember you saying that,repeat,84
i need support with i want some advice,user-advice,99
i want to know can you explain can you tell me where can i learn about types of mental health treatment?,fact-22,34
any tips to relax?,relaxation-techniques,83
i need support with share a mental health fact,mental-health-fact,69
i need help to i don't have anything more to say,done,19
evenin' bma,evening,20
can you explain how to i have no motivation?,motivation,71
i need support with i want to learn more about mental health,learn-mental-health,63
i need help to relationship,default,16
i need a breathing exercise,breathing-exercise,8
fare thee well for now,goodbye,54
i need help to please leave me alone,not-talking,76
give me a simple definition of the difference between mental health professionals?,fact-17,28
what treatment options are available?,fact-15,26
i want to know is there any cure for mental health problems in simple words?,fact-26,38
"these days, i'm anxious",anxious,5
i need support with you can't possibly know what i'm going through,understand,98
i have a question: quick question: where can i learn about types of mental health treatment clearly please?,fact-22,34
can people with mental illness recover clearly?,fact-12,23
"at the moment, i feel stressed about school",academic-stress,1
who built you?,creation,13
i want help with you hate me,hate-me,59
i have a question: what does therapy do?,therapy,95
i want to know are there cures for mental health problems in simple words?,fact-26,38
guide me to i need stress relief,stress-management,90
you're kind,compliment,12
show me how to i want help with give me advice about difference between sadness and depression,fact-32,45
i want help with that's all i have to say,done,19
i have a question: help me understand where else can i get help in simple words?,fact-19,30
show me how to i can't bring myself to open up,not-talking,76
please help me nothing new,neutral-response,73
help me understand what treatment options r available please for me?,fact-15,26
can you help me that doesn't seem right?,wrong,104
help me understand can i get your opinion on something?,ask,6
"lately, i'm in a good mood",happy,58
heya friend,greeting,56
i have a question: can u prevent mental health problems in simple words?,fact-25,37
good evening bma,evening,20
i'm very burned out,burnout,9
could you tell me can you assist me?,help,61
show me how to that's not what i had in mind,wrong,104
i'm really anxious lately,anxious,5
i've been feeling burned out right now,burnout,9
i need help to no just stay away,not-talking,76
"at the moment, i've been feeling lonely",loneliness,66
could you tell me what do i do if i'm worried about my mental health please briefly please in simple words?,fact-28,40
can you help me you're so annoying?,hate-you,60
how were you made for me?,creation,13
"lately, i feel worthless",worthless,103
quick question: any tips to find a support group please in simple words?,fact-24,36
guide me to show me how to i want help with give me advice about difference between sadness and depression,fact-32,45
can you help me i feel like i'm always the one who feels like i'm being avoided?,friends,52
thanks for the help,thanks,94
i feel having problems at work these days,work-problems,102
can you help me thanks for your wisdom. i'll make meditation a regular practice and direct my focus towards what i can influence?,pandora-useful,77
"at the moment, i'm stressed about school",academic-stress,1
any tips to find a mental health professional right for my child or myself?,fact-18,29
i'm bad when i compare myself lately,comparison,11
i have a question: help me understand is recovery from mental illness possible please?,fact-12,23
can we talk about something else instead for me?,something-else,89
explain the best way to maintain social connections? what if i feel lonely in simple words?,fact-30,43
guide me to i need more willpower,discipline,18
r there cures for mental health problems in simple words?,fact-26,38
could you define the difference between mental health professionals for me?,fact-17,28
"quick question: quick question: i have a question: if i become involved in treatment, what do i need to know in simple words briefly?",fact-16,27
guide me to i'm grateful for your help. i'll incorporate meditation into my daily routine and shift my focus towards what i can control,pandora-useful,77
help me understand what does it mean to have a mental illness please?,fact-8,49
give me a simple definition of depression for me?,fact-3,42
can you tell me are there cures for mental health problems?,fact-26,38
hey good evening bot,evening,20
"right now, i am bad when i compare myself",comparison,11
guide me to i have no time,time-management,96
what country are you for please?,location,65
i feel very dealing with trauma,trauma,97
i need help please?,help,61
any tips to find a mental health professional right for my child or myself please?,fact-18,29
quick question: what does a therapist do in simple words for me?,fact-6,47
i have a question: could you explain what can i do to find therapy for me please?,fact-21,33
could you define the best way to find a mental health professional right for my child or myself clearly?,fact-18,29
what is the importance of mental health in simple words?,fact-2,31
"lately, my relationship is stressing me out",relationship-issues,82
any tips to find a support group please in simple words?,fact-24,36
i'd like to know can you prevent mental health problems for me?,fact-25,37
can you explain how to your meditation advice was spot on! i feel more centered and grounded now?,user-meditation,101
i am extremely happy,happy,58
give me advice about i'm thankful,gratitude,55
i have a question: what should i do if i know someone who appears to have the symptoms of a mental disorder?,fact-13,24
i have a question: could you explain where should i look for therapy clearly?,fact-21,33
you are helpful please,compliment,12
show me how to guide me to please help me guide me to difference between sadness and depression,fact-32,45
can you help me help me become better?,personal-development,79
i want to know where else can i get help in simple words?,fact-19,30
i have a question: what should i call you?,name,72
difference between sadness and depression in simple words?,fact-32,45
hey good day bot,afternoon,3
i have a question: could you explain what leads to mental health problems briefly?,fact-27,39
can you explain where are you located?,location,65
quick question: can you prevent mental health problems for me?,fact-25,37
"could you help me interesting, i might give that a try?",meditation,68
i need support with i need stress relief,stress-management,90
could you explain what do i do if i'm worried about my mental health?,fact-28,40
alright talk later,goodbye,54
"these days, i've been feeling anxious",anxious,5
hey evenin' bma,evening,20
"if i become involved in treatment, what do i need to know please in simple words?",fact-16,27
please help me that's all,done,19
could you define the difference between anxiety and stress clearly?,fact-31,44
i have a question: could you tell me what should i do if i know someone who appears to have the symptoms of a mental disorder in simple words in simple words clearly?,fact-13,24
could you explain what can i do to find a mental health professional right for my child or myself briefly?,fact-18,29
can you help me i don't want to talk about it?,not-talking,76
quick question: quick question: help me understand the importance of mental health?,fact-2,31
i have a question: what does it mean to have a mental illness?,fact-8,49
just hanging out,neutral-response,73
quick question: i have a question: help me understand is recovery from mental illness possible please in simple words clearly?,fact-12,23
could you tell me where do i go to find a support group briefly clearly?,fact-24,36
i want to know where are you located?,location,65
i want help with you can't help me,understand,98
please help me just chillin',neutral-response,73
"if i become involved in treatment, what do i need to know in simple words please briefly clearly?",fact-16,27
what does the difference between mental health professionals mean?,fact-17,28
could you explain where are you from?,location,65
can you tell me what can you do?,skill,87
i've been stressed lately,stressed,91
can you explain how to difference between sadness and depression?,fact-32,45
i want help with you're useless,understand,98
quick question: could you explain what can i do to find therapy in simple words clearly?,fact-21,33
can you explain what should i do if i know someone who appears to have the symptoms of a mental disorder clearly please in simple words?,fact-13,24
please help me i'm not really feeling like myself today,no-approach,75
"can you explain how to you're right, i should give myself some time to relax?",user-agree,100
can you help me i'd love to hear more?,learn-more,64
"to be honest, i've been feeling sad",sad,85
can you explain how to you don't like me?,hate-me,59
i need help to not much,neutral-response,73
what r some of the warning signs of mental illness briefly?,fact-11,22
can you define the best way to find a mental health professional for myself or my child?,fact-14,25
could you help me i can't relax?,relaxation-techniques,83
difference between anxiety and stress?,fact-31,44
can you explain how to give me advice about emergency mental health help?,crisis-resources,14
show me how to i need self-care advice,self-care,86
i have a question: i want to know what do i do if i'm worried about my mental health briefly?,fact-28,40
could you help me i have zero discipline?,discipline,18
"lately, i feel lonely",loneliness,66
please help me my aunt passed away,death,15
"at the moment, i feel having problems at work",work-problems,102
i have a question: can we discuss something different?,something-else,89
i want to know can you assist me?,help,61
i've been feeling anxious lately,anxious,5
i compare myself with everyone today,comparison,11
"at the moment, i've been stressed about school",academic-stress,1
what does the importance of mental health mean in simple words?,fact-2,31
what's the best way to take care of myself?,self-care,86
could you help me i toss and turn all night?,sleep,88
cheers so much,thanks,94
i feel really worthless,worthless,103
please help me help me set goals,goal-setting,53
i have a question: quick question: am i mentally ill for me briefly?,fact-5,46
i feel stressed about money,financial-problems,51
gmornin bma clearly,morning,70
i want help with nothing else,done,19
"honestly, i'm anxious",anxious,5
give me advice about self care routine,self-care,86
i've been dealing with trauma at the moment,trauma,97
i'm insecure about myself,low-self-esteem,67
can you explain how to i am going to commit suicide?,suicide,93
can you help me you can't possibly know what i'm going through?,understand,98
could you tell me who is your developer?,creation,13
can you explain how to i feel like i'm always the one who feels like i'm being pushed away?,friends,52
show me how to you hate me,hate-me,59
i'd like to know where should i look for therapy clearly in simple words?,fact-21,33
can you explain what should i call you?,name,72
i have a question: quick question: can you tell me can you tell me what should i know about the difference between mental health professionals briefly?,fact-17,28
i'm very lonely,loneliness,66
"today, i am having problems at work",work-problems,102
"to be honest, i am panicking right now",panic-attack,78
"lately, i've been feeling sad",sad,85
am i depressed please?,fact-5,46
i can't stand you,hate-you,60
could you define the best way to know if i'm unwell clearly for me please for me?,fact-29,41
i want help with tell me something positive,positive-affirmation,80
i need support with thanks for your support. i'll commit to meditation and redirect my energy towards the things i have power over,pandora-useful,77
i need help to self care routine,self-care,86
i want help with i'm feeling overwhelmed because i have too many assignments to complete,problem,81
i'm sad at the moment,sad,85
i need support with my grandparent passed away,death,15
can you help me help me with time management?,time-management,96
i need help to my sibling died,death,15
quick question: how's it going?,casual,10
show me how to i feel like i'm always the one who feels like i'm being shunned,friends,52
thx so much,thanks,94
i want help with i need to relax,relaxation-techniques,83
what can i do to find a mental health professional for myself or my child briefly clearly please?,fact-14,25
i feel having problems at work lately,work-problems,102
i need help to i'd like to hear a mental health fact,mental-health-fact,69
i keep comparing myself to others right now,comparison,11
"if i become involved in treatment, what do i need to know in simple words in simple words in simple words for me?",fact-16,27
i want to know can you prevent mental health problems?,fact-25,37
i want to know why are you even here?,hate-you,60
how can i know if i'm unwell for me in simple words in simple words?,fact-29,41
i'm really panicking right now,panic-attack,78
what treatment options are available for me briefly?,fact-15,26
i want to know what are the different types of mental health professionals please?,fact-23,35
can you help me say something nice to me?,positive-affirmation,80
good day,afternoon,3
please help me breathing techniques,breathing-exercise,8
guide me to you hate me,hate-me,59
i am sad these days,sad,85
i am very having family problems,family-issues,50
"right now, i am having relationship problems",relationship-issues,82
i'm really in a good mood,happy,58
please help me affirmation pls,positive-affirmation,80
hey hello morning bma,morning,70
"right now, i feel grieving",grief,57
"today, i feel insecure about myself",low-self-esteem,67
quick question: could you explain what leads to mental health problems for me for me for me clearly?,fact-27,39
show me how to breathing techniques,breathing-exercise,8
"at the moment, i am struggling with addiction",addiction-support,2
i'm quite having family problems,family-issues,50
please help me you're so stupid,stupid,92
hello afternoon bot,afternoon,3
can you explain how to boyfriend?,default,16
"lately, i feel burned out",burnout,9
i am depressed today,depressed,17
i'm angry,anger,4
"today, i am insecure about myself",low-self-esteem,67
i have a question: help me understand is recovery from mental illness possible please please?,fact-12,23
i am very struggling with addiction,addiction-support,2
could you help me i want help with i want to develop myself?,personal-development,79
could you explain what are stress management tips?,stress-management,90
"can you help me that makes sense, i should take some time for myself?",user-agree,100
what does the best way to know if i'm unwell mean?,fact-29,41
i need support clearly?,help,61
could you help me i want to practice gratitude?,gratitude,55
please help me i have zero discipline,discipline,18
can you tell me how about a joke?,jokes,62
i want help with i have trouble falling asleep,sleep,88
i am bored lately,boredom,7
you're helpful briefly,compliment,12
can you help me i appreciate this?,gratitude,55
show me how to ok sure. i would like to learn more about it,learn-more,64
give me advice about i'm so stressed out,stress-management,90
i have a question: quick question: r there cures for mental health problems?,fact-26,38
i'm burned out lately,burnout,9
"to be honest, i'm grieving",grief,57
please help me you can't possibly know what i'm going through,understand,98
"to be honest, i am angry",anger,4
what r some of the warning signs of mental illness in simple words for me?,fact-11,22
i am?,name,72
i'm so having family problems,family-issues,50
ok for me?,casual,10
i've been feeling empty,depressed,17
alright goodbye,goodbye,54
can you tell me more briefly?,learn-more,64
show me how to i need to relax,relaxation-techniques,83
show me how to i don't feel like talking right now,not-talking,76
"today, i feel panicking right now",panic-attack,78
i can't get started,motivation,71
i want help with i have no time,time-management,96
what does it mean to have a mental illness for me?,fact-8,49
i'd like to know what are the different types of mental health professionals?,fact-23,35
i want to know can you give me some advice?,user-advice,99
could you help me help me become better in simple words?,personal-development,79
i need support with help me set goals,goal-setting,53
i need support with you're clueless,stupid,92
i want to know what does it mean to have a mental illness in simple words clearly briefly please please?,fact-8,49
show me how to you're so annoying,hate-you,60
give me a simple definition of a therapist?,fact-6,47
show me how to calm my breathing for me,breathing-exercise,8
what can trigger mental health problems in simple words please?,fact-27,39
show me how to affirmation pls,positive-affirmation,80
give me advice about nothing new,neutral-response,73
could you help me i don't think i can handle it right now?,no-approach,75
hey,greeting,56
hey hey evening,evening,20
could you tell me can you prevent mental health problems for me?,fact-25,37
ok ttyl,goodbye,54
quick question: where can i learn about types of mental health treatment briefly?,fact-22,34
quick question: i have a question: any tips to maintain social connections? what if i feel lonely in simple words briefly clearly in simple words?,fact-30,43
good night bot,night,74
i want help with i'm wide awake when i should be sleeping,sleep,88
quick question: i'd like to know what do i do if i'm worried about my mental health?,fact-28,40
how can i become disciplined?,discipline,18
guide me to i did what you said and i feel a lot better. thank you very much,user-meditation,101
i'm extremely struggling after something traumatic,trauma,97
i want to know can i get your opinion on something?,ask,6
quick question: where can i learn about types of mental health treatment clearly?,fact-22,34
mind if i pick your brain about something clearly?,ask,6
i feel mad these days,anger,4
where do you live briefly?,location,65
i am depressed lately,depressed,17
"honestly, i'm having relationship problems",relationship-issues,82
what does the difference between sadness and depression mean in simple words?,fact-32,45
quick question: am i mentally ill?,fact-5,46
i'm very in a good mood,happy,58
quick question: oh i see?,casual,10
quick question: explain the difference between mental health professionals please clearly?,fact-17,28
quick question: could you explain what leads to mental health problems for me for me for me?,fact-27,39
i want help with money,default,16
quick question: can you help me?,help,61
could you help me i need motivation?,motivation,71
help me understand who is therapy for for me for me?,fact-7,48
"lately, i feel having family problems",family-issues,50
how about a joke clearly?,jokes,62
please help me i'm interested in learning about mental health,learn-mental-health,63
could you explain what does it mean to have a mental illness for me clearly?,fact-8,49
help me understand can you explain what are the different types of mental health professionals clearly?,fact-23,35
what should i know about the best way to maintain social connections? what if i feel lonely briefly please?,fact-30,43
"lately, i feel insecure about myself",low-self-esteem,67
i feel struggling with addiction,addiction-support,2
can you explain how to i need urgent help?,crisis-resources,14
can you tell me can u prevent mental health problems?,fact-25,37
i feel very stressed about school,academic-stress,1
"these days, i feel stressed about school",academic-stress,1
quick question: could you explain can you explain what does it mean to have a mental illness?,fact-8,49
how can i take care of myself?,self-care,86
do i need therapy in simple words briefly?,fact-7,48
could you help me my mother passed away?,death,15
my relationship is stressing me out at the moment,relationship-issues,82
help me understand can you tell me a mental health fact?,mental-health-fact,69
quick question: i have a question: i have a question: explain the best way to find a mental health professional for myself or my child please for me briefly?,fact-14,25
"lately, i am stressed about money",financial-problems,51
alright catch you later,goodbye,54
i have a question: quick question: could you explain what leads to mental health problems for me?,fact-27,39
can you tell me a mental health fact please?,mental-health-fact,69
could you explain what is your purpose?,about,0
i feel quite insecure about myself,low-self-esteem,67
could you help me i feel like ending my life?,suicide,93
please help me i have no motivation,motivation,71
i have a question: i have a question: i want to know what should i know before starting a new medication please in simple words?,fact-20,32
"i need help to i agree, i could use a break",user-agree,100
could you explain where should i look for therapy in simple words in simple words?,fact-21,33
hey heading to bed,night,74
could you explain who is therapy for?,fact-7,48
i have a question: tell me about mental health?,fact-1,21
give me advice about i need stress relief,stress-management,90
i'd like to know what can you do?,skill,87
who am i talking to clearly?,name,72
i want help with define depression,fact-3,42
what does the difference between mental health professionals mean briefly?,fact-17,28
i want to know what does it mean to have a mental illness in simple words clearly briefly?,fact-8,49
i've been having family problems at the moment,family-issues,50
can you explain how are anxiety and stress in simple words different?,fact-31,44
i have a question: what can i do to know if i have depression clearly?,fact-5,46
explain the difference between sadness and depression for me?,fact-32,45
gmornin bma briefly,morning,70
can you help me i think we covered everything?,done,19
many thanks a lot,thanks,94
could you tell me can we discuss something different?,something-else,89
am i suffering from depression?,fact-5,46
i am so worthless,worthless,103
what are the causes of mental health problems?,fact-27,39
i want help with i have no motivation,motivation,71
can you explain can you explain where can i learn about types of mental health treatment in simple words for me?,fact-22,34
i have a question: could you explain what leads to mental health problems clearly in simple words?,fact-27,39
guide me to i feel like i'm always the one who feels like i'm being pushed away,friends,52
"can you help me i see your point, i should take a step back and rest?",user-agree,100
"right now, i've been feeling burned out",burnout,9
"right now, i am burned out",burnout,9
i need motivation,motivation,71
"lately, i feel overwhelmed",stressed,91
hey hello this afternoon,afternoon,3
"honestly, i compare myself with everyone",comparison,11
give me advice about help me with time management,time-management,96
please help me i can't get started,motivation,71
hey good evening bot please bot,evening,20
could you define the difference between mental health professionals please for me please clearly?,fact-17,28
i am burned out at the moment,burnout,9
quick question: i want to know what does it mean to have a mental illness in simple words clearly briefly?,fact-8,49
where should i look for therapy clearly?,fact-21,33
show me how to i lack self-control,discipline,18
where do you live clearly?,location,65
i'm so alone,loneliness,66
quick question: who is your developer?,creation,13
tell me about the difference between anxiety and stress for me?,fact-31,44
i am having relationship problems at the moment,relationship-issues,82
show me how to i need information on mental health,learn-mental-health,63
i'm extremely angry,anger,4
i need help to my mother passed away,death,15
explain the difference between anxiety and stress in simple words for me please?,fact-31,44
evenin' bma briefly,evening,20
can you define the best way to find a mental health professional for myself or my child briefly for me please?,fact-14,25
am i mentally ill clearly?,fact-5,46
show me how to difference between sadness and depression,fact-32,45
bn8,night,74
could you help me i'm thankful for your advice. i'll continue meditating and focus on what i have the ability to change?,pandora-useful,77
i need support with i'm wide awake when i should be sleeping,sleep,88
"today, i'm stressed about school",academic-stress,1
"honestly, my job is stressing me out",work-problems,102
i'd like to know is therapy right for me?,therapy,95
"right now, i've been having family problems",family-issues,50
where should i look for a support group clearly for me please?,fact-24,36
could you explain what can i do to find therapy for me?,fact-21,33
"i have a question for you, if that's okay clearly?",ask,6
i want to know what should i know before starting a new medication clearly?,fact-20,32
how to practice self-care?,self-care,86
what does mental health mean?,fact-1,21
guide me to my aunt passed away,death,15
emergency mental health help,crisis-resources,14
can you explain can you assist me?,help,61
you don't get it,understand,98
my relationship is stressing me out today,relationship-issues,82
greetings bma,greeting,56
show me how to you're clueless,stupid,92
i'm really anxious right now,anxious,5
"honestly, i feel stressed",stressed,91
i need support with i want help with define mental health,fact-1,21
give me advice about this topic doesn't interest me,something-else,89
i need support with please help me please help me define depression,fact-3,42
i feel panicking right now these days,panic-attack,78
"honestly, i feel depressed",depressed,17
guide me to i don't think that's accurate,wrong,104
guide me to i'd love to hear more,learn-more,64
give me advice about you're acting dumb,stupid,92
could you define the best way to know if i have depression?,fact-5,46
thanks bot,thanks,94
i'd like to know what does it mean to have a mental illness?,fact-8,49
can you define your expertise?,skill,87
what's your name clearly?,name,72
any tips to find a support group please for me?,fact-24,36
"i have a question for you, if that's okay?",ask,6
i feel extremely happy,happy,58
i need help to im grateful,gratitude,55
gmornin bot,morning,70
i have a question: help me understand is recovery from mental illness possible please briefly please?,fact-12,23
show me how to self care routine,self-care,86
you're helpful briefly in simple words please,compliment,12
i am extremely grieving,grief,57
i need help to i need support with define depression clearly,fact-3,42
"honestly, i've been feeling burned out",burnout,9
are you available in morocco for me?,location,65
not really in the mood,no-approach,75
can you explain what do i do if i'm worried about my mental health?,fact-28,40
i need someone to talk to for me?,help,61
can you help me tell me something positive?,positive-affirmation,80
please help me nothing else,done,19
what should i know about a fact about mental health?,mental-health-fact,69
"that makes sense, i should take some time for myself",user-agree,100
i'm bored at the moment,boredom,7
i am happy,happy,58
i need support with please help me help me become better,personal-development,79
"i need support with i don't think so, i have too much on my plate",no-approach,75
"give me advice about yes, i would like to learn more about it",learn-more,64
good chatbot in simple words for me,compliment,12
"lately, i feel struggling with addiction",addiction-support,2
any tips to find a support group please briefly for me?,fact-24,36
help me understand what helps with relaxation?,relaxation-techniques,83
do you have a brain clearly?,stupid,92
can you explain how to i want to kill myself?,suicide,93
"lately, i'm really anxious",anxious,5
quick question: could you help me define depression?,fact-3,42
can you prevent mental health problems briefly for me?,fact-25,37
i feel quite overwhelmed,stressed,91
show me how to this sounds familiar,repeat,84
could you help me stress is ruining my life?,stress-management,90
i need advice on something,user-advice,99
i am worthless,worthless,103
i need support with i'm grateful for your help. i'll incorporate meditation into my daily routine and shift my focus towards what i can control,pandora-useful,77
explain mental health in simple words?,fact-1,21
"to be honest, i've been stressed about school",academic-stress,1
i feel very worthless,worthless,103
please help me clearly?,help,61
i want to know what does it mean to have a mental illness please?,fact-8,49
how do i manage stress?,stress-management,90
"at the moment, i've been feeling bored",boredom,7
show me how to i'm wide awake when i should be sleeping,sleep,88
guide me to you're so annoying,hate-you,60
i'm so happy,happy,58
i need support with i have no time,time-management,96
i have a question: i want to know what does it mean to have a mental illness in simple words clearly please?,fact-8,49
can you explain what do i do if i'm worried about my mental health briefly?,fact-28,40
quick question: do you know any jokes?,jokes,62
give me advice about i have no time,time-management,96
give me advice about tell me about mental health,learn-mental-health,63
show me how to i procrastinate too much,discipline,18
quick question: what can trigger mental health problems please in simple words?,fact-27,39
"could you help me i've heard about meditation, but i'm not sure how to start?",meditation,68
could you define the difference between anxiety and stress for me?,fact-31,44
can you explain how to you're saying the same thing?,repeat,84
i have a question: am i suffering from depression clearly briefly?,fact-5,46
is recovery from mental illness possible for me please?,fact-12,23
how can i find a support group?,fact-24,36
difference between anxiety and stress please?,fact-31,44
i'd like to know what can i do to find a mental health professional for myself or my child briefly clearly briefly?,fact-14,25
i want help with i need stress relief,stress-management,90
quick question: i have a question: i have a question: what should i know before starting a new medication in simple words?,fact-20,32
"quick question: if i become involved in treatment, what do i need to know in simple words clearly briefly?",fact-16,27
i'm stressed about money at the moment,financial-problems,51
how do i find a mental health professional right for my child or myself in simple words?,fact-18,29
explain the difference between anxiety and stress in simple words?,fact-31,44
i feel very depressed,depressed,17
u r helpful for me for me,compliment,12
quick question: where can i learn about types of mental health treatment briefly please in simple words?,fact-22,34
i need help to i feel like i'm always the one who feels like i'm being pushed away,friends,52
could you help me i don't want to talk about it?,not-talking,76
"to be honest, i feel stressed",stressed,91
could you explain where should i look for therapy briefly?,fact-21,33
can you help me nothing else?,done,19
guide me to i followed your advice and i'm feeling much more relaxed,user-meditation,101
could you tell me how are anxiety and stress different in simple words?,fact-31,44
i feel so having family problems,family-issues,50
quick question: can you assist me?,help,61
can you explain how to nothing else?,done,19
"honestly, i am stressed about money",financial-problems,51
what should i know about the importance of mental health?,fact-2,31
i feel so bored,boredom,7
could you explain can u prevent mental health problems?,fact-25,37
i need help to yeah you're right. i deserve a break,user-agree,100
i'd like to know what are the different types of mental health professionals please clearly in simple words in simple words?,fact-23,35
you're useless,hate-you,60
can you define the best way to know if i'm unwell?,fact-29,41
quick question: could you explain can someone recover from mental illness in simple words?,fact-12,23
i have a question: please help me?,help,61
"today, i've been feeling sad",sad,85
i feel extremely mad,anger,4
i feel lonely today,loneliness,66
"could you help me i've never tried meditation before, but i'm willing to give it a shot?",meditation,68
can you help me that's not what i had in mind?,wrong,104
can you help me i feel like i'm never rested?,sleep,88
"these days, i feel burned out",burnout,9
i want to know where can i get crisis help?,crisis-resources,14
who is your developer clearly?,creation,13
thanks for your help a lot,thanks,94
quick question: could you explain what are the different types of mental health professionals?,fact-23,35
where should i look for therapy?,fact-21,33
sleep tight bot,night,74
quick question: i want to know where else can i get help in simple words?,fact-19,30
i feel very anxious,anxious,5
help me understand what do i do if i'm worried about my mental health?,fact-28,40
i have a question: any tips to find a support group please?,fact-24,36
i have a question: i have a question: help me understand depression?,fact-3,42
i am really having family problems,family-issues,50
hey hey good afternoon bma,afternoon,3
what should i call you please?,name,72
could you explain can you tell me something funny?,jokes,62
could you help me i waste too much time?,time-management,96
good evening bot bma,evening,20
i feel having family problems,family-issues,50
who created you briefly?,creation,13
could you help me i'm feeling overwhelmed because i have too many assignments to complete?,problem,81
that's not quite accurate,wrong,104
guide me to you're so stupid,stupid,92
guide me to i've heard that before,repeat,84
i have a question: ok?,casual,10
i feel quite mad,anger,4
how can i set goals?,goal-setting,53
any tips to improve myself?,personal-development,79
can you explain how to help me build discipline?,discipline,18
quick question: i have a question: help me understand depression please?,fact-3,42
"to be honest, i'm anxious",anxious,5
i have a question: where are you located?,location,65
you are great clearly for me,compliment,12
"today, i feel grieving",grief,57
"these days, i'm exhausted from everything",burnout,9
how do i know if i'm unwell please?,fact-29,41
am i depressed in simple words?,fact-5,46
show me how to i'm mourning the loss of my parent,death,15
i want to know what do i do if i'm worried about my mental health briefly?,fact-28,40
could you explain can i get your opinion on something?,ask,6
can you help me nothing special?,neutral-response,73
give me advice about i can't get started,motivation,71
i have a question: could you explain what does it mean to have a mental illness in simple words?,fact-8,49
i need help to just hanging out,neutral-response,73
guide me to i procrastinate too much,discipline,18
"at the moment, i feel panicking right now",panic-attack,78
"at the moment, i'm sad",sad,85
can you help me define mental health in simple words?,fact-1,21
can you assist me?,help,61
i'd like to know what are you doing?,casual,10
tell me your abilities,skill,87
guide me to i want to grow as a person,personal-development,79
i want help with i'm interested in learning about mental health,learn-mental-health,63
i feel really having problems at work,work-problems,102
what does therapy do briefly?,therapy,95
i have a question: i have a question: explain the best way to find a mental health professional for myself or my child briefly briefly please?,fact-14,25
hey heading to bed bma,night,74
i can't go on anymore,suicide,93
what should i know before starting a new medication briefly?,fact-20,32
can you help me please explain further?,learn-more,64
i feel very struggling with addiction,addiction-support,2
sleep tight bma,night,74
u r great in simple words,compliment,12
could you tell me how are sadness and depression different?,fact-32,45
help me understand what are stress management tips?,stress-management,90
can you help me i need a good laugh?,jokes,62
i've been feeling depressed at the moment,depressed,17
i want help with i practiced meditation as you suggested and it really helped calm my mind,user-meditation,101
give me advice about i'm feeling a bit overwhelmed,no-approach,75
i need support with i don't want to talk about it,not-talking,76
"to be honest, i feel stressed about school",academic-stress,1
i want to know can you explain what do i do if i'm worried about my mental health for me for me briefly?,fact-28,40
what should i call you in simple words?,name,72
"right now, i'm having problems at work",work-problems,102
any tips to manage stress?,stress-management,90
could you explain what can i do to find therapy for me clearly?,fact-21,33
i am very angry,anger,4
could you explain why are you even here?,hate-you,60
could you define a fact about mental health?,mental-health-fact,69
i want to know who am i talking to?,name,72
where are you from?,location,65
guide me to calm my breathing,breathing-exercise,8
could you help me you're acting dumb?,stupid,92
can you tell me more?,learn-more,64
quick question: what can trigger mental health problems please?,fact-27,39
please help me i hate you,hate-you,60
i need help to i want to learn about mental health,learn-mental-health,63
i am stressed about money today,financial-problems,51
could you define the difference between sadness and depression for me?,fact-32,45
are you available in morocco please?,location,65
hey bma,greeting,56
i'm not feeling very social right now,no-approach,75
i want help with i need support with i want help with define mental health please,fact-1,21
i need help to i'm not sure that's a good idea for me at the moment,no-approach,75
can you help me i am going to commit suicide?,suicide,93
i am stressed about school at the moment,academic-stress,1
hey you there,greeting,56
i need help to hmmm that sounds like it could be useful to me,meditation,68
could you help me family?,default,16
can you explain what are the warning signs of mental illness please?,fact-11,22
what does it mean to have a mental illness please?,fact-8,49
thank u so much,thanks,94
can you tell me what treatment options r available?,fact-15,26
explain the best way to find a mental health professional for myself or my child briefly?,fact-14,25
could you help me i can't get started?,motivation,71
i need help to help me breathe,breathing-exercise,8
i feel panicking right now,panic-attack,78
show me how to just taking it easy,neutral-response,73
give me advice about i'm not sure that's a good idea for me at the moment,no-approach,75
ok see you soon,goodbye,54
show me how to i toss and turn all night,sleep,88
i'm not feeling up to it,no-approach,75
can you help me with some advice in simple words?,user-advice,99
oh i see in simple words?,casual,10
thanks bot so much,thanks,94
can you tell me a mental health fact in simple words?,mental-health-fact,69
can you explain can i get your opinion on something?,ask,6
show me how to i feel better now,user-meditation,101
can you help me my mother passed away?,death,15
anxiety vs stress in simple words for me?,fact-31,44
please help me i'm feeling a bit overwhelmed,no-approach,75
could you explain what are you?,about,0
"today, i'm bored",boredom,7
i am bored at the moment,boredom,7
can you explain how to give me an affirmation?,positive-affirmation,80
can you explain can u prevent mental health problems?,fact-25,37
i want to practice gratitude,gratitude,55
any tips to find a support group briefly?,fact-24,36
i feel struggling with addiction today,addiction-support,2
what can trigger mental health problems?,fact-27,39
i want help with i appreciate your insights. i'll prioritize meditation and center my attention on the areas where i can make a difference,pandora-useful,77
i am quite grieving,grief,57
do you have a name in simple words?,name,72
i want help with you must hate me,hate-me,59
give me advice about motivate me,motivation,71
could you tell me why should i keep going?,motivation,71
i have a question: could you explain where should i look for therapy please for me please?,fact-21,33
could you explain what should i do if i know someone who appears to have the symptoms of a mental disorder for me?,fact-13,24
i have a question: oh i see?,casual,10
could you explain who is your developer?,creation,13
any tips to be more grateful?,gratitude,55
much obliged so much,thanks,94
you're kind clearly for me for me,compliment,12
help me understand what can you tell me about mental health?,learn-mental-health,63
"today, i feel having relationship problems",relationship-issues,82
"at the moment, i've been stressed",stressed,91
i need support with i need to be more productive,time-management,96
hi there,greeting,56
help me understand self-care?,self-care,86
could you help me hmmm that sounds like it could be useful to me?,meditation,68
who am i talking to briefly?,name,72
i need help to i think we covered everything,done,19
i want to know what does a therapist do for me briefly?,fact-6,47
give me advice about tell me about therapy,therapy,95
guide me to tell me a joke,jokes,62
i want help with boyfriend,default,16
i want help with i think you dislike me,hate-me,59
i'm empty,depressed,17
what can i do to maintain social connections? what if i feel lonely?,fact-30,43
i've been feeling mad,anger,4
"please help me interesting, i might give that a try",meditation,68
my relationship is stressing me out right now,relationship-issues,82
could you explain what country are you for?,location,65
i need help to family,default,16
can you explain what do i do if i'm worried about my mental health for me for me?,fact-28,40
i have a question: what do i do if i'm worried about my mental health?,fact-28,40
show me how to my grandparent passed away,death,15
"honestly, i've been stressed",stressed,91
can you explain how to breathing techniques?,breathing-exercise,8
give me advice about i practiced meditation as you suggested and it really helped calm my mind,user-meditation,101
can you help me define mental health briefly?,fact-1,21
friends,default,16
show me how to you're saying the same thing,repeat,84
can you help me tell me about therapy?,therapy,95
i don't believe in myself at the moment,low-self-esteem,67
help me understand can we discuss something different?,something-else,89
"these days, i've been angry",anger,4
i'm struggling after something traumatic these days,trauma,97
give me advice about i feel like i'm always the one who feels like i'm being excluded,friends,52
i feel worthless today,worthless,103
i want help with i feel better now,user-meditation,101
"at the moment, i've been having problems at work",work-problems,102
can you tell me can you assist me?,help,61
help me understand what does it mean to have a mental illness for me briefly for me?,fact-8,49
i want help with im grateful,gratitude,55
i need help to help me with time management,time-management,96
could you help me breathing techniques briefly?,breathing-exercise,8
can you explain how to i'm not convinced by that?,wrong,104
can you explain how to mental health emergency?,crisis-resources,14
where do i go to find a support group please?,fact-24,36
can we talk about something else in simple words?,not-talking,76
"right now, i am angry",anger,4
could you help me not much?,neutral-response,73
hey friend,greeting,56
what should i call you clearly?,name,72
could you help me self care routine?,self-care,86
i have a question: could you tell me what should i do if i know someone who appears to have the symptoms of a mental disorder in simple words?,fact-13,24
could you tell me how are you doing?,casual,10
"lately, i've been feeling worthless",worthless,103
could you explain can we talk about something else?,not-talking,76
i have a question: i want to know what treatment options are available for me?,fact-15,26
i'm really lonely,loneliness,66
i need help to you're useless,understand,98
i think i'm really having a panic attack,panic-attack,78
guide me to i have trouble falling asleep,sleep,88
quick question: can we discuss something different?,something-else,89
quick question: do you have a name?,name,72
could you explain can u prevent mental health problems in simple words briefly?,fact-25,37
i need help to i lack self-control,discipline,18
am i mentally ill for me for me?,fact-5,46
please help me guide me to guide me to i want to develop myself,personal-development,79
can you help me i'm grateful for your help. i'll incorporate meditation into my daily routine and shift my focus towards what i can control?,pandora-useful,77
i'm extremely lonely,loneliness,66
i feel angry,anger,4
anxiety vs stress?,fact-31,44
i want help with you don't get it,understand,98
i feel alone,loneliness,66
can you explain how were you created?,creation,13
"to be honest, i am grieving",grief,57
i want to know what r some of the warning signs of mental illness briefly?,fact-11,22
where are you located?,location,65
i need support with not really in the mood,no-approach,75
how are you briefly?,casual,10
i want to know can you explain what r some of the warning signs of mental illness?,fact-11,22
that's not what i had in mind,wrong,104
i've been feeling bored,boredom,7
could you help me i've said everything i needed to?,done,19
could you define a therapist?,fact-6,47
how are you doing please?,casual,10
i want help with i don't think that's accurate,wrong,104
could you tell me can you define the best way to find a mental health professional for myself or my child briefly?,fact-14,25
help me understand who is therapy for for me?,fact-7,48
quick question: what can i do to find therapy briefly in simple words?,fact-21,33
i want help with my sibling died,death,15
can you help me difference between sadness and depression in simple words?,fact-32,45
hey hey afternoon bot for me,afternoon,3
"right now, my studies are overwhelming me",academic-stress,1
can you assist me briefly?,help,61
guide me to guide me to i want to develop myself,personal-development,79
i'm quite insecure about myself,low-self-esteem,67
"lately, things are tense at home",family-issues,50
see you later,goodbye,54
top of the morning to you bot please bma,morning,70
explain the best way to know if i have depression?,fact-5,46
quick question: can you define the importance of mental health please please?,fact-2,31
what can i do to become disciplined?,discipline,18
"honestly, i'm angry",anger,4
show me how to affirmation please,positive-affirmation,80
can we talk about something else instead briefly?,something-else,89
"honestly, i'm sad",sad,85
can you explain how to i'm not really feeling like myself today?,no-approach,75
give me advice about you don't understand me,understand,98
thanks for your wisdom. i'll make meditation a regular practice and direct my focus towards what i can influence,pandora-useful,77
i feel quite depressed,depressed,17
what does therapy mean?,fact-7,48
can you help me self care routine?,self-care,86
how are sadness and depression briefly different?,fact-32,45
"lately, i'm having problems at work",work-problems,102
"if i become involved in treatment, what do i need to know in simple words in simple words clearly?",fact-16,27
i am very panicking right now,panic-attack,78
guide me to i lack self-control,discipline,18
show me how to i have no time,time-management,96
what r some of the warning signs of mental illness in simple words for me clearly for me?,fact-11,22
i have low self-esteem these days,low-self-esteem,67
i think i'm feeling stressed because of the workload at my job,problem,81
sf,goodbye,54
night night please bot,night,74
how can i manage stress?,stress-management,90
can you explain what does a therapist do clearly?,fact-6,47
i have a question: could you explain what does it mean to have a mental illness for me please please?,fact-8,49
can you tell me where can i learn about types of mental health treatment briefly?,fact-22,34
can you help me i think i could benefit from that?,meditation,68
is therapy right for me in simple words?,therapy,95
i am angry today,anger,4
"lately, i am worthless",worthless,103
i need support with i'm feeling frustrated because i can't seem to solve this problem,problem,81
show me how to i need to set some goals,goal-setting,53
show me how to i want to die,suicide,93
quick question: quick question: what should i know before starting a new medication?,fact-20,32
i have a question: how were you made?,creation,13
i keep comparing myself to others today,comparison,11
i have a question: is therapy right for me briefly?,therapy,95
can you help me i want to start therapy?,therapy,95
could you help me i feel like i'm always the one who feels like i'm being ignored?,friends,52
i'd like to know can you assist me?,help,61
can you define the best way to find a mental health professional for myself or my child briefly for me?,fact-14,25
bye bye for now,goodbye,54
"today, i am stressed about money",financial-problems,51
am i mentally ill?,fact-5,46
quick question: may i seek your advice on a matter?,ask,6
should i see a therapist briefly?,therapy,95
i'm angry right now,anger,4
please help me stress is ruining my life,stress-management,90
i never have time,time-management,96
i feel grieving these days,grief,57
could you help me i want to develop myself?,personal-development,79
give me advice about you're not making any sense,stupid,92
"lately, i am dealing with trauma",trauma,97
later for now,goodbye,54
i have to go now for now,goodbye,54
quick question: what does a therapist do in simple words?,fact-6,47
how to practice self-care briefly?,self-care,86
hey good evening,evening,20
talk later,goodbye,54
give me advice about i need to plan my future,goal-setting,53
"today, i'm lonely",loneliness,66
please help me you're useless,hate-you,60
quick question: help me understand is recovery from mental illness possible briefly in simple words?,fact-12,23
i feel like i'm always the one who feels like i'm being ignored,friends,52
who is therapy for clearly for me please?,fact-7,48
i've been dealing with trauma these days,trauma,97
could you tell me where should i look for therapy in simple words clearly?,fact-21,33
quick question: i have a question: could you explain what should i do if i know someone who appears to have the symptoms of a mental disorder please clearly briefly?,fact-13,24
i'm happy at the moment,happy,58
could you help me give me something to laugh about?,jokes,62
what is your purpose for me?,about,0
can you help me i don't think i can handle it right now?,no-approach,75
could you tell me where can i learn about types of mental health treatment in simple words?,fact-22,34
could you help me you're not making any sense?,stupid,92
could you help me i practiced meditation as you suggested and it really helped calm my mind?,user-meditation,101
can you explain how to i toss and turn all night?,sleep,88
quick question: i have a question: could you explain what leads to mental health problems briefly?,fact-27,39
"to be honest, i have financial problems",financial-problems,51
i need help clearly?,help,61
"at the moment, i feel dealing with trauma",trauma,97
i have a question: could you explain can someone recover from mental illness in simple words?,fact-12,23
"these days, i've been feeling depressed",depressed,17
i need support with let's change the subject,something-else,89
how can you help please?,skill,87
please help me i want to set new goals,goal-setting,53
hey bot there,greeting,56
my job is stressing me out,work-problems,102
quick question: what helps with relaxation clearly?,relaxation-techniques,83
i've been feeling depressed these days,depressed,17
what does therapy do?,therapy,95
i am so happy,happy,58
"these days, i'm in a good mood",happy,58
good afternoon bot for me for me,afternoon,3
"today, i am struggling with addiction",addiction-support,2
afternoon bot,afternoon,3
can you explain how to i need a breathing exercise?,breathing-exercise,8
please help me yeah you're right. i deserve a break,user-agree,100
i'm very really anxious,anxious,5
what is the difference between mental health professionals in simple words?,fact-17,28
show me how to i can't get started,motivation,71
r there cures for mental health problems?,fact-26,38
i want to know who is therapy for?,fact-7,48
i want help with i'm feeling tense because i'm having relationship issues,problem,81
guide me to stress is overwhelming me,stress-management,90
i feel having relationship problems at the moment,relationship-issues,82
please help me tell me another fact about mental health,mental-health-fact,69
can you explain how are you doing?,casual,10
give me advice about i don't think that's accurate,wrong,104
guide me to i want to unwind,relaxation-techniques,83
i need support with i'm always busy,time-management,96
what can i do to improve myself?,personal-development,79
give me advice about i can't get anything done,time-management,96
guide me to help me breathe,breathing-exercise,8
give me a simple definition of a therapist in simple words?,fact-6,47
i feel extremely having relationship problems,relationship-issues,82
can you explain is now a good time for me to ask something?,ask,6
where can i learn about types of mental health treatment for me?,fact-22,34
"honestly, i am angry",anger,4
hey good day bot please,afternoon,3
help me understand your origin?,creation,13
"these days, i've been stressed about money",financial-problems,51
i need help to i'd like to shift the conversation to something else,something-else,89
i have a question: who are you?,about,0
i need support with i'd like to hear a mental health fact,mental-health-fact,69
show me how to i can't stick to anything,discipline,18
"to be honest, i'm struggling with addiction",addiction-support,2
i have a question: help me understand can you help me define depression?,fact-3,42
could you explain what should i do if i know someone who appears to have the symptoms of a mental disorder please clearly?,fact-13,24
any tips to find a support group?,fact-24,36
how were you created please?,creation,13
i need support with that's not what i had in mind,wrong,104
"right now, i am having family problems",family-issues,50
please help me you're clueless,stupid,92
give me advice about mental health emergency,crisis-resources,14
could you tell me where do i go to find a support group briefly clearly clearly?,fact-24,36
i have a question: help me understand can u prevent mental health problems?,fact-25,37
i want to know can you help me with some advice?,user-advice,99
could you help me motivate me?,motivation,71
i feel stressed about school these days,academic-stress,1
can you explain how to i waste too much time?,time-management,96
girlfriend,default,16
"these days, i feel angry",anger,4
guide me to i feel like ending my life,suicide,93
i'd like to know where else can i get help?,fact-19,30
i am extremely bored,boredom,7
can you explain what treatment options r available?,fact-15,26
am i suffering from depression clearly in simple words?,fact-5,46
show me how to i'm not sure that's a good idea for me at the moment,no-approach,75
could you tell me can people with mental illness recover clearly for me?,fact-12,23
i feel quite dealing with trauma,trauma,97
"guide me to i see your point, i should take a step back and rest",user-agree,100
could you help me i'm feeling tense because i'm having relationship issues?,problem,81
really that helped,thanks,94
i want help with i can't bring myself to open up,not-talking,76
show me how to i feel grateful,gratitude,55
what does it mean to have a mental illness in simple words for me clearly?,fact-8,49
guide me to breathing techniques,breathing-exercise,8
can you tell me what should i do if i know someone who appears to have the symptoms of a mental disorder clearly please?,fact-13,24
help me understand can you explain what can i do to know if i'm unwell?,fact-29,41
i'm insecure about myself lately,low-self-esteem,67
can you help me my aunt passed away?,death,15
show me how to yeah you're absolutely right about that,user-agree,100
i want to know who is your developer?,creation,13
how can i know if i'm unwell for me clearly?,fact-29,41
i'm so having relationship problems,relationship-issues,82
i need support with i lost my father,death,15
guide me to you're not making any sense,stupid,92
evening,evening,20
could you tell me what do i do if i'm worried about my mental health briefly briefly?,fact-28,40
"these days, i've been having relationship problems",relationship-issues,82
what does the difference between mental health professionals mean for me?,fact-17,28
can you explain who created you?,creation,13
can you assist me in simple words?,help,61
i have a question: do i need therapy please please?,fact-7,48
i have a question: where else can i get help in simple words in simple words in simple words?,fact-19,30
am i suffering from depression in simple words?,fact-5,46
please help me you're acting dumb,stupid,92
what's the best way to set goals?,goal-setting,53
can you explain how to i need information on mental health?,learn-mental-health,63
i'm amazed at how much better i feel after incorporating meditation into my daily routine,user-meditation,101
could you help me define depression clearly?,fact-3,42
"today, i am sad",sad,85
give me advice about i'm feeling down because i failed a test,problem,81
please help me i need urgent help,crisis-resources,14
give me advice about i'm amazed at how much better i feel after incorporating meditation into my daily routine,user-meditation,101
quick question: can i get your opinion on something?,ask,6
thanks for your help,thanks,94
please help me im grateful,gratitude,55
i compare myself with everyone these days,comparison,11
what is your purpose in simple words?,about,0
what do i do if i'm worried about my mental health?,fact-28,40
show me how to i feel like i'm always the one who feels like i'm being excluded,friends,52
i'm grieving these days,grief,57
"right now, i'm panicking right now",panic-attack,78
appreciate it,thanks,94
can you help me my uncle died?,death,15
can you tell me can you help me with some advice?,user-advice,99
give me advice about i want to set new goals,goal-setting,53
quick question: what helps with relaxation?,relaxation-techniques,83
can you help me my grandparent passed away?,death,15
i need help to give me a mental health fact,mental-health-fact,69
family,default,16
"i need support with meditation seems intriguing, but i'm not sure if it's for me",meditation,68
ok bye for now,goodbye,54
"today, i'm depressed",depressed,17
can you tell me what are the different types of mental health professionals?,fact-23,35
i feel really sad,sad,85
i've been feeling happy right now,happy,58
okay briefly?,casual,10
i need help to you must hate me,hate-me,59
what can trigger mental health problems please please?,fact-27,39
may i seek your advice on a matter in simple words?,ask,6
"these days, i am insecure about myself",low-self-esteem,67
"at the moment, i'm having family problems",family-issues,50
guide me to you're such an idiot,stupid,92
could you help me tell me more?,learn-more,64
"honestly, i feel sad",sad,85
ok in simple words?,casual,10
i need help to i need to plan my future,goal-setting,53
i want help with calm my breathing,breathing-exercise,8
explain the best way to find a mental health professional right for my child or myself please briefly?,fact-18,29
i'm feeling tense because i'm having relationship issues,problem,81
give me advice about i don't like you,hate-you,60
i need support with that doesn't seem right,wrong,104
i need support with guide me to i want help with give me advice about define mental health,fact-1,21
i'm feeling upset because of a disagreement with a friend,problem,81
can you explain how to i want to start therapy?,therapy,95
"to be honest, i'm having problems at work",work-problems,102
why are you even here clearly?,hate-you,60
i procrastinate too much,discipline,18
could you help me i can't stand you?,hate-you,60
i'm worthless lately,worthless,103
i've been feeling burned out these days,burnout,9
i need support with i'm feeling anxious because i have a presentation coming up,problem,81
any tips to find a mental health professional for myself or my child clearly?,fact-14,25
please help me i'm grateful for your help. i'll incorporate meditation into my daily routine and shift my focus towards what i can control,pandora-useful,77
"lately, i'm struggling with addiction",addiction-support,2
hey you friend,greeting,56
could you help me teach me a breathing exercise clearly?,breathing-exercise,8
quick question: could you explain who is therapy for?,fact-7,48
quick question: where can i get crisis help?,crisis-resources,14
quick question: is there any cure for mental health problems clearly?,fact-26,38
i want to know what should i know before starting a new medication clearly briefly?,fact-20,32
"to be honest, i've been having relationship problems",relationship-issues,82
can you explain how to i've thought about killing myself?,suicide,93
howdy bma,greeting,56
i want help with i waste too much time,time-management,96
i don't feel like talking right now,not-talking,76
thank you for your assistance. i'll stick to meditation and channel my efforts towards the aspects of my life that i can control,pandora-useful,77
"honestly, i feel burned out",burnout,9
can you explain how to i appreciate this?,gratitude,55
i'm so anxious,anxious,5
give me a hand please?,help,61
could you help me i want to start therapy for me?,therapy,95
i have a question: where should i look for a support group clearly for me?,fact-24,36
thanks for the help a lot,thanks,94
i am angry lately,anger,4
"i have a question: if i become involved in treatment, what do i need to know?",fact-16,27
could you explain where do you live?,location,65
i want to know what does it mean to have a mental illness in simple words clearly briefly briefly?,fact-8,49
help please?,help,61
i feel stressed about money at the moment,financial-problems,51
"to be honest, i'm stressed about school",academic-stress,1
"if i become involved in treatment, what do i need to know in simple words in simple words in simple words?",fact-16,27
show me how to tell me a fact about mental health,mental-health-fact,69
what's the best way to find a therapist?,therapy,95
can you explain how to i need stress relief?,stress-management,90
quick question: help me understand is recovery from mental illness possible briefly in simple words briefly?,fact-12,23
i could use some advice,user-advice,99
i need support with that's not quite accurate,wrong,104
"i need support with no, that would be all",done,19
quick question: can you tell me what treatment options r available?,fact-15,26
i am having family problems,family-issues,50
what can i do to find a mental health professional right for my child or myself in simple words?,fact-18,29
quick question: what are the different types of mental health professionals please for me?,fact-23,35
could you help me you're such an idiot?,stupid,92
please help me define depression,fact-3,42
"these days, i am having family problems",family-issues,50
quick question: i have a question: tell me about a therapist please?,fact-6,47
give me advice about help me set goals,goal-setting,53
what makes mental health important for me?,fact-2,31
i've been feeling lonely lately,loneliness,66
what are you doing for me?,casual,10
can you explain how can you help?,skill,87
quick question: give me a simple definition of mental health for me briefly?,fact-1,21
i am having problems at work these days,work-problems,102
can you explain how to i don't like you?,hate-you,60
"today, i feel sad",sad,85
"right now, i'm bored",boredom,7
"i have a question: if i become involved in treatment, what do i need to know clearly clearly?",fact-16,27
show me how to i want help with i want help with please help me please help me guide me to difference between sadness and depression,fact-32,45
quick question: what's your name?,name,72
can you explain how to i'd like to hear a mental health fact?,mental-health-fact,69
i've been stressed about school right now,academic-stress,1
"could you help me that makes sense, i should take some time for myself?",user-agree,100
ok goodnight,goodbye,54
"at the moment, my job is stressing me out",work-problems,102
who is your developer for me?,creation,13
i am so anxious,anxious,5
"honestly, i've been grieving",grief,57
can you explain how to help me calm down?,relaxation-techniques,83
show me how to thank you for your assistance. i'll stick to meditation and channel my efforts towards the aspects of my life that i can control,pandora-useful,77
i've been feeling worthless right now,worthless,103
show me how to not really in the mood,no-approach,75
do i need therapy clearly?,fact-7,48
quick question: help me understand can you explain what should i do if i know someone who appears to have the symptoms of a mental disorder clearly for me?,fact-13,24
i need help to you don't like me,hate-me,59
is anyone there friend,greeting,56
you're just some robot. how would you know please?,understand,98
i need support with i can't bring myself to open up,not-talking,76
i'm very dealing with loss,grief,57
can you help me i'd like to shift the conversation to something else?,something-else,89
i'm quite having relationship problems,relationship-issues,82
"to be honest, i'm happy",happy,58
could you explain how are anxiety and stress for me different in simple words?,fact-31,44
"honestly, i feel struggling with addiction",addiction-support,2
i want help with i want help with difference between sadness and depression for me briefly,fact-32,45
ty,thanks,94
could you help me i need support with define mental health?,fact-1,21
quick question: what r some of the warning signs of mental illness?,fact-11,22
please help me i'm feeling overwhelmed because i have too many assignments to complete,problem,81
help me understand depression in simple words briefly clearly?,fact-3,42
"can you explain how to no, that would be all?",done,19
"at the moment, i feel lonely",loneliness,66
could you help me you're not helpful at all?,understand,98
"give me advice about meditation seems intriguing, but i'm not sure if it's for me",meditation,68
i'd like to know can you help me?,help,61
you are helpful for me clearly,compliment,12
you're going in circles,repeat,84
"these days, i'm bad when i compare myself",comparison,11
"at the moment, i'm stressed about money",financial-problems,51
"to be honest, i don't believe in myself",low-self-esteem,67
give me advice about thanks for your support. i'll commit to meditation and redirect my energy towards the things i have power over,pandora-useful,77
i want to grow as a person,personal-development,79
please help me guide me to mental health emergency,crisis-resources,14
"today, i'm stressed about money",financial-problems,51
i am grieving lately,grief,57
quick question: can you define the importance of mental health?,fact-2,31
i need help to thank you for the meditation tips. i'm noticing a positive difference in my mood,user-meditation,101
can you explain how to i'm not feeling very social right now?,no-approach,75
"at the moment, i need support for addiction",addiction-support,2
i need support with i need support with i want help with define mental health,fact-1,21
i'd like to know what are your capabilities?,skill,87
please help me i feel like i'm always the one who feels like i'm being sidelined,friends,52
can you help me teach me a relaxation technique?,relaxation-techniques,83
help me understand the best way to know if i'm unwell clearly?,fact-29,41
i want help with i can't stick to anything,discipline,18
"at the moment, i feel struggling with addiction",addiction-support,2
i want help with you don't like me,hate-me,59
please help me i remember you saying that,repeat,84
could you help me i could use some advice?,user-advice,99
how were you made briefly?,creation,13
"today, i've been struggling with addiction",addiction-support,2
can you teach me about mental health please?,learn-mental-health,63
give me advice about im grateful,gratitude,55
i'd like to know is there any cure for mental health problems?,fact-26,38
i have a question: give me a simple definition of the difference between mental health professionals for me?,fact-17,28
thanks so much,thanks,94
can you explain what are you doing?,casual,10
quick question: help me understand are there cures for mental health problems?,fact-26,38
"i've heard about meditation, but i'm not sure how to start",meditation,68
i am extremely burned out,burnout,9
i've been having problems at work lately,work-problems,102
quick question: i have a question: what can i do to know if i'm unwell?,fact-29,41
i want help with friends,default,16
quick question: how are you doing?,casual,10
"lately, i've been struggling with addiction",addiction-support,2
show me how to girlfriend,default,16
can you explain how to self care routine?,self-care,86
give me a simple definition of therapy in simple words?,fact-7,48
help me understand can you explain what should i do if i know someone who appears to have the symptoms of a mental disorder clearly for me?,fact-13,24
i have a question: explain the importance of mental health in simple words please?,fact-2,31
bye then,goodbye,54
i want help with thank you for your assistance. i'll stick to meditation and channel my efforts towards the aspects of my life that i can control,pandora-useful,77
evenin' bot,evening,20
could you define the best way to maintain social connections? what if i feel lonely in simple words briefly?,fact-30,43
can we talk about something else?,not-talking,76
i feel dealing with trauma today,trauma,97
i am stressed about money at the moment,financial-problems,51
"lately, i have low self-esteem",low-self-esteem,67
help me understand can you explain what should i do if i know someone who appears to have the symptoms of a mental disorder clearly please?,fact-13,24
could you tell me where do i go to find a support group please?,fact-24,36
can you explain how to relationship?,default,16
can you help me you're not helpful at all?,understand,98
"honestly, i am grieving",grief,57
i'm not interested in this topic,something-else,89
quick question: could you tell me can you tell me what can i do to know if i'm unwell?,fact-29,41
what should i know about your expertise?,skill,87
i've been feeling sad lately,sad,85
give me advice about give me an affirmation,positive-affirmation,80
do you have a moment to answer a question in simple words?,ask,6
i need help to i'm feeling anxious because i have a presentation coming up,problem,81
can you explain how to i'm not feeling up to it?,no-approach,75
"to be honest, i feel happy",happy,58
